:020000040800F2
:100000000032012031030008ED9200084966000823
:10001000E9920008EF1800081DD600080000000053
:100020000000000000000000000000007102000855
:100030004D24000800000000CD020008F9A10008CE
:100040004B0300084B0300084B0300084B03000858
:100050004B0300084B0300084B0300084B03000848
:100060004B0300084F240008592400084B030008E4
:10007000252000084B0300084B0300084B03000831
:100080004B0300084B0300084B0300080519000848
:10009000F51800084B0300084B0300086324000810
:1000A0004B0300084B0300084B0300084B030008F8
:1000B000F5A200084B0300084B0300084B0300089F
:1000C0004B0300084B0300084B0300084B030008D8
:1000D0004B030008F1AC00084B03000899AD000881
:1000E0004B0300084B0300084B0300084B030008B8
:1000F0004B0300084B0300084B0300084B030008A8
:100100004B0300084B0300084B0300084B03000897
:100110004B0300084B0300084B0300084B03000887
:1001200035200008452000085520000865200008FB
:100130004B0300084B0300084B0300082519000877
:100140004B030008151900084B030008959500089B
:100150004B0300087520000885200008E5AE000864
:100160004B0300084B0300084B0300084B03000837
:100170004B0300084B0300084B030008000000007D
:100180004B0300084B03000800F002F800F060F891
:100190000AA090E8000C82448344AAF10107DA45E2
:1001A00001D100F055F8AFF2090EBAE80F0013F0D4
:1001B000010F18BFFB1A43F0010318477C640100CC
:1001C0009C6401000A444FF0000C10F8013B13F04E
:1001D000070408BF10F8014B1D1108BF10F8015BA0
:1001E000641E05D010F8016B641E01F8016BF9D193
:1001F00013F0080F1EBF10F8014BAD1C0C1B09D1EA
:100200006D1E58BF01F801CBFAD505E014F8016B5B
:1002100001F8016B6D1EF9D59142D6D370470000ED
:100220000023002400250026103A28BF78C1FBD8FF
:10023000520728BF30C148BF0B6070471FB515F08B
:1002400089FA9DE8030000F02DFF1FBD10B510BD19
:1002500000F0D2FF1146FFF7F1FF11F00DFB00F0A7
:10026000F0FF03B4FFF7F2FF03BC01F027F8000032
:100270002C4B19680868B0E8F04F80F30988BFF389
:100280006F8F4FF0000080F311887047000000006E
:1002900008480068006880F308884FF0000080F389
:1002A000148862B661B6BFF34F8FBFF36F8F00DF64
:1002B00000BF00BF08ED00E0DFF80C00016841F46A
:1002C00070010160704700BF88ED00E0EFF3098026
:1002D000BFF36F8F134B1A681EF0100F08BF20ED8D
:1002E000108A20E9F04F106009B44FF0500080F3FD
:1002F0001188BFF34F8FBFF36F8F13F073FA4FF076
:10030000000080F3118809BC19680868B0E8F04F54
:100310001EF0100F08BFB0EC108A80F30988BFF3FD
:100320006F8F7047AC000020EFF30580704700002E
:100330000948804709480047FEE7FEE7FEE7FEE779
:10034000FEE7FEE7FEE7FEE7FEE7FEE704480549B5
:10035000054A064B70470000E1A200088901000829
:1003600000B200200032012000F2002000F2002044
:100370009FED1A1AF5EE000A40EE010ABDEEE00A02
:10038000F5EEC00A10EE100AF1EE10FA38BF401E6A
:1003900000EE100A1349F7EE001AB8EEC00A30EE6C
:1003A000C00ADFED0F0A20EE200AFCEEC00A10EEB4
:1003B000900AC0F3080000EE900A01EB8000F8EE0E
:1003C000600A90ED011A70EE600A90ED000A71EE7D
:1003D000E01A21EE800A00EE810A704783F9223E7E
:1003E00000000044185D0108B5EEC00AF1EE10FAF5
:1003F00007D2DFED1E0AB4EEE00AF1EE10FAA8BF54
:100400007047DFED1B0AB5EEC00A60EE200ABDEEB4
:10041000E01A11EE100AF1EE10FA38BF401E00EE9D
:10042000100A1549F7EE001AB8EEC00A30EEC00AFD
:10043000DFED100A60EE200ABCEEE00A10EE100AB2
:10044000C0F3080000EE100A01EB8000B8EE400A8D
:1004500090ED011A70EEC00A90ED000A71EEE01AFC
:1004600021EE800A00EE810A70470000CD024CB4F4
:1004700083F9223E00000044185D010870B405882D
:100480000E884468D1F804C05368B54208D140884A
:100490004988884201BF11888D425188884203D023
:1004A00070BC6FF00200704705FB00F1880827D090
:1004B00094ED001ADCED000A94ED010ADCED011A5E
:1004C00031EE201AD4ED020A70EE211A9CED020AD8
:1004D00083ED001AC3ED011A94ED031ADCED031A43
:1004E00030EE800A401E71EE210A83ED020A04F10B
:1004F0001004C3ED030A03F110030CF1100CD7D163
:1005000011F0030030D0B0F1004F30D200282BDDC5
:10051000211F1B1FACF1040210F0010F0AD091ED56
:10052000010AD2ED010A091D121D30EE200A83EDE9
:10053000010A1B1D400817D091ED010AD2ED010AF6
:10054000401E30EE200A83ED010A91ED020AD2ED41
:10055000020A01F1080102F1080230EE200A83EDDF
:10056000020A03F10803E7D170BC00207047B4EC25
:10057000010A401EFCEC010A30EE200AA3EC010A3D
:10058000F5D1F1E701804280436070472DE9F34FD8
:1005900084B0049840680090486801900498B0F8CE
:1005A00000E04588DFEDFE0A00200290B0EE600A10
:1005B000AE4506D108884988884204BF7146864501
:1005C00004D06FF0020006B0BDE8F08F01985FEA3A
:1005D000010C18BFB7EE001A3DD000BFBEEB0C01F6
:1005E00017D0B1F1004F80F01F82002911DD021FEA
:1005F00011F0010F1CBFC2ED010A121D4B1006D0F5
:10060000C2ED010AC2ED020A08325B1EF8D100EB0E
:100610008100BCF10102A0EC011A19D0B2F1004F27
:1006200080F00882002A13DD031F12F0010F1CBFA7
:10063000C3ED010A1B1D511008D000BFC3ED010A14
:10064000C3ED020A491E03F10803F7D100EB820053
:10065000BCF1010CC2D14FF000080395002D14BF6E
:10066000B0EE602A002000F0BF8100BF009908FBB7
:1006700005F001EB800B0199DBED002A01EB800016
:100680000346F0EE421AC64552D9AEEB0802ABEB78
:10069000850112F0010F17D001EB850191ED000AE1
:1006A000B5EEC00AF1EE10FA07DDB4EEE10AF1EEA4
:1006B00010FA09DDF0EE401A06E0B1EE400AF4EE61
:1006C000C01AF1EE10FAF5D3521031D001EB850CBF
:1006D0009CED000AB5EEC00AF1EE10FA05DDB4EEAD
:1006E000E10AF1EE10FA09DD06E0B1EE400AF4EE9F
:1006F000C01AF1EE10FA01D2F0EE401A01EBC5017A
:1007000091ED000AB5EEC00AF1EE10FA05DDB4EE87
:10071000E10AF1EE10FA09DD06E0B1EE400AF4EE6E
:10072000C01AF1EE10FA01D2F0EE401A521ECDD1ED
:10073000F5EEC01AF1EE10FA00F07381F5EEC02A62
:100740000126F1EE10FA0099D4BFB1EE620AB0EEC4
:10075000620AB4EE610AF1EE10FA1CBFAEEB0802B9
:10076000B2F1010C47D005FB08F201EB820292EDD9
:10077000001A00BFB0EE410A05FB06F4B5EEC00A50
:1007800000EB8404F1EE10FACCBFF0EE400AF1EE7B
:10079000400AF4EE610AF1EE10FA28D1B5EB080C2C
:1007A00011D0BCF1004F7DD2BCF1000F0BDD00BFBA
:1007B00092ED000AD1ED000ABCF1010CE2EC010A55
:1007C000A1EC010AF4D129000ED0B1F1004F6AD298
:1007D000002909DD94ED000AD0ED000A491EE4EC81
:1007E000010AA0EC010AF5D1012002900BE0761C71
:1007F000BCF1010CBED10298012804D0F5EEC02A4C
:10080000F1EE10FA7ED09BED000AB5EB08009A4697
:100810005946064622D0B0F1004F74D200281DDDA3
:10082000091F10F0010F06D0F0EE400A80EEA01A6A
:1008300081ED011A091D401010D000BFD1ED010A51
:10084000401E80EE801A81ED011A91ED021AC1EE70
:10085000000AC1ED020A01F10801EFD1280026D0FB
:10086000B0F1004F7ED2002821DDAAF1040110F082
:10087000010F06D0D1ED010A80EE801A81ED011A38
:10088000091D401013D000BFD1ED010A401E80EEBB
:10089000801A81ED011AD1ED020A80EE801A81EDF5
:1008A000021A01E0CBE0D6E001F10801ECD1DDE96C
:1008B00000124FF000095FEA0E0773D0C14504BF74
:1008C00001EB860102EB850274D091ED000ADC4653
:1008D0005046331E35D01C46B6F1004F7ED2002C58
:1008E0002FDD0B1FABF1040C16F0010F0FD0F0EE53
:1008F000400ADCED011AB0EE601A00EEE11A83ED59
:10090000011A01E08DE0B1E01B1D0CF1040C741024
:1009100015D000BFD3ED010A9CED011A40EE410A4B
:10092000C3ED010AD3ED020A9CED021A0CF1080C8A
:1009300040EE410AC3ED020A0833641EEAD101EB1E
:1009400086012B0036D0B3F1004F72D2002B31DD7F
:10095000A2F1040CAAF1040013F0010F0CD0DCED9D
:10096000010A00E08BE090ED011A001D40EE410A03
:10097000CCED010A0CF1040C5C1019D0DCED010A7D
:1009800090ED011A40EE410ACCED010ADCED020ABD
:1009900090ED021A083040EE410ACCED020A03E065
:1009A000000000000DE005E0641E0CF1080CE5D12C
:1009B00002EB830201EB88017F1E09F101097FF43C
:1009C0007DAF009808F10108001D00900398401EBB
:1009D00003907FF44BAE0299012900E058E004BF78
:1009E00006B0BDE8F08F00BFB5EEC00AF1EE10FA18
:1009F0007FF4E9AD04990EFB05F3002B4A684FF034
:100A000000010BD902EB810C9CED000AB5EEC00A87
:100A1000F1EE10FA02D1491C8B42F3D88B427FF4DD
:100A2000D2AD6FF00400CEE5E0EC010A491EFBD127
:100A3000EFE538E0E0EC010A521EFBD108E692ED4A
:100A4000000AD1ED000ABCF1010CE2EC010AA1ECB4
:100A5000010AF4D1B7E694ED000AD0ED000A491E70
:100A6000E4EC010AA0EC010AF5D1BDE6D1ED000AE3
:100A7000401E80EE801AA1EC011AF7D1EEE6D3ED0C
:100A8000000A401E80EE801AA3EC011AF7D10EE78F
:100A9000BCEC011AD1ED000A5B1E40EE410AE1EC0C
:100AA000010AF5D14DE7B0EC011AD2ED000A5B1E48
:100AB00040EE410AE2EC010AF5D17BE72DE9F04F67
:100AC00082B0466853680193058847884B880020A8
:100AD00000900888874201BFB2F800C0654552887F
:100AE00093421EBF6FF0020002B0BDE8F08F9FED91
:100AF000412A4FEA970EC7F3400B00BFDDE9000221
:100B000002EB800A4A6898464FF00009B0EE420AAC
:100B1000B4465FEA0E0025D092ED001ADCED001A13
:100B200002EB8302DCED010A01EE810A92ED001A6C
:100B300002EB8302401ED2ED001A02EB830200EEAC
:100B4000810A9CED021ADCED030A00040CF1100C82
:100B5000000C01EE210A92ED001A02EB830200EE76
:100B6000810AD9D117F0030026D0ACF10404A2EB1E
:100B7000830210F0010F08D002EB8302D4ED010ACA
:100B800092ED001A241D00EE810A5FEA0B0013D0DB
:100B900002EB830CD4ED010A9CED001A02EBC302B8
:100BA000401E00EE810AD4ED020A92ED001A04F113
:100BB000080400EE810AEBD109F10100AAEC010A58
:100BC0001FFA80F9486800EB8902A8F101001FFABA
:100BD00080F8B8F1000F99D1009806EB8706184409
:100BE00080B20090681E05042D0C87D102B0002051
:100BF000BDE8F08F0000000070B405880E884468DE
:100C0000D1F804C05368B54208D140884988884269
:100C100001BF11888D425188884203D070BC6FF0AB
:100C20000200704705FB00F1880827D094ED001AF8
:100C3000DCED000A94ED010ADCED011A31EE601AD8
:100C4000D4ED020A70EE611A9CED020A83ED001ADF
:100C5000C3ED011A94ED031ADCED031A30EEC00A5D
:100C6000401E71EE610A83ED020A04F11004C3ED27
:100C7000030A03F110030CF1100CD7D111F003009B
:100C800030D0B0F1004F30D200282BDD211F1B1FC8
:100C9000ACF1040210F0010F0AD091ED010AD2ED7F
:100CA000010A091D121D30EE600A83ED010A1B1DA9
:100CB000400817D091ED010AD2ED010A401E30EE36
:100CC000600A83ED010A91ED020AD2ED020A01F1F8
:100CD000080102F1080230EE600A83ED020A03F116
:100CE0000803E7D170BC00207047B4EC010A401E35
:100CF000FCEC010A30EE600AA3EC010AF5D1F1E741
:100D00002DE9F04F02884768B0F802804888D1F892
:100D1000049082B04FF0000A1646824207BF09884D
:100D200088456FF0020002B018BFBDE8F08F4FEAAF
:100D3000980B02EB42000190C8F34000CDF8000090
:100D400009EB8A01BBF1000F33D0019801EB820C53
:100D500001EB80043B46E64601EBC2054FEA0B007F
:100D600093ED000A401E81ED000A93ED010A01EBAC
:100D700002118CED000A93ED020A0CEB021C85EDCA
:100D8000000A93ED030A05EB021584ED000A04EB5B
:100D9000021403F11003E3D10EEB820000EB82009A
:100DA00000EB8201ABF10100504307EB0B1701EBA5
:100DB000001118F0030C21D03B1FA1EB82011CF0A5
:100DC000010F06D093ED010A01EB82011B1D81ED9D
:100DD000000A009880B100BF93ED010A01EB820484
:100DE00001EBC20184ED000A93ED020A401E81ED81
:100DF000000A03F10803EFD107EB8C070AF10100A9
:100E00001FFA80FA701E0604360C99D102B0002039
:100E1000BDE8F08F70B5064600F028F9056806F1C8
:100E20000B0020F00704B4429CBF002070BD2B468D
:100E30006A68BAB11068A04210D304F10801884270
:100E40003CBF5068586007D3516810194160116861
:100E5000091B016058601460101D70BD1346526874
:100E6000002AE7D12146284600F008F90028DED103
:100E700070BD53EA020C00F069802DE9F04B4FF091
:100E80000006002B1FBFB3FA83F503FA05F424FA1A
:100E900005F65E4012BF1643B2FA82F502FA05F477
:100EA000C5F120051EBF22FA05FC44EA0C042035DA
:100EB00056EA044C4FEA144418BF641C4FF0000873
:100EC0004FF00009904271EB030C39D3002919BF90
:100ED000B1FA81F701FA07F6B0FA80F700FA07F6DF
:100EE000C7F120071EBF20FA07FC46EA0C06203790
:100EF000B6FBF4FCA7EB0507103F07F01F0BCBF187
:100F000020060CFA0BFB2CFA06F644BFB34600266B
:100F1000202FA4BF5E464FF0000B5BEA060C08BF13
:100F20004FF0010B19EB0B09ABFB027C48EB0608F9
:100F3000C01B06FB02CC0BFB03CC71EB0C01C1E721
:100F40000B46024641464846BDE8F08B13B54FF0CC
:100F500000004FF00001AFF30080BDE81C40704777
:100F600010B5203AC0F00B80B1E81850203AA0E844
:100F70001850B1E81850A0E81850BFF4F5AF5FEA78
:100F8000027C24BFB1E81850A0E8185044BF18C92B
:100F900018C0BDE810405FEA827C24BF51F8043BD2
:100FA00040F8043B08BF7047D20728BF31F8023B26
:100FB00048BF11F8012B28BF20F8023B48BF00F8BA
:100FC000012B704702F0FF0343EA032242EA024288
:100FD00000F002B84FF000020429C0F0128010F0B7
:100FE000030C00F01B80CCF1040CBCF1020F18BF05
:100FF00000F8012BA8BF20F8022BA1EB0C0100F098
:101000000DB85FEAC17C24BF00F8012B00F8012B6A
:1010100048BF00F8012B70474FF0000200B513469F
:1010200094469646203922BFA0E80C50A0E80C5008
:10103000B1F12001BFF4F7AF090728BFA0E80C50B9
:1010400048BF0CC05DF804EB890028BF40F8042BB2
:1010500008BF704748BF20F8022B11F0804F18BF1F
:1010600000F8012B70477047704770470048704781
:10107000A4B10020704770477047704738B50446E8
:101080000A4600206946AFF30080002808BF38BD3B
:1010900002460099204600F075F8012038BD012075
:1010A00000F0A2B8F8B5AFF30080054600200C466A
:1010B000102000BF0646A819A0420DD93246694645
:1010C0000020AFF30080070008BF00F08DF8009803
:1010D000A04218BF0546C419FFF7C8FF05600746C0
:1010E000F01D20F007004619284600F00AF8B44227
:1010F00008BFF8BDA21B31463868BDE8F84000F0D3
:1011000041B800210160C0E901107047102070470C
:1011100070B50446051FFFF7A9FF0068002C14BF37
:10112000446870BD002C18BFAC423CBF20466468C8
:10113000F8D301680A18AA4218BF456003D12A688B
:1011400005461144016028684119A1421CBF6C602A
:1011500070BD6168696021680844286070BD10B581
:1011600000F00CF8006810BD10B5044600F006F859
:10117000046010BD004870479CB1002000487047D3
:101180009CB10020034640688C46002818BF884266
:101190003CBF03464068F8D318681844884207D01B
:1011A0000CF1030020F00700001D411A521A0146FD
:1011B000081D0A60FFF7ACBF1FB584B000200A9C71
:1011C00006AB04AA02A90094AFF3008018B1DDE9D0
:1011D000020108B010BD0348204000F040F8002094
:1011E0000146F6E70000207C10B500F03FF8BDE8AE
:1011F000104000F02FB870477546FFF7BBFFAE46B2
:1012000005006946534620F00700854618B020B512
:10121000FFF79CF8BDE820404FF000064FF00007B4
:101220004FF000084FF0000B21F00701AC46ACE88E
:10123000C009ACE8C009ACE8C009ACE8C0098D46FB
:10124000704710B50446AFF300802046BDE810405B
:10125000FFF707B8002801D000F030B8704710B58C
:1012600000F04CF8BDE81040FFF7F4BF10B50128BE
:1012700005D0002103A000F027F8012010BD09A12E
:10128000F8E7000053494752544D454D3A204F75F9
:1012900074206F662068656170206D656D6F72796E
:1012A000000000003A2048656170206D656D6F7226
:1012B0007920636F7272757074656400014918203B
:1012C000ABBEFEE72600020070B505460C460A20BC
:1012D00000E06D1C00F068F835B128780028F8D1DE
:1012E00002E0641C00F060F814B120780028F8D106
:1012F000BDE870400A2000F057B8000010B5022881
:1013000003D0410103D50DA112E0002010BD010161
:1013100001D50FA10CE0C10001D511A108E08100A9
:1013200001D512A104E0400001D513A100E0002185
:1013300015A0FFF7C9FF012010BD0000496E7661BE
:101340006C6964204F7065726174696F6E00000093
:10135000446976696465204279205A65726F00009D
:101360004F766572666C6F7700000000556E64659D
:1013700072666C6F77000000496E65786163742057
:10138000526573756C7400005349474650453A20C6
:1013900041726974686D657469632065786365700E
:1013A00074696F6E3A20000008B569468DF8000038
:1013B0000320ABBE08BD000010B501221021024879
:1013C00002F068FA10BD00000000024010B50022D3
:1013D0001021024802F05EFA10BD00000000024039
:1013E00010B501221146024802F054FA10BD000067
:1013F0000004024010B500220121024802F04AFA1E
:1014000010BD00000004024010B50446FFF7DEFFE7
:10141000922000F0A3F906229549122000F07EF9EF
:10142000FFF7CAFF92484078000200B2904909785D
:101430000843904908800846B0F9000000EE100A01
:10144000B8EEC00A8C48D0ED000A20EE200AD4ED98
:10145000080A20EE200A84ED000A8548C0780002C0
:1014600000B2834989780843824908800846B0F968
:10147000000000EE100AB8EEC00A7F48D0ED000A66
:1014800020EE200AD4ED080A20EE200A84ED010A9D
:1014900077484079000200B27549097908437549D7
:1014A00008800846B0F9000000EE100AB8EEC00A45
:1014B0007148D0ED000A20EE200AD4ED080A20EE93
:1014C000200A84ED020AFFF795FF082268490020F0
:1014D00000F024F9FFF784FF654800780F284FD10A
:1014E00066480078F0B36248C078000200B26049F4
:1014F000897808435F49088094ED090A0846B0F9E5
:10150000000000EE900AF8EEE00A5D4890ED001A47
:1015100010EE810A84ED030A55484079000200B2BA
:101520005349097908435349088094ED0A0A08464B
:10153000B0F9000000EE900AF8EEE00A504890ED95
:10154000001A10EE810A84ED040A4948C0790002AD
:1015500000B24749897908434649088094ED0B0A4F
:10156000084600E00DE0B0F9000000EE900AF8EE49
:10157000E00A434890ED001A10EE810A84ED050A56
:1015800044E03B48C078000200B2394989780843FA
:10159000384908800846B0F9000000EE100AB8EE9D
:1015A000C00A3748D0ED000A20EE200A84ED030A75
:1015B0002F484079000200B22D49097908432D498E
:1015C00008800846B0F9000000EE100AB8EEC00A24
:1015D0002B48D0ED000A20EE200A84ED040A2448AE
:1015E000C079000200B22249897908432149088064
:1015F0000846B0F9000000EE100AB8EEC00A204814
:10160000D0ED000A20EE200A84ED050AFFF7DEFE89
:10161000A22000F0A3F802221549222000F07EF853
:10162000FFF7CAFE12480078C0001149497840EA25
:101630006110104908800846B0F90000B0F5806FCD
:1016400005DB08460088A0F5006000B20880094864
:10165000B0F9000000EE100AF8EEC00AB4EE001A6D
:10166000B3EE070A00EE810A84ED070A10BD000000
:10167000B2040020BA040020740400208404002076
:101680007804002070B504460D461C480460002014
:101690001B4908700DF0DAFB19490978084318490D
:1016A00008700DF089FC1649097808431449087040
:1016B0001DB1144800F0C0F91CE09FED130A114859
:1016C00080ED090A9FED110A80ED0A0A9FED0F0ACD
:1016D00080ED0B0A9FED0E0A80ED0C0A90ED0C0ACE
:1016E000DFED0C0A80EE801A80ED081A9FED0A0AE1
:1016F00080ED060A0248007870BD0000BC0400209E
:101700007E04002084A20020AC38223BB016CE39E3
:101710003F161B41C3F51C410000204270B5064630
:101720000C46154646F0800000F018F806E05520FB
:1017300000F014F82070641C681EC5B2002DF6D1AC
:1017400070BD70B504460D4644F0800000F006F808
:10175000552000F003F8287070BD000001B582B07C
:101760004FF47A70012301AA02A90090034800688F
:1017700003F0A8FE9DF804000EBD0000BC0400208C
:1017800070B505460C462846FFF7E8FF2046FFF7F0
:10179000E5FF70BDD2ED020A92ED021AB6EE000A24
:1017A00000EEC10AD2ED030A92ED031A00EEC10A5F
:1017B000D0ED000A20EE200AD2ED010A92ED021AC5
:1017C00060EE810A92ED001AD2ED031A41EE610A31
:1017D00090ED011A00EE810AD2ED010A92ED031A92
:1017E00060EE810A92ED001AD2ED021A41EE210A52
:1017F00090ED021A00EE810AF0EE000A20EE200AB7
:1018000081ED000A92ED010AD2ED020A20EE200AD3
:10181000D2ED000A92ED031A00EE810AD0ED000A23
:1018200060EE200A92ED011AD2ED011AB6EE000A1E
:1018300001EE610AD2ED031A92ED032AB0EE401ACE
:1018400001EEC21AD0ED011AB0EE600A01EE210AD3
:10185000D2ED020A92ED031A60EE810A92ED001AAF
:10186000D2ED011A41EE610A90ED021A00EE810AF2
:10187000F0EE000A20EE200A81ED010A92ED010A45
:10188000D2ED030A20EE200AD2ED000A92ED021AF0
:1018900000EEC10AD0ED000A20EE200AD2ED020AC5
:1018A00092ED031A60EE810A92ED001AD2ED011A50
:1018B00041EE210A90ED011A00EE810A92ED011A23
:1018C000D2ED011AF6EE000A41EE610A92ED021A1B
:1018D000D2ED021A41EE610A90ED021A00EE810A81
:1018E000F0EE000A20EE200A81ED020A704700BFE8
:1018F000FEE7000010B5024801F009F910BD000034
:101900003409002010B5024801F001F910BD0000B3
:101910003409002010B5024801F0F9F810BD0000AC
:101920005C09002010B5024801F0F1F810BD00007C
:101930005C0900200346042B15D007DC7BB1012B8A
:101940000ED0022B0DD0032B12D10BE0202B0BD08D
:10195000212B0AD0222B09D0232B09D107E008E044
:1019600007E006E005E004E003E002E001E000E05B
:1019700000BF00BF002070470020704710B5002254
:101980000449054809F024FE0449034809F012FE01
:10199000002010BD9C210020BC0D00209C190020BF
:1019A00070B504460D462146074809F003FE064877
:1019B00009F0D0FD204610F033FC0448D0F80B00AD
:1019C0000349C865002070BDBC0D0020F8AF0020A1
:1019D00058A7002010B503460C460021084610BD4C
:1019E0002DE9F04104460D4600260A48D0F8BC72A5
:1019F000D7F8140210B10120BDE8F0812A46214633
:101A0000044809F0E5FD034809F07AFE0646304631
:101A1000F2E70000BC0D0020064890ED1D0AF3EE31
:101A2000040AB4EEE00AF1EE10FA01D20120704788
:101A30000020FCE7B8A2002070B52DED048B88B023
:101A4000044600200690079000F034FCFE4880ED2C
:101A5000000A00BF00F02EFCFB48D0ED000A30EE7B
:101A6000600AF2EE040AB4EEE00AF1EE10FA14DDB8
:101A70009FEDF60A84ED090A9FEDF50A84ED0A0A46
:101A80009FEDF30A84ED0B0A9FEDF20A84ED0C0A38
:101A90009FEDF10A84ED060A55E29FEDF00A00F091
:101AA000C5FB9FEDEF0A84ED0C0A9FEDED0A84ED76
:101AB000090A9FEDEB0A84ED0A0A9FEDE90A84ED1D
:101AC0000B0A002673E1FFF781FC9220FFF746FE28
:101AD000062206A91220FFF721FEFFF76DFC9DF8F4
:101AE0001900000200B29DF8181040EA010500EE4E
:101AF000105AB8EEC00ADB48D0ED000A20EE200AEA
:101B000084ED000A9DF81B00000200B29DF81A1037
:101B100040EA010500EE105AB8EEC00AD148D0EDF7
:101B2000000A20EE200A84ED010A9DF81D00000243
:101B300000B29DF81C1040EA010500EE105AB8EE04
:101B4000C00AC848D0ED000A20EE200A84ED020A3F
:101B5000D4ED000A60EEA00A94ED011AD4ED011A4A
:101B600041EE210A94ED021AD4ED021A41EE210A47
:101B7000B0EE600A0DF050F8B0EE408A94ED0C0A19
:101B800030EE080A84ED0C0AFFF734FC082206A99F
:101B90000020FFF7C3FDFFF723FC9DF818000F2876
:101BA00050D19DF81B00000200B29DF81A1040EAC7
:101BB000010500EE105AB8EEC00AAB48D0ED000A9D
:101BC00020EE200A84ED030A94ED090AD4ED030AFD
:101BD00030EE200A84ED090A9DF81D00000200B2D3
:101BE0009DF81C1040EA010500EE105AB8EEC00A3C
:101BF0009D48D0ED000A20EE200A84ED040A94ED01
:101C00000A0AD4ED040A30EE200A84ED0A0A9DF88F
:101C10001F00000200B29DF81E1040EA010500EE10
:101C2000105AB8EEC00A9048D0ED000A20EE200A03
:101C300084ED050A94ED0B0AD4ED050A30EE200A76
:101C400084ED0B0A06BBF0EE488AB0EE489A0020FD
:101C500017E004F10C0101EB800191ED000A03A9EA
:101C600001EB800181ED000A04F10C0101EB800120
:101C700091ED000A694601EB800181ED000A411CEB
:101C8000C8B20328E5DB49E0B4EEE88AF1EE10FAC9
:101C900001DDF0EE488AB4EEC98AF1EE10FA01D205
:101CA000B0EE489A002037E004F10C0101EB80010E
:101CB00091ED000A03A901EB8001D1ED000AB4EE19
:101CC000E00AF1EE10FA0ADD04F10C0101EB8001EB
:101CD00091ED000A03A901EB800181ED000A04F1F6
:101CE0000C0101EB800191ED000A694601EB8001D6
:101CF000D1ED000AB4EEE00AF1EE10FA0AD204F1D6
:101D00000C0101EB800191ED000A694601EB8001B5
:101D100081ED000A411CC8B20328C5DB38EEC90AB0
:101D2000524880ED000A002012E003A901EB800177
:101D300091ED000A694601EB8001D1ED000A30EE19
:101D4000600A4B4901EB800181ED000A411CC8B2D9
:101D50000328EADB454890ED000AF6EE000AB4EEEF
:101D6000E00AF1EE10FA1BDC414890ED000ADFEDCD
:101D7000410AB4EEE00AF1EE10FA11DC90ED010A2E
:101D8000DFED3C0AB4EEE00AF1EE10FA08DC90ED6B
:101D9000020ADFED380AB4EEE00AF1EE10FA00DDD7
:101DA0000AE09FED350A00F041FA701C86B2334814
:101DB00000888642FFF687AE00BFD4ED0C0A2F489C
:101DC000008800EE100AB8EE400A80EE801A84ED1A
:101DD0000C1A002015E004F1240101EB8001D1ED83
:101DE000000A2649098800EE101AB8EE400A80EE73
:101DF000801A04F1240101EB800181ED001A411CDD
:101E0000C8B20328E7DBFFF7E1FAA220FFF7A6FC40
:101E1000022206A92220FFF781FCFFF7CDFA9DF8E8
:101E20001800C0009DF8191040EA6115B5F5806FE3
:101E300002DBA5F5006005B200EE105AF8EEC00A0C
:101E4000B4EE001A1CE00000AC040020AC38223BC9
:101E5000B016CE393F161B41000020420AD7A33BE3
:101E6000000000007404002078040020800400209A
:101E700078A200209A99193E6F12033AB00400200C
:101E8000B3EE070A00EE810A84ED060A34480088A2
:101E9000401C00B232490880324890ED000AF6EE4C
:101EA000000AB4EEE00AF1EE10FA3FF7D3AD94ED7C
:101EB0000C0ADFED2D0A30EE600AB0EEC00AF6EE35
:101EC000000AB4EEE00AF1EE10FAEEDC274890EDDD
:101ED000000A5FED180AB4EEE00AF1EE10FAE4DC55
:101EE00090ED010A5FED1D0AB4EEE00AF1EE10FA82
:101EF000DBDC90ED020A5FED210AB4EEE00AF1EEC0
:101F000010FAD2DC94ED090AB0EEC00ADFED180A2F
:101F1000B4EEE00AF1EE10FAC7DC94ED0A0AB0EE76
:101F2000C00ADFED130AB4EEE00AF1EE10FABCDCF1
:101F300094ED0B0AB0EEC00ADFED0D0AB4EEE00A34
:101F4000F1EE10FAB1DC00BF94ED0C0ADFED090AE6
:101F500080EE801A84ED081A08B0BDEC048B70BDC9
:101F60008604002080040020CDCC1C4178A20020F3
:101F70000AD7233CC3F51C410DF0E2FA4DE00024E2
:101F800000BF3DE004EB4400244951F83000401C00
:101F900004EB4401214A42F8310004EB44001146AD
:101FA00051F8300004EB440102EBC101496888425A
:101FB0001DD9012004EB440102EBC101087204EBBE
:101FC0004400114601EBC000406804EB440142F8B4
:101FD000310004EB4400114601EBC000C06868B159
:101FE00004EB440102EBC101C868804706E0002011
:101FF00004EB4401094A02EBC1010872601CC4B23F
:102000000B2CBFDB07F0D4FE012011F05DFB00209C
:1020100011F056FA0249086000BFB0E7BCA50020E5
:10202000A405002010B5024801F036F910BD0000EB
:102030009C0C002010B5024801F02EF910BD0000E4
:10204000FC09002010B5024801F026F910BD00007F
:10205000FC0C002010B5024801F01EF910BD000074
:10206000DC0B002010B5024801F016F910BD00008D
:102070005C0A002010B5024801F00EF910BD000006
:102080005C0D002010B5024801F006F910BD0000FB
:102090003C0C00200146087810381823B0FBF3F2FE
:1020A0000848805CC865032A05D908686FF30900F1
:1020B000001D886503E008686FF309008865886D76
:1020C00070470000205C0108014600208A6A8B6985
:1020D000CBB932B1012A0DD0022A03D0032A10D184
:1020E0000EE000BFCB6A03F08073B3F1807F00D1B4
:1020F000012007E0CB6AB3F1C07F00D1012001E0ED
:1021000000E000BF34E08B69B3F5005F1AD132B153
:10211000012A07D0022A03D0032A11D10AE000BF06
:1021200001200EE0CB6A03F08073B3F1807F00D111
:10213000012006E0CB6AB3F1C07F00D1012000E0AE
:1021400000BF15E032B1012A05D0022A04D0032ACB
:102150000CD103E000BF00BF012008E0CB6A03F010
:102160008073B3F1807F00D1012000E000BF00BF89
:10217000704730B50468246824F4802405682C6016
:10218000046863608468402C04D10468A260046819
:10219000E16003E00468A1600468E26030BDF3B56B
:1021A0002DED020B89B007460E4609AC0AAD039629
:1021B0000020059006900820079020788DF80400F4
:1021C00060788DF80500A0788DF80600E0788DF82D
:1021D000070028788DF8080068788DF80900A8783D
:1021E0008DF80A00E8788DF80B006B4601AA03A968
:1021F000384600F08CFA0DB0F0BD000008B5084874
:1022000040680090074900980968884204D206484F
:102210000068401C0449086002490098086008BD35
:10222000001000E048050020440500200C494868E3
:10223000F0EE400A00BF0A494968091A01EE101A77
:10224000F8EE411A074991ED001AB8EE411A20EE56
:10225000811AF4EEC11AF1EE10FAECD370470000C7
:10226000001000E03805002010B52DED028B82B083
:1022700004460E484068019020680199081A00EE53
:10228000100AF8EE400A0A4890ED000AB8EE400A3B
:1022900080EE801AB0EE418A01982060FFF7AEFF11
:1022A000B0EE480A02B0BDEC028B10BD001000E099
:1022B0003805002010B52DED028B00F05FF80F48B7
:1022C00090ED000AB8EE400A808800EE900AF8EE21
:1022D000600A9FED0B1A00EE810A0848C08800EEE4
:1022E000900AF8EE600A9FED071A00EE810AB0EE40
:1022F000408AB0EE480ABDEC028B10BD30050020CC
:102300006F12833ABD37863514490968491C134A50
:1023100011601349096841F08071114A1160002170
:10232000104A51601146096841F0010111600E49DF
:1023300041430E4A1160114609684FF47A72B1FBAD
:10234000F2F10B4A116009490968074AB1FBF2F141
:10235000084A11600021084A1160704758050020A2
:10236000FCED00E0001000E040420F0038050020C6
:102370003C050020400500204405002038B52948D0
:1023800040680090FFF73AFF274800684FF0FF31A0
:10239000A0FB01310098181841F10001234A03C243
:1023A000234800232149026803C9FEF762FD214A40
:1023B00003C220480CC81E4800680024A2FB001578
:1023C00003FB005002FB04021848D0E90030591A00
:1023D00060EB0200184AC2E900101648006817496D
:1023E0000860174800231449026803C9FEF741FD3D
:1023F00012498880084680881149096841430E487F
:10240000D0E90030591A60F100000E4AC2E900100C
:102410000D4800230B49026803C9FEF72AFD07494E
:10242000C88038BD001000E04405002050050020A1
:1024300038050020600500206805002030050020D8
:102440003C0500207005002040050020704710B5B5
:10245000082001F017F910BD10B5102001F012F995
:1024600010BD10B5202001F00DF910BDD2ED020A0B
:1024700092ED021AB6EE000A00EEC10AD2ED030A8E
:1024800092ED031A00EEC10AD0ED000A20EE200AF8
:10249000D2ED010A92ED021A60EE810A92ED001A65
:1024A000D2ED031A41EE210A90ED011A00EE810AE5
:1024B000D2ED010A92ED031A60EE810A92ED001A44
:1024C000D2ED021A41EE610A90ED021A00EE810A85
:1024D000F0EE000A20EE200A81ED000A92ED010ADA
:1024E000D2ED020A20EE200AD2ED000A92ED031A84
:1024F00000EEC10AD0ED000A60EE200A92ED011A4A
:10250000D2ED011AB6EE000A01EE610AD2ED031A0D
:1025100092ED032AB0EE401A01EEC21AD0ED011A74
:10252000B0EE600A01EE210AD2ED020A92ED031A22
:1025300060EE810A92ED001AD2ED011A41EE210AF5
:1025400090ED021A00EE810AF0EE000A20EE200A59
:1025500081ED010A92ED010AD2ED030A20EE200A74
:10256000D2ED000A92ED021A00EE810AD0ED000AC7
:1025700020EE200AD2ED020A92ED031A60EE810AE3
:1025800092ED001AD2ED011A41EE610A90ED011AA6
:1025900000EE810A92ED011AD2ED011AF6EE000A60
:1025A00041EE610A92ED021AD2ED021A41EE610A81
:1025B00090ED021A00EE810AF0EE000A20EE200AE9
:1025C00081ED020A704772B600BFFEE710B59FEDBD
:1025D0000D2ADFED0C1A9FED0B1ADFED0A0A9FEDB5
:1025E000090A042108480CF047FE0848D0ED110AFA
:1025F000B0EE600ADFED030A40F203110248FFF774
:10260000CEFD10BD000000003409002058A70020B6
:102610001CB5002000900346024640F2FF110190D5
:10262000014810F0B1FB1CBD5C09002010B52DED78
:10263000028BB0EE408AF0EE608AF5EEC08AF1EED1
:1026400010FA0ADD144890ED000A38EE400AC0EE98
:10265000280A1248C0ED000A04E09FED110A0F4855
:1026600080ED000A0C4890ED000A38EE400A0D4853
:1026700080ED000A094890ED000A0B4805F0D0FCF7
:102680000A4880ED000A044880ED008A074890ED72
:10269000000ABDEC028B10BDD8040020E00400202D
:1026A00000000000E404002000A40020DC0400205E
:1026B00070B50A480468001D0568001D06683444AA
:1026C00054B108220649204605F038FC042204498A
:1026D0001031284605F032FC70BD0000107AFF1F53
:1026E0006600002010B5024692F82030012B01D080
:1026F000022B06D11068406908431468606100200D
:1027000010BD506A40F4802050620120F8E7F0B517
:1027100004460D461E4694F8207020688368A86819
:1027200000B900E000BF012F01D0022F7DD103F0DE
:10273000806030B903F0006018B903F080500028C1
:102740007ED0C3F30161012088403060A86860B981
:10275000B5F800C0E86840EA4C5C206800F5C0703D
:1027600000EB0110C0F800C00FE0D5E901C040EA5D
:10277000CC00D5F80CC040EA0C00D4F800C00CF531
:10278000C07C0CEB011CCCF80000D5F810C0206810
:1027900000F5C07000EB0110C0F804C0287D0128CE
:1027A0000ED1206800F5C07000EB0110406840F4C5
:1027B000807C206800F5C07000EB0110C0F804C0F8
:1027C000D079000692F806C040EA0C4092F805C0A5
:1027D00040EA0C2092F804C040EA0C00D4F800C093
:1027E0000CF5C07C0CEB011CCCF80C00D07800067A
:1027F00092F802C040EA0C4092F801C040EA0C2076
:1028000092F800C040EA0C00D4F800C00CF5C07C7F
:102810000CEB011CCCF80800206800F5C07000EB40
:102820000110006840F0010C01E00FE008E02068B2
:1028300000F5C07000EB0110C0F800C00020F0BD32
:10284000606A40F4001060620120F8E7606A40F4BA
:10285000802060620120F2E7F0B504460A4694F851
:102860002050012D01D0022D7ED1424901F5007189
:10287000086840F001000860086820F47C50086097
:102880000868566A40EA06200860107D00F01F06BE
:10289000012000FA06F3C8699843C861A1F50071E8
:1028A000D069C8B9D1F80C029843C1F80C029088DD
:1028B00080B2968940EA064601F51070576940F8E3
:1028C0003760108880B2168940EA064601F510701C
:1028D000576900EBC7004660D069012819D1D1F8CB
:1028E0000C021843C1F80C02908880B2168840EAA6
:1028F000064601F51070576940F83760908980B23C
:10290000168940EA064601F51070576900EBC700CA
:102910004660906928B9D1F804029843C1F80402CE
:1029200004E0D1F804021843C1F80402106928B980
:10293000D1F814029843C1F8140204E0D1F814024B
:102940001843C1F81402106A012804D1D1F81C02FE
:102950001843C1F81C02D1F8000220F00100C1F8B0
:1029600000020020F0BDFFE7606A40F48020606252
:102970000120F7E700640040704770B5044694F802
:102980002050012D01D0022D7DD151B92068C068A1
:1029900000F0030080B9606A40F40010606201201A
:1029A00070BD2068006900F0030028B9606A40F437
:1029B000001060620120F3E7206800F5D87000EB9A
:1029C0000110006800F004009060906840B9206831
:1029D00000F5D87000EB01100068400D106007E0B2
:1029E000206800F5D87000EB01100068C008506046
:1029F000206800F5D87000EB0110006800F00200BC
:102A0000D060206800F5D87000EB0110406800F03D
:102A10000F00082802D30820106108E0206800F5A4
:102A2000D87000EB0110406800F00F0010612068C2
:102A300000F5D87000EB0110406800F47F40000AF8
:102A40009061206800F5D87000EB01104068000C20
:102A50005061206800F5D87000EB01108068187094
:102A6000206800F5D87000EB0110806800F47F400A
:102A7000000A5870206800F5D87000EB01108068DB
:102A800000F47F0000E03CE0000C9870206800F546
:102A9000D87000EB01108068000ED870206800F537
:102AA000D87000EB0110C0681871206800F5D8706C
:102AB00000EB0110C06800F47F40000A58712068E4
:102AC00000F5D87000EB0110C06800F47F00000C26
:102AD0009871206800F5D87000EB0110C068000EF6
:102AE000D87131B92068C06840F020002668F060D5
:102AF00005E02068006940F0200026683061002071
:102B00004EE7606A40F480206062012048E72DE9CA
:102B1000F05F04460025206846692068D0F80490DC
:102B2000206887682068D0F80CA02068D0F810B022
:102B30002068D0F8188006F00100002855D007F072
:102B40000100C0B101202168886007F0020018B1BF
:102B5000204600F02EFB0EE007F0040010B145F413
:102B6000006508E007F0080010B145F4805502E068
:102B7000204600F01DFB07F48070C8B14FF4807050
:102B80002168886007F4007018B1204600F013FB3C
:102B90000EE007F4806010B145F4005508E007F43A
:102BA000006010B145F4804502E0204600F002FBD1
:102BB00007F48030C8B14FF480302168886007F492
:102BC000003018B1204600F0F8FA0EE007F480203B
:102BD00010B145F4004508E007F4002010B145F4B9
:102BE000803502E0204600F0E7FA06F0080038B130
:102BF0000AF0100020B145F4007510202168C8606B
:102C000006F0040040B10AF0080028B1082021684D
:102C1000C860204600F01CFA06F0020038B12068B7
:102C2000C06800F0030010B1204600F013FA06F06F
:102C3000400038B10BF0100020B145F48065102041
:102C40002168086106F0200040B10BF0080028B1AF
:102C5000082021680861204600F01EFA06F01000E6
:102C600038B12068006900F0030010B1204600F080
:102C700015FA06F4003040B109F0100028B1102018
:102C800021684860204600F063FA06F4803040B1C5
:102C900009F0080028B1082021684860204600F0AB
:102CA0008DFA06F4004088B309F0040078B306F406
:102CB000807020B108F0010008B145F0010506F46C
:102CC000007020B108F0020008B145F0020506F4DA
:102CD000806020B108F0040008B145F0040506F456
:102CE0000060A0B108F0700088B108F070004028C2
:102CF00017D006DC10280BD020280CD0302819D192
:102D00000CE0502810D0602814D110E01DE019E02C
:102D100045F008050FE045F010050CE045F02005F2
:102D200009E045F0400506E045F0800503E045F484
:102D3000807500E000BF00BF2068806920F070004F
:102D4000216888610420216848602DB1606A2843A9
:102D500060622046FFF710FEBDE8F09F70B50446A4
:102D60000CB9012070BD94F8200010B9204600F085
:102D7000AFF82068006840F001002168086000F0AA
:102D80008FFD05460DE000F08BFD401B0A2808D999
:102D9000606A40F400306062052084F82000012061
:102DA000E0E72068406800F001000028EBD02068D0
:102DB000006820F002002168086000F071FD0546FF
:102DC0000DE000F06DFD401B0A2808D9606A40F450
:102DD00000306062052084F820000120C2E72068EE
:102DE000406800F002000028EBD1207E012806D1C7
:102DF0002068006840F080002168086005E02068D5
:102E0000006820F0800021680860607E012806D1FB
:102E10002068006840F040002168086005E02068F4
:102E2000006820F0400021680860A07E012806D1DB
:102E30002068006840F020002168086005E02068F4
:102E4000006820F0200021680860E07E012806D19B
:102E50002068006820F010002168086005E0206804
:102E6000006840F0100021680860207F012806D12A
:102E70002068006840F008002168086005E02068CC
:102E8000006820F0080021680860607F012806D1F2
:102E90002068006840F004002168086005E02068B0
:102EA000006820F0040021680860D4E902010843AA
:102EB00021690843616908436168491E0843216824
:102EC000C86100206062012084F82000002049E7EA
:102ED00010B586B00446142101A8FEF79DF85649A6
:102EE0002068884249D155480068401C5349086011
:102EF0000846006801280FD100BF0020009050480C
:102F0000006840F000704E4908600846006800F014
:102F10000070009000BF00BF00BF00200090484834
:102F20001038006840F0080045491039086008462C
:102F3000006800F00800009000BF00BF032001906F
:102F400002200290002003900320049009200590A5
:102F500001A93C4800F0A4FB00220521132000F049
:102F600067FD132000F050FD00220521142000F021
:102F70005FFD142000F048FD5CE033492068884282
:102F800058D100BF002000902D48006840F08060BC
:102F90002B4908600846006800F08060009000BF80
:102FA00000BF26480068401C2449086008460068A5
:102FB00001280FD100BF002000902148006840F098
:102FC00000701F4908600846006800F0007000901B
:102FD00000BF00BF00BF00200090194810380068F3
:102FE00040F002001649103908600846006800F0F9
:102FF0000200009000BF00BF6020019002200290FC
:1030000000200390032004900920059001A90F4897
:1030100000F046FB002205213F2000F009FD3F2083
:1030200000F0F2FC00220521412000F001FD4120CA
:1030300000F0EAFC06B010BD006400402C00002047
:1030400040380240000C024000680040000402408A
:103050007047000010B58AB0044601AB03AA0021F6
:103060002046FFF78AFC0398022802D003280AD1E1
:1030700004E001A906480CF08BF905E001A9054818
:103080000CF086F900E000BF00BF0AB010BD0000E0
:1030900008A500202CA500207047000010B58AB0BC
:1030A000044601AB03AA01212046FFF766FC039802
:1030B000A0F2012020B1012814D005283BD123E043
:1030C0001F48C169C069401C1D4AD061322904D81B
:1030D00001A910460CF0D2FF03E001A918480CF03A
:1030E000C5FA29E01748C169C069401C154AD0617A
:1030F000322904D801A910460CF0C0FF03E001A951
:1031000010480CF0B3FA17E00F48C169C069401CC1
:103110000D4AD061322904D801A910460CF0AEFF47
:1031200003E001A908480CF0A1FA08480068401C17
:103130000649086000E000BF00BF0AB010BD0000F3
:1031400074A5002098A50020E4A400209805002084
:10315000704770B5044694F82000012822D102205F
:1031600084F820002068006820F0010021680860D1
:1031700000F096FB05460DE000F092FB401B0A288C
:1031800008D9606A40F400306062052084F82000AD
:10319000012070BD2068406800F001000028EBD1DC
:1031A0006062F6E7606A40F4002060620120F0E7A8
:1031B000704770477047704770477047704770B5E9
:1031C0000446A56D00F06CFB064694F83500022815
:1031D00008D08020606500BF002084F8340000BF64
:1031E000012070BD2068006820F01600216808608A
:1031F0002068406920F0800021684861206C08B98F
:10320000A06C28B12068006820F0080021680860E0
:103210002068006820F001002168086010E000F0DC
:103220003FFB801B05280BD920206065032084F814
:10323000350000BF002084F8340000BF0320D0E731
:103240002068006800F001000028E8D194F85C10C4
:103250003F208840A860012084F8350000BF00208E
:1032600084F8340000BF00BFBBE7014691F8350089
:10327000022803D08020486501207047052081F88E
:1032800035000868006820F001000A68106000201E
:10329000F3E70146486D7047F8B5044600200090FA
:1032A0008C4800684FF41651B0FBF1F7A56D2E68FD
:1032B00094F85C1008208840304098B1206800687D
:1032C00000F0040070B12068006820F0040021685C
:1032D000086094F85C1008208840A860606D40F099
:1032E0000100606594F85C1001208840304068B1AE
:1032F0002068406900F0800040B194F85C10012023
:103300008840A860606D40F00200606594F85C1031
:1033100004208840304068B12068006800F0020056
:1033200040B194F85C1004208840A860606D40F0C3
:103330000400606594F85C1010208840304078B339
:103340002068006800F0080050B394F85C1010206A
:103350008840A8602068006800F4802080B1206860
:10336000006800F4002028B9206CC8B12046216C08
:10337000884715E0A06C98B12046A16C88470FE003
:103380002068006800F4807028B92068006820F088
:10339000080021680860206C10B12046216C884725
:1033A00094F85C10202088403040002865D02068C8
:1033B000006800F0100000285FD094F85C10202016
:1033C0008840A86094F83500052828D12068006856
:1033D00020F01600216808602068406920F0800015
:1033E00021684861206C08B9A06C28B12068006889
:1033F00020F008002168086094F85C103F208840A5
:10340000A860012084F8350000BF002084F8340053
:1034100000BF206D10B12046216D8847F8BD20689F
:10342000006800F4802080B12068006800F400206B
:1034300028B9606C10B12046616C88471DE0E06BD4
:10344000D8B12046E16B884717E02068006800F497
:10345000807068B92068006820F01000216808605A
:10346000012084F8350000BF002084F8340000BF3C
:10347000E06B10B12046E16B8847606D38B3606D3A
:1034800000F00100F0B1052084F8350020680068E4
:1034900020F001002168086000BF0098401C0090E7
:1034A000B84200D905E02068006800F0010000285B
:1034B000F3D100BF012084F8350000BF002084F85C
:1034C000340000BFE06C10B12046E16C884700BFBB
:1034D000A4E70000A80000202DE9F04104460025E3
:1034E00000F0DEF9074614B90120BDE8F081606AFA
:1034F00000B100BF022084F8350000BF002084F82E
:10350000340000BF2068006820F0010021680860D6
:103510000AE000F0C5F9C01B052805D92020606528
:10352000032084F83500E0E72068006800F001001F
:103530000028EED12068056821480540D4E9010142
:103540000843E16808432169084361690843A169A8
:103550000843E1690843216A08430543606A042877
:1035600003D1D4E90B0108430543206805602068B6
:10357000456925F00705606A0543606A04280DD196
:10358000A06A0543E06A48B12046FEF79DFD28B1D8
:1035900040206065012084F83500A6E72068456179
:1035A0002046FEF777FD064694F85C103F208840E1
:1035B000B06000206065012084F83500002094E7A9
:1035C0003F8010F02DE9F04704460D4616461F4691
:1035D0004FF00008D4F8589000BF94F83400012848
:1035E00002D10220BDE8F087012084F8340000BF3A
:1035F00094F83500012825D1022084F835000020F8
:1036000060653B46324629462046FEF7B2FD94F8F7
:103610005C103F208840C9F808002068006840F02E
:10362000160021680860206C28B12068006840F00E
:103630000800216808602068006840F001002168E7
:10364000086006E000BF002084F8340000BF4FF09F
:1036500002084046C6E7000070B5044600F020F9B5
:1036600006462546681C10B104480078054400BF92
:1036700000F016F9801BA842FAD370BDA400002008
:103680007047000010B5044604480068204020B18F
:10369000024804602046FFF7F3FF10BD143C0140D0
:1036A000F8B502460B460025002400200021D6E094
:1036B000012606FA01F51E6806EA0504AC4274D13B
:1036C0001E7906F00306012E04D01E7906F00306CB
:1036D000022E13D190684F000326BE40B0434F0026
:1036E000DE68BE4030439060506801268E40B04393
:1036F0001E79C6F300168E40304350601E7906F0E6
:103700000306032E09D0D0684F000326BE40B04305
:103710004F009E68BE403043D0601E7906F003061D
:10372000022E13D1CF0802F1200656F827004E07CB
:10373000F70E0F26BE40B0434F07FF0E1E69BE4076
:103740003043CF0802F1200646F8270010684F00EA
:103750000326BE40B0431E7906F003064F00BE406C
:10376000304310605E6806F44036002E76D000BF0D
:10377000002600963C4E366846F480463A4F3E603E
:103780003E46366806F48046009600BF00BF374EBE
:103790008F0856F827008E07370F0F26BE40B0431C
:1037A000334EB24202D1002624E057E0314EB242FD
:1037B00001D101261EE0304EB24201D1022619E0AD
:1037C0002E4EB24201D1032614E02D4EB24201D159
:1037D00004260FE02B4EB24201D105260AE02A4E04
:1037E000B24201D1062605E0284EB24201D1072699
:1037F00000E008268F073F0FBE4030431B4E8F0866
:1038000046F82700224E3068A0435E6806F4801612
:1038100006B120431E4E3060361D3068A0435E68FE
:1038200006F4001606B12043194E361D3060184EBE
:10383000361F3068A0435E6806F4003606B12043A8
:10384000134E361F3060361F3068A0435E6806F4A2
:10385000803606B120430E4E083E3060491C1029C8
:10386000FFF426AFF8BD000044380240083801409C
:10387000000002400004024000080240000C024028
:10388000001002400014024000180240001C0240D8
:10389000083C01400AB1816101E00B04836170477B
:1038A00001480068704700009C0000200348006841
:1038B0000349097808440149086070479C000020CA
:1038C000A400002010B50D48006840F400700B49BA
:1038D00008600846006840F4806008600846006898
:1038E00040F480700860032000F0E0F80F2000F042
:1038F00007F800F05FF8002010BD0000003C024017
:103900002DE9F04188B004460027B84600BF0020EA
:1039100001902448006840F00100224908600846F0
:10392000006800F00100019000BF00BF02A903A8D9
:1039300001F034F9069F1FB901F058F9054602E07D
:1039400001F054F945001848B5FBF0F0A0F101086A
:103950004FF080401549086040F2E7311348C160DC
:10396000C0F80480002101618160816101F0D0FE16
:10397000064696B90D4801F019FF06466EB91C209F
:1039800000F042F8102C07D2002221461C2000F043
:103990004FF80748046000E00126304608B0BDE853
:1039A000F08100004038024040420F009C29002076
:1039B000A000002008B500BF00200090114800685A
:1039C00040F480400F4908600846006800F48040D9
:1039D000009000BF00BF00BF00200090081F0068DB
:1039E00040F08050091F08600846006800F08050D1
:1039F000009000BF00BF00220F21901E00F018F8B9
:103A000008BD0000443802400146084600280DDB8E
:103A100000BF00BF00F01F0301229A4043099B0032
:103A200003F1E023C3F8002100BF00BF00BF7047CF
:103A30002DE9F05F80460D46164600270AF024F86F
:103A4000074639462A46334601F00700C0F1070A07
:103A5000BAF1040F02D94FF0040A01E0C0F1070ADD
:103A6000D14600F1040ABAF1070F02D24FF0000A62
:103A700001E0A0F1030AD4464FF0010A0AFA09FA5C
:103A8000AAF1010A0AEA020A0AFA0CFA4FF0010B3B
:103A90000BFA0CFBABF1010B0BEA030B4AEA0B042C
:103AA0002146404609F0F8FFBDE8F09F00BF00F056
:103AB0000702064B19684FF6FF031940044B0B43EE
:103AC00043EA0221014B196000BF70470CED00E092
:103AD0000000FA05704702461068416200207047F6
:103AE000F0B5034615461868446A21B944EA054012
:103AF0001E68B06219E01868806A04EB1044002266
:103B000008E0186800F5827050F8220004EB1044B9
:103B1000501CC2B2481E9042F3D844EA05471868C8
:103B200000F582704E1E40F826700020F0BD10B5E2
:103B30000446D4F8E00408F09CF910BD70B50446C2
:103B40000D4605EBC50304F1140101EB8301CA68BE
:103B50002946D4F8E00408F0B3F870BD70B5044607
:103B60000D4605EBC50304F5157101EB8301CA6829
:103B70002946D4F8E00408F014F970BD10B50446E5
:103B8000D4F8E00408F077F910BD2DE9F0410446BF
:103B90000D4605F08000802808D105F00F0000EBED
:103BA000C00104F1140000EB810607E005F00F00EE
:103BB00000EBC00104F5157000EB8106314620686A
:103BC00009F0EEFA07463846BDE8F08170B50446C4
:103BD0000E4606F0800080280AD106F00F0000EBA8
:103BE000C00104F1140000EB81050120687009E0B8
:103BF00006F00F0000EBC00104F5157000EB810525
:103C00000020687006F00F00287000BF94F894043C
:103C1000012801D1022070BD012084F8940400BF66
:103C20002946206808F04AFE00BF002084F894046A
:103C300000BF00BFEFE770B504460E4606F00F0068
:103C40002179884201D9012070BD06F080008028CA
:103C50000AD106F00F0000EBC00104F1140000EBE4
:103C600081050120687009E006F00F0000EBC0013B
:103C700004F5157000EB8105002068700020A87025
:103C800006F00F00287000BF94F89404012801D1B9
:103C90000220D9E7012084F8940400BF2946206857
:103CA00009F00AF800BF002084F8940400BF00BFA8
:103CB000CAE7024601F00F0000EBC00302F51570E1
:103CC00000EB8300406970472DE9F04705460E463A
:103CD00090461F464FF0000906F0800080280AD168
:103CE00006F00F0000EBC00105F1140000EB8104A9
:103CF0000120607009E006F00F0000EBC00105F53F
:103D0000157000EB81040020607006F00F00207039
:103D1000C8F30A00A0602771607808B1207860833A
:103D2000022F01D10020607100BF95F89404012892
:103D300002D10220BDE8F087012085F8940400BF7D
:103D40002146286808F0C6FC00BF002085F89404CE
:103D500000BF4846EEE72DE9F04105460E461746FE
:103D6000984606F00F0000EBC00105F5157000EB5A
:103D70008104E760C4F8108000206061607006F084
:103D80000F002070A879012800D1E761AA792146A7
:103D9000286809F025F80020BDE8F08170B50446D8
:103DA0000D4605F00F002179884201D9012070BD30
:103DB00005F0800080280AD105F00F0000EBC0015B
:103DC00004F1140000EB81060120707007E005EBA0
:103DD000C50104F5157000EB81060020707001200C
:103DE000B07005F00F00307000BF94F89404012803
:103DF00001D10220DBE7012084F8940400BF3146A2
:103E0000206808F0A0FF05F00F0028B9A17904F29E
:103E10009C42206808F018FF00BF002084F894043A
:103E200000BF00BFC3E72DE9F04105460E46174627
:103E3000984606F00F0000EBC00105F1140000EBFE
:103E40008104E760C4F81080002060610120607088
:103E500006F00F002070A879012800D1E761AA7947
:103E60002146286808F0BCFF0020BDE8F0812DE95C
:103E7000FE4F0446D4F800B05E46206809F072FA9E
:103E8000002874D1206809F0ACFA08B9BDE8FE8FAB
:103E900040F608008059C0F30D20C4F8D40420680F
:103EA00009F09FFA00F00200022805D1206840695D
:103EB00000F0020021684861206809F092FA00F0E1
:103EC0001000102845D12068806920F0100021687A
:103ED0008861DBF8209009F00F0000EBC00104F5C9
:103EE000157000EB810AC9F3434002281AD147F646
:103EF000F07009EA000030B3C9F30A125846DAF844
:103F00000C1009F073FAC9F30A11DAF80C0008442E
:103F1000CAF80C00C9F30A11DAF814000844CAF808
:103F2000140010E0C9F3434006280CD1082204F223
:103F30009C41584609F05AFAC9F30A11DAF81400FC
:103F40000844CAF814002068806940F01000216815
:103F50008861206809F045FA00F40020B0F5002FD0
:103F60007BD10025206809F00CFA029072E0E1E2B2
:103F7000029800F00100002868D0E9B2206809F03A
:103F800023FA804608F0010048B1012106F53060AF
:103F900000EB451081602946204605F035FB08F00E
:103FA0000800082809D1082106F5306000EB45100B
:103FB00081602946204605F0F5FA08F01000102827
:103FC00005D1102106F5306000EB4510816008F046
:103FD0000200022824D1DBF8140000F080008028C1
:103FE00007D140F60400805940F4806140F6040097
:103FF000815105EBC50104F5157000EB810A9AF8B3
:104000000300012806D100208AF80300E9B2204607
:1040100000F09BFA022106F5306000EB451081604C
:1040200008F02000202805D1202106F5306000EBA3
:104030004510816008F40050B0F5005F06D14FF4E0
:10404000005106F5306000EB451081606D1C029850
:1040500040080290029800288AD1206809F0C1F92E
:1040600000F48020B0F5802F7DD1206809F07FF921
:10407000029000259AE0029800F00100002873D019
:10408000E9B2206809F087F9804608F00100F0B332
:1040900005F00F0101208840019040F6340081595D
:1040A000019821EA000040F634018851012106F50B
:1040B000106000EB45108160A079012824D105EB48
:1040C000C50104F1140000EB810005EBC502C168D5
:1040D00004F1140000EB82008068014405EBC50286
:1040E00004F1140000EB8200C1606DB905EBC5015D
:1040F00004F1140000EB8100006928B904F29C422D
:104100000121206808F0A0FDE9B2204600E001E0AE
:10411000FFF714FD08F00800082805D1082106F56E
:10412000106000EB4510816008F01000102805D1E8
:10413000102106F5106000EB4510816008F040008A
:10414000402805D1402106F5106000EB4510816044
:1041500008F0020002281DD12946584609F0C5F88A
:1041600005EBC50101E025E01CE004F1140000EBC3
:10417000810A9AF80300012806D100208AF803007A
:10418000E9B2204600F0D8F9022106F5106000EBF4
:104190004510816008F08000802803D12946204620
:1041A00005F0D4FA6D1C029840080290029800288D
:1041B0007FF461AF206809F014F900F00040B0F11D
:1041C000004F1CD140F60400805920F0010140F658
:1041D0000400815194F8CC04012807D1002084F810
:1041E000CC0400212046FFF775FC02E0204600F0D9
:1041F000D1FA2068406900F00040216848612068D9
:1042000009F0EFF800F40060B0F5006F0ED140F651
:104210000800805900F0010010B1204600F012FBA8
:104220002068406900F4006021684861206809F056
:10423000D8F800F48050B0F5805F7ED140F60400DD
:10424000805920F0010140F60400815110212068BE
:1042500009F04BF8002732E04FF67F3106F5106089
:1042600000EB4710816006F5106000EB4710006816
:1042700020F4001106F5106000EB471001604FF6C6
:104280007F3106F5306000EB4710816006F5306045
:1042900000EB4710006820F4001106F5306000EBD9
:1042A0004710016006F5306000EB4710006840F0F1
:1042B000006106F5306000EB471001607F1C20793B
:1042C000B842C9D840F61C00805940F0011140F6B0
:1042D0001C008151E07B70B1D6F8840840F00B01DE
:1042E000C6F8841840F64400805940F00B0140F6AF
:1042F000440081510FE040F61400805942F22B0136
:10430000084340F614018851081F805940F00B0102
:104310004FF401608151D6F8000820F4FE60C6F821
:104320000008A17904F29C42206808F08DFC206806
:10433000406900F48050216800E000E04861206896
:1043400009F04FF800F40050B0F5005F17D1206875
:1043500008F028FA206808F0F2FFE07100F040FC55
:104360000090E2792068009909F0C2F8204600F038
:10437000F9F92068406900F400502168486120681C
:1043800009F02FF800F00800082808D1204600F0B6
:1043900008FA2068406900F0080021684861206838
:1043A00009F01FF800F08000802818D1DBF8180011
:1043B00020F08000CBF8180001250DE005EBC501C9
:1043C00004F5157000EB8100C078012803D1E9B233
:1043D0002046FFF7DAFB6D1C2079A842EED8206852
:1043E00008F0FFFF00F48010B0F5801F2DD10125EB
:1043F00022E006F5106000EB4510D0F8009005EBC8
:10440000C50104F1140000EB81000079012812D1EC
:1044100009F00040B0F1004F0DD1012105EBC502BC
:1044200004F1140000EB8200C170E8B240F080019A
:104430002046FFF7AAFB6D1C2079A842D9D8206836
:10444000406900F4801021684861206808F0C9FFC5
:1044500000F40010B0F5001F44D1012538E006F546
:10446000306000EB4510D0F8009005EBC50104F575
:10447000157000EB81000079012828D109F0004077
:10448000B0F1004F23D194F8D40400F00100C9F337
:10449000004188421BD1012105EBC50204F51570CE
:1044A00000EB8200C170DBF8180040F08000CBF810
:1044B0001800DBF8140000F0800040B940F604005A
:1044C000805940F4007140F60400815103E06D1CF6
:1044D0002079A842C3D800BF2068406900F40010CA
:1044E00021684861206808F07CFF00F08040B0F14E
:1044F000804F08D12046FFF71AFB2068406900F082
:10450000804021684861206808F06BFF00F00400DB
:1045100004280FD12068D0F8049009F00400042882
:1045200002D12046FFF72AFB2068406840EA0900D4
:104530002168486000BFA9E470B504460D462946CD
:10454000D4F8E00407F000FD70BD70B504460D46D8
:104550002946D4F8E00407F00CFD70BDF8B5044618
:104560000CB90120F8BD266894F8950428B90020FC
:1045700084F89404204600F0A1F8032084F8950400
:10458000B6F1A04F01D10021A171206808F054FBC1
:10459000207C8DF8000094E80F0008F017F920B196
:1045A000022084F895040120DCE70021206808F04F
:1045B0004DFF20B1022084F895040120D2E70025A8
:1045C00031E0012105EBC50204F1140000EB82008B
:1045D000417005EBC50104F1140000F8215005EB12
:1045E000C50100EB81004583002105EBC50204F104
:1045F000140000EB8200017105EBC50204F1140008
:1046000000EB8200816005EBC50204F1140000EBB1
:104610008200C16005EBC50204F1140000EB8200CA
:104620000161681CC5B22079A842CADC00252AE0D5
:10463000002105EBC50204F5157000EB8200417006
:1046400005EBC50104F5157000F82150002105EBBC
:10465000C50200EB8200017105EBC50204F515707F
:1046600000EB8200816005EBC50204F5157000EBDC
:104670008200C16005EBC50204F5157000EB8200F5
:104680000161681CC5B22079A842D1DC207C8DF87C
:10469000000094E80F0008F0DBF920B1022084F854
:1046A000950401205EE700206074012084F89504E1
:1046B000206808F0BBF9002054E7000010B586B070
:1046C0000446142101A8FCF7A7FC2068B0F1A04F14
:1046D00042D100BF002000902048006840F0010057
:1046E0001E4908600846006800F00100009000BF05
:1046F00000BF4FF4C05001900220029000200390B0
:10470000032004900A20059001A91548FEF7C8FF70
:1047100000BF1248001D006840F080000F49091DCD
:10472000086000BF002000900C481430006840F47E
:1047300080400A49143108600846006800F480404F
:10474000009000BF00BF00BF002205214320FFF7FB
:104750006FF94320FFF758F906B010BD303802401A
:104760000000024070B504460125E07908B9002533
:1047700006E0E079022801D1012501E0FDF723FFE1
:104780002946D4F8E00407F081FCD4F8E00407F0EF
:1047900035FC70BD10B50446D4F8E00407F05FFCAA
:1047A00010BD10B50446D4F8E00407F062FC10BD5B
:1047B00070B504460D4600BF94F89404012801D159
:1047C000022070BD012084F8940400BF657429465E
:1047D000206808F06FFE00BF002084F8940400BF3A
:1047E00000BFEEE710B5044604F29C41D4F8E004A3
:1047F00007F062FC10BD70B50446256800BF94F850
:104800009404012801D1022070BD012084F8940491
:1048100000BFE86800F0400030B1607B012803D1A0
:10482000A86B40F48030A863206808F02FFD206852
:1048300008F0EAF800BF002084F8940400BF00BF2D
:10484000E2E7000010B50446D4F8E00407F088FC65
:104850002068D0F8000E40F001002168C1F8000E79
:10486000E07A28B10348006840F00600014908607A
:1048700010BD000010ED00E0F8B50446002500264C
:10488000207800F0010020B9207800F0040004280E
:104890002FD100205B498866FFF702F8054606E045
:1048A000FEF7FEFF401B022801D90320F8BD564841
:1048B0000068C0F3C0600028F2D160688101207AEE
:1048C00041EA007050498431086001204D498866F2
:1048D000FEF7E6FF054606E0FEF7E2FF401B022872
:1048E00001D90320E2E748480068C0F3C06000280F
:1048F000F2D0207800F0020002287DD100BF002015
:10490000009041484030006840F080503E494031BE
:1049100008600846006800F08050009000BF00BFAB
:104920003A48006840F4807038490860FEF7B8FFE4
:10493000054606E0FEF7B4FF401B022801D903201C
:10494000B4E73248006800F480700028F2D02E48A6
:104950007030006800F440764EB3A08900F44070D7
:10496000B04224D028487030006820F440760120FE
:1049700027490860002008602348703006600068FE
:1049800000F0010098B1FEF78BFF054608E0FEF746
:1049900087FF401B41F28831884201D9032085E717
:1049A000194870300068C0F340000028EFD000BF05
:1049B000A08900F44070B0F5407F0CD11248083057
:1049C000006820F4F810134AE168114008430E49CA
:1049D0000831086007E00C480830006820F4F8103F
:1049E000094908310860084870300068A189C1F39E
:1049F0000B010843044900E002E07031086000BF89
:104A0000002053E700004742003802400070004099
:104A1000400E4742FFFCFF0F70B504460D460CB92F
:104A2000012070BD5848006800F00700A84209D274
:104A300055490D700846006800F00700A84201D0F3
:104A40000120EEE7207800F0020002281DD1207836
:104A500000F00400042805D14C48006840F4E05000
:104A60004A490860207800F00800082805D1474826
:104A7000006840F46040454908604448006820F000
:104A8000F000A168084341490860207800F0010067
:104A9000A8B36068012807D13C4808380068C0F313
:104AA0004040B8B90120BCE76068022802D06068C5
:104AB000032807D1354808380068C0F3406048B97A
:104AC0000120AEE7314808380068C0F3400008B95B
:104AD0000120A6E72D48006820F003006168084324
:104AE0002A490860FEF7DCFE064609E0FEF7D8FE1C
:104AF000801B41F28831884202D9032091E707E008
:104B00002248006800F00C006168B0EB810FEDD125
:104B10001D48006800F00700A84209D91A490D7025
:104B20000846006800F00700A84201D0012078E79D
:104B3000207800F00400042807D11448006820F40D
:104B4000E050E168084311490860207800F008004F
:104B5000082808D10D48006820F46040216940EA27
:104B6000C1000A49086000F061F808490968C1F30A
:104B70000311074A515CC8400649086006480068AE
:104B8000FEF7BEFE00204CE7003C02400838024021
:104B9000285C0108A8000020A00000200F2202606D
:104BA0000D4A126802F0030242600B4A126802F0DA
:104BB000F0028260084A126802F4E052C260064ABB
:104BC000126802F46042D2080261044A126802F0DC
:104BD00007020A607047000008380240003C0240AB
:104BE0000148006870470000A800002000B5FFF7EA
:104BF000F7FF04490968C1F38221034A515CC840A8
:104C000000BD000008380240385C010800B5FFF71D
:104C1000E7FF04490968C1F34231034A515CC840C7
:104C200000BD000008380240385C01082DE9F0475B
:104C3000002400250026A1462548006800F00C004D
:104C400020B1042805D008283AD105E0DFF8849087
:104C500039E0DFF8849036E01D48001F006800F05E
:104C60003F041B48001F006800F4800078B11A4818
:104C70001749091F0968C1F38811A0FB017001469B
:104C8000224600233846FCF7F4F805460EE01148AA
:104C90000F49091F0968C1F38811A0FB0170014683
:104CA000224600233846FCF7E4F805460848001F72
:104CB0000068C0F30140401C4600B5FBF6F902E075
:104CC000DFF8109000BF00BF4846BDE8F087000045
:104CD000083802400024F400001BB700F8B5044671
:104CE0000CB90120F8BD207800F00100002874D034
:104CF000F948006800F00C0004280DD0F648006860
:104D000000F00C00082813D1F348001F006800F4DD
:104D10008000B0F5800F0BD1EF4808380068C0F371
:104D20004040002859D06068002856D10120D9E7BA
:104D300000BF6068B0F5803F08D1E74808380068D8
:104D400040F48030E449083908601EE06068B0F53E
:104D5000A02F0DD1E0480838006840F48020DE49DB
:104D6000083908600846006840F4803008600CE0AC
:104D7000D9480838006820F48030D74908390860DD
:104D80000846006820F48020086000BF606890B189
:104D9000FEF786FD054606E0FEF782FD401B64280F
:104DA00001D903209EE7CC4808380068C0F3404092
:104DB0000028F1D011E0FEF773FD054606E0FEF78E
:104DC0006FFD401B642801D903208BE7C2480838D7
:104DD0000068C0F340400028F1D1207800F00200C4
:104DE00002285FD1BC48006800F00C0058B1BA48F6
:104DF000006800F00C0008281CD1B748001F0068AC
:104E000000F48000B0B9B44808380068C0F340002E
:104E100020B1E068012801D0012063E7AE480838DE
:104E2000006820F0F800216940EAC100AA49083969
:104E3000086037E0E06800B30120A8490860FEF789
:104E40002FFD054606E0FEF72BFD401B022801D989
:104E5000032047E7A04808380068C0F34000002856
:104E6000F1D09D480838006820F0F800216940EA38
:104E7000C10099490839086014E00020974908608A
:104E8000FEF70EFD054606E0FEF70AFD401B022870
:104E900001D9032026E7904808380068C0F3400095
:104EA0000028F1D1207800F0080008282CD1606992
:104EB000A8B101208A490860FEF7F2FC054606E029
:104EC000FEF7EEFC401B022801D903200AE78248C6
:104ED0006C300068C0F340000028F1D014E00020DE
:104EE0007F490860FEF7DCFC054606E0FEF7D8FCCB
:104EF000401B022801D90320F4E677486C30006893
:104F0000C0F340000028F1D1207800F0040004280C
:104F100070D1002770483830006800F0805090B998
:104F200000BF002000906C483830006840F080508E
:104F30006949383108600846006800F080500090E8
:104F400000BF00BF01276748006800F48070B0B957
:104F50006448006840F4807062490860FEF7A0FC75
:104F6000054606E0FEF79CFC401B022801D9032001
:104F7000B8E65C48006800F480700028F2D000BFFA
:104F8000A068012808D154486830006840F001004A
:104F90005149683108601DE0A06805280DD14E48D0
:104FA0006830006840F004004B49683108600846EA
:104FB000006840F0010008600CE047486830006875
:104FC00020F001004449683108600846006820F07C
:104FD0000400086000BFA068A8B1FEF761FC0546A8
:104FE00009E0FEF75DFC401B41F28831884202D99E
:104FF000032077E626E0384868300068C0F34000B8
:105000000028EED013E0FEF74BFC054608E0FEF763
:1050100047FC401B41F28831884201D9032061E6F8
:105020002D4868300068C0F340000028EFD1012F00
:1050300007D129483830006820F08050264938319F
:10504000086000BFA069002845D02348006800F030
:105050000C0008285DD0A069022845D100201F4916
:105060000866FEF71DFC054606E0FEF719FC401B2E
:10507000022801D9032035E6174808380068C0F334
:1050800040600028F1D1D4E907010843616A40EA91
:1050900081110122A06AC2EB500041EA00412C209C
:1050A000005D41EA00600C49091F086001200B49BE
:1050B0000866FEF7F5FB054606E0FEF7F1FB401B30
:1050C000022801D903200DE6034808380068C0F320
:1050D00040600028F1D049E0083802400000474213
:1050E000800E474200700040002021490866FEF70C
:1050F000D7FB054606E0FEF7D3FB401B022801D98B
:105100000320EFE51B480068C0F340600028F2D19F
:105110002CE0A069012800D1E4E51648001D0668CE
:10512000A069012820D006F48001E06981421BD1EA
:1051300006F03F01206A814216D147F6C070304028
:10514000616AB0EB811F0FD106F440310122A06AE1
:10515000C2EB5000B1EB004F06D106F070612C207D
:10516000005DB1EB006F01D00120BBE50020B9E587
:10517000000047420038024070B504460CB90120D7
:1051800070BD607F20B900202077204600F04EF8E7
:10519000022060772068C068C0F3001000283CD16E
:1051A00000BFCA202168486253202168486200BFBE
:1051B000204604F0BBFE0546EDB9206880681A4918
:1051C0000840216888602169606808436169084374
:1051D000216889680843216888602168E06808615F
:1051E00020680169208941EA004021680861204661
:1051F00004F0C1FE05465DB92068006C20F48020F3
:10520000216808642068006CA1690843216808646B
:1052100000BFFF202168486200E000250DB9012091
:1052200060772846ACE70000BFFF8FFF1FB504463C
:105230000020009001900290039009492068884264
:105240000CD102200090074803906846FFF714FB3A
:1052500008B1FDF7B8F90120034908601FBD00003F
:105260000028004000031E003C0E474270B5044673
:1052700000250B482168C860FEF712FB054607E0D1
:10528000FEF70EFB401BB0F57A7F01D9032070BDFD
:105290002068C06800F020000028F1D00020F6E768
:1052A0005F7F010010B504460CB9012010BD606A93
:1052B00038B96068B0F5827F00D105E00021E16176
:1052C00002E00021216161610021A16294F8510096
:1052D00028B9002084F85000204600F047F802204A
:1052E00084F851002068006820F0400021680860C0
:1052F000A08800F48270218901F404410843A18947
:1053000001F400610843217C01F002010843217D82
:1053100001F001010843218B01F400710843217F52
:1053200001F0380108432021095D01F080010843A4
:10533000218D01F400510843216808600421A0690F
:1053400001EA104094F8241001F01001084321688C
:1053500048602068C06920F400602168C8610020AE
:105360006065012084F8510000209FE710B586B0E9
:105370000446142101A8FBF74FFE4B4920688842E0
:105380007ED100BF002000904848006840F4805063
:10539000464908600846006800F48050009000BF4D
:1053A00000BF00BF0020009040481438006840F063
:1053B00002003E49143908600846006800F0020007
:1053C000009000BF00BF00BF0020009008460068AA
:1053D00040F0010008600846006800F001000090FD
:1053E00000BF00BF1820019002200290012003900E
:1053F000032004900520059001A92D48FEF750F9DF
:10540000802001900220029001200390032004904C
:105410000520059001A92748FEF742F926482749AB
:1054200008604FF0C0604860002124488160C1607E
:105430004FF480610161002141618161C1614FF4DC
:105440004031016200214162FEF746F808B1FDF7E4
:10545000BAF800BF1948E064846300BF16484830BA
:10546000174908604FF0C0604860402114488160CF
:105470000021C1604FF4806101610021416100E0C1
:1054800010E08161C1614FF400310162002141628D
:10549000FEF722F808B1FDF796F800BF0848A064AF
:1054A000846300BF06B010BD0030014044380240A4
:1054B000000402400000024010640240FC09002089
:1054C0005C0A00202DE9FE4F04460F4690461D461B
:1054D0000C9E01200190FEF7E3F9814694F851B04B
:1054E00060680290AA46BBF1010F0BD00298B0F59C
:1054F000827F04D1A06810B9BBF1040F02D0022052
:10550000BDE8FE8F1FB1B8F1000F00D00DB901202A
:10551000F6E700BF94F85000012801D10220EFE720
:10552000012084F8500000BF94F85100042802D0F4
:10553000052084F8510000206065C4F83880E587B4
:10554000A5872763E586A5862064606420680068D7
:1055500000F04000402805D02068006840F040007E
:1055600021680860E068B0F5006F52D1606810B142
:10557000BAF1010F09D1206B00882168C860206B47
:10558000801C2063E08E401EE0863BE0206880683F
:1055900000F00200022810D1E08E70B101980128BD
:1055A0000BD1206B00882168C860206B801C2063B1
:1055B000E08E401EE086002001902068806800F0A8
:1055C000010068B1E08F58B12068C068A16B088005
:1055D000A06B801CA063E08F401EE087012001903B
:1055E000FEF75EF9A0EB0900B0420BD3701C48B186
:1055F000012084F8510000BF002084F8500000BF53
:1056000003207DE7E08E0028C0D1E08F0028BDD1C7
:1056100052E0606810B1BAF1010F09D1206B007837
:1056200021680873206B401C2063E08E401EE086DA
:105630003CE02068806800F00200022810D1E08E73
:1056400070B1019801280BD1206B00782168087394
:10565000206B401C2063E08E401EE08600200190FD
:105660002068806800F0010068B1E08F58B12068C0
:10567000C068A16B0870A06B401CA063E08F401E47
:10568000E08701200190FEF70BF9A0EB0900B04282
:1056900001D3701C00B94EB9012084F8510000BF3D
:1056A000002084F8500000BF032029E7E08E002886
:1056B000BFD1E08F0028BCD14A463146204604F0D5
:1056C00093FC40B12020606500BF002084F85000AA
:1056D00000BF012014E7A06850B900BF002000906F
:1056E0002068C068009020688068009000BF00BFFC
:1056F000012084F8510000BF002084F8500000BF52
:10570000606D08B10120FBE60020F9E670477047A4
:1057100010B504460CB9012010BD94F83D0028B91D
:10572000002084F83C00204600F026F8022084F88F
:105730003D00211D206804F0E5FD012084F84600AD
:1057400000BF84F83E0001213F2001554020015553
:105750004120015500BF00BF012084F842004320D2
:105760000155442001554520015500BF012084F812
:105770003D000020D0E7000008B50A4A01689142C8
:105780000FD100BF002100910749096841F40031A1
:10579000054A11601146096801F40031009100BF0B
:1057A00000BF08BD0044014044380240014691F862
:1057B0003D00012801D001207047022081F83D0002
:1057C0000868C06840F001000B68D8601A4B086890
:1057D00098421BD00868B0F1804F17D0174B08686B
:1057E000984213D0164B086898420FD0154B0868A2
:1057F00098420BD0144B0868984207D0134B0868A6
:10580000984203D0124B086898420CD1086880680F
:1058100000F00702062A0CD00868006840F001007A
:105820000B68186005E00868006840F001000B682C
:1058300018600020C0E700000000014000040040A4
:1058400000080040000C00400004014000400140FE
:1058500000180040704770B504462068C56820688D
:10586000066906F00200022819D105F0020002289C
:1058700015D1401F216808610120207720688069C8
:1058800000F0030018B12046FFF7E4FF05E02046D2
:1058900000F0CAF8204600F07EF90020207706F0DC
:1058A0000400042819D105F00400042815D1C043D0
:1058B00021680861022020772068806900F4407028
:1058C00018B12046FFF7C6FF05E0204600F0ACF80F
:1058D000204600F060F90020207706F00800082834
:1058E00019D105F00800082815D1C04321680861C6
:1058F000042020772068C06900F0030018B120461A
:10590000FFF7A8FF05E0204600F08EF8204600F0E3
:1059100042F90020207706F01000102819D105F078
:105920001000102815D1C043216808610820207795
:105930002068C06900F4407018B12046FFF78AFF64
:1059400005E0204600F070F8204600F024F9002021
:10595000207706F0010048B105F0010030B16FF08A
:10596000010021680861204600F09CF906F08000E3
:10597000802809D105F08000802805D1C043216826
:1059800008612046FFF7C2FE06F04000402809D11A
:1059900005F04000402805D1C04321680861204639
:1059A00000F089F906F02000202809D105F0200038
:1059B000202805D1C043216808612046FFF7A7FED3
:1059C00070BD000010B586B00446142101A8FBF795
:1059D00023FB1249206888421DD100BF002000909F
:1059E0000F48006840F020000D4908600846006834
:1059F00000F02000009000BF00BF40200190022076
:105A0000029001200390022004900320059001A938
:105A10000448FDF745FE06B010BD000000440140FB
:105A2000303802400014024070472DE9F04104462E
:105A30000D461646002700BF94F83C00012802D10D
:105A40000220BDE8F081012084F83C0000BF36B19F
:105A5000042E1BD0082E31D00C2E5ED145E02946F5
:105A6000206804F0D1FC2068806940F008002168BB
:105A700088612068806920F00400216888612068BE
:105A80008069296908432168886148E029462068BF
:105A900004F0F2FC2068806940F4006021688861AD
:105AA0002068806920F480602168886120688069AE
:105AB000296940EA01202168886130E02946206890
:105AC00004F018FD2068C06940F008002168C86132
:105AD0002068C06920F004002168C8612068C0699E
:105AE000296908432168C86119E02946206804F043
:105AF0003DFD2068C06940F400602168C8612068ED
:105B0000C06920F480602168C8612068C069296983
:105B100040EA01202168C86101E0012700BF00BF01
:105B200000BF002084F83C0000BF384689E710B56C
:105B300004460CB9012010BD94F83D0028B900209E
:105B400084F83C00204600F025F8022084F83D004F
:105B5000211D206804F0D6FB012084F8460000BF18
:105B600084F83E0001213F2001554020015541208D
:105B7000015500BF00BF012084F8420043200155B9
:105B8000442001554520015500BF012084F83D0007
:105B90000020D0E77047704770B504460D4615B930
:105BA00094F83E000BE0042D02D13F20005D06E09A
:105BB000082D02D14020005D01E04120005D012858
:105BC00001D0012070BD1DB9022084F83E000EE016
:105BD000042D03D102213F20015508E0082D03D1F7
:105BE00002214020015502E00221412001550122FD
:105BF0002946206804F0F6FB23492068884203D038
:105C000022492068884201D1012000E0002028B10B
:105C10002068406C40F40040216848641A492068BC
:105C200088421BD02068B0F1804F17D018492068F7
:105C3000884213D01749206888420FD0164920683F
:105C400088420BD011492068884207D01349206848
:105C5000884203D01249206888420CD120688068AD
:105C600000F00706062E0CD02068006840F0010006
:105C70002168086005E02068006840F001002168A4
:105C8000086000209EE70000000001400004014081
:105C90000004004000080040000C004000400140AB
:105CA0000018004010B504462068B0F1804F01D1C3
:105CB000FDF7FCFD10BD7047704710B5044600BFEE
:105CC00000BF21680C3151E8001F21F49070216859
:105CD0000C3141E80002002AF3D100BF00BF00BF31
:105CE0002168143151E8001F21F0010021681431AE
:105CF00041E80002002AF3D100BF206B01280ED139
:105D000000BF00BF21680C3151E8001F21F01000D6
:105D100021680C3141E80002002AF3D100BF20685D
:105D2000406900F04000402820D100BF00BF21683A
:105D3000143151E8001F21F040002168143141E87E
:105D40000002002AF3D100BFE06B78B10020E16BC4
:105D50000865E06BFDF733FA40B1E06BFDF799FAA7
:105D6000202803D110206064032010BD0020E085AE
:105D7000202084F842000020206300BFF5E7704730
:105D80002DE9F84F0446206805682068C668206839
:105D900047694FF00009CA4605F00F09B9F1000F35
:105DA0000AD105F0200038B106F0200020B12046CD
:105DB00004F06DFDBDE8F88FB9F1000F7CD007F05D
:105DC000010018B906F49070002875D005F00100A4
:105DD00030B106F4807018B1606C40F0010060646E
:105DE00005F0040030B107F0010018B1606C40F01C
:105DF0000200606405F0020030B107F0010018B144
:105E0000606C40F00400606405F0080048B106F0E2
:105E1000200010B907F0010018B1606C40F00800D4
:105E20006064606C002846D005F0200028B106F0C0
:105E3000200010B1204604F02AFD20684069C0F31C
:105E4000801A606C00F0080010B9BAF1000F2DD074
:105E5000204604F0C3FC2068406900F04000402860
:105E600020D100BF00BF2168143151E8001F21F08C
:105E700040002168143141E80002002AF3D100BF3C
:105E8000E06B50B17F48E16B0865E06BFDF7EDF921
:105E900088B1E06B016D88470DE02046FFF76FFF8A
:105EA00009E009E02046FFF76AFF04E02046FFF71B
:105EB00066FF002060647DE7206B012878D105F043
:105EC0001000002874D006F010000028FAD000BF9F
:105ED00000200090206800680090206840680090D2
:105EE00000BF00BF2068406900F04000402870D12A
:105EF000E06B006840681FFA80F8B8F1000F58D0D6
:105F0000A08D404555DDA4F82E80E06BC069B0F54A
:105F1000807F43D000BF00BF21680C3151E8001FD3
:105F200021F4807021680C3141E80002002AF3D18D
:105F300000BF00BF00BF2168143151E8001F21F0ED
:105F400001002168143141E80002002AF3D100BFAA
:105F500000BF00BF2168143151E8001F21F040004C
:105F60002168143141E80002002AF3D100BF20204B
:105F700084F842000020206300BF00BF21680C317C
:105F800051E8001F21F0100021680C3141E80002A7
:105F9000002AF3D100BFE06BFDF711F90220606326
:105FA000A08DE28D801A81B22046FFF785FE0EE0BB
:105FB00052E0A08D40450AD1E06BC069B0F5807F0A
:105FC00005D102206063A18D2046FFF775FEF1E642
:105FD000FFE7A08DE18D401A1FFA80F8E08DD0B365
:105FE000B8F1000F37D000BF00BF21680C3151E875
:105FF000001F21F4907021680C3141E80002002A52
:10600000F3D100BF00BF00BF2168143151E8001F69
:1060100021F001002168143141E80002002AF3D187
:1060200000BF202084F842000020206300BF00BF92
:1060300021680C3151E8001F21F0100021680C315B
:1060400041E80002002AF3D100BF0220606341460C
:106050002046FFF731FEADE605F0800030B106F0D6
:10606000800018B1204604F013FEA3E605F04000BE
:1060700030B106F0400018B1204604F0E5FB99E687
:1060800000BF97E63DA6000810B504460CB90120F4
:1060900010BDA06900B100E000BF94F8410028B92C
:1060A000002084F84000204600F02AF8242084F8DC
:1060B00041002068C06820F400502168C860204674
:1060C00004F064FC2068006920F4904021680861B5
:1060D0002068406920F02A00216848612068C06873
:1060E00040F400502168C86000206064202084F8DB
:1060F000410084F842000020606300BFC8E7000050
:1061000010B586B00446142101A8FAF785FFBF49EF
:10611000206888427ED100BF00200090BC48006803
:1061200040F01000BA4908600846006800F010000E
:10613000009000BF00BF00BF00200090B44814389A
:10614000006840F00200B24914390860084600684F
:1061500000F00200009000BF00BF00BF00200090D0
:106160000846006840F0010008600846006800F03A
:106170000100009000BF00BF80200190022002902B
:1061800000200390032004900720059001A9A14856
:10619000FDF786FA4FF40070019002200290002073
:1061A0000390032004900720059001A99A48FDF769
:1061B00077FA9A489A4908604FF0006048600021D9
:1061C00097488160C1604FF48061016100214161A5
:1061D00081614FF48071C161490201620021416215
:1061E000FDF77AF908B1FCF7EEF900BF8C48E063DF
:1061F000846300BF894878308A4908604FF00060A6
:1062000048604021874881600021C1604FF480616F
:10621000016100E01BE0002141618161C1614FF437
:106220000031016200214162FDF756F908B1FCF727
:10623000CAF900BF7B48A063846300BF0022052128
:106240002520FDF7F5FB2520FDF7DEFBDCE0764998
:106250002068884258D100BF002000906C48001F81
:10626000006840F480206A49091F086008460068F9
:1062700000F48020009000BF00BF00BF002000900D
:1062800063481438006840F004006149143908601C
:106290000846006800F00400009000BF00BF4FF403
:1062A000406001900220029000200390032004909F
:1062B0000720059001A95D48FDF7F2F95C485D49AA
:1062C00008604FF00060486000215A488160C1605A
:1062D0004FF480610161002141618161C16101620E
:1062E0004162FDF7F9F808B1FCF76DF900BF5148BC
:1062F000E063846300BF002205212720FDF798FB9F
:106300002720FDF781FB7FE04B49206888427BD145
:1063100000BF002000903E48006840F020003C494B
:1063200008600846006800F02000009000BF00BF31
:1063300000BF0020009036481438006840F040004C
:106340003349143908600846006800F040000090A6
:1063500000BF00BF4FF48440019002200290002053
:106360000390022004900820059001A93348FDF70E
:1063700097F92A481838324908608005486000219A
:106380002F488160C1604FF480610161002141614B
:1063900081614FF48071C161490201620021416253
:1063A000FDF79AF808B1FCF70EF900BF2448E06346
:1063B000846300BF19486030224908604FF02060B4
:1063C000486040211F4881600021C1604FF4806116
:1063D0000161002141618161C1614FF400310162BD
:1063E00000214162FDF778F808B1FCF7ECF800BF36
:1063F0001448A063846300BF002205214720FDF7F5
:1064000017FB4720FDF700FB06B010BD0010014050
:106410004438024000040240000002404064024050
:10642000DC0B00203C0C002000480040000802402B
:10643000286002409C0C002000140140001802401B
:10644000FC0C00205C0D002070B504460D4616467D
:1064500094F8420020280BD105B10EB9012070BD7F
:106460000020206332462946204604F0A5FBF6E7CB
:106470000220F4E770477047F7B50446154694F8D4
:10648000410020283ED1019800B10DB90120FEBD88
:1064900001982062A584E58400206064212084F8AE
:1064A00041001948A16BC8631848A16B08641848DB
:1064B000A16BC8640020A16B086501AE23681A1D9A
:1064C00031682B46A06BFDF77DF830B11020606479
:1064D000202084F841000120D9E76FF040002168B6
:1064E000086000BF00BF2168143151E8001F41F06F
:1064F00080002168143141E80002002AF3D100BF76
:106500000020C4E70220C2E777A70008CFA7000851
:106510004FA600087047704770B5044600202074ED
:10652000A37B484D2D8803FB05F26168D4F8F40085
:10653000FAF716FDA27B434B1B8802FB03F1606850
:10654000FAF76AFDA27B3F4B1B885A43A37B02FBF1
:1065500003F1D4F81801FAF75FFD227B394B1B8851
:106560005A43A37B02FB03F1D4F80C01FAF754FD64
:10657000002031E0D4F8F41001EB800191ED000A25
:10658000B5EEC00AF1EE10FA24D0D4F8F41001EB05
:10659000800191ED000A227CD4F8F41001EB820115
:1065A00081ED000A227C616A8854A16901EB8001B7
:1065B00091ED000A6169095C227B237C12FB0311C7
:1065C000491ED4F80C2102EB810181ED000A217CE7
:1065D000491C2174411CC8B2A17B8142CADC002045
:1065E00011E0626A125CE16901EB820191ED000A3F
:1065F000227C00FB0202D4F8181101EB820181ED2C
:10660000000A411CC8B2217C8142EADC207CA4F84B
:106610007800217B7A200153207BA4F88000217C24
:1066200082200153207CA4F89000217C9220015309
:10663000207BA4F89800217C9A200153207CA4F8A8
:10664000480070BD1401002000BFFEE710B58FB0F8
:106650000278A52A7ED190F82F20AA2AFAD100220A
:1066600021E0531CC35C0EACA354531DC35C0DACA2
:10667000A35402F10903C35C0CACA35402F10D0353
:10668000C35C0BACA35402F11903C35C06ACA35466
:1066900002F11F03C35C04ACA35402F12303C35CE7
:1066A00003ACA354521C042ADBDB002228E002F1D5
:1066B0001103C35C0AACA35402F11303C35C09AC1D
:1066C000A35402F11503C35C08ACA35402F11703F1
:1066D000C35C07ACA35402F11D03C35C05ACA35417
:1066E00002F12703C35C02ACA35402F12903C35C8B
:1066F00001ACA35402F12B03C35C0DF80230521C11
:10670000022AD4DB9DED0E0A81ED010A9DED0D0AF2
:1067100081ED040A9DED0C0A81ED020A9DED0B0A44
:1067200081ED030ABDF828208A82BDF82420CA82A0
:10673000BDF820200A83BDF81C204A839DED060A7F
:1067400081ED070ABDF814200A849DED040A81ED4D
:10675000090A00E012E0039A8A62BDF808208A85DF
:10676000BDF80420CA85BDF800200A8690F82D20C7
:1067700090F82E3042EA03224A8600BF0E4B8A6A06
:106780001B689A4205D10D4A1288521C0B4B1A8085
:1067900002E00022094B1A80084A1288642A03DBAF
:1067A0000122074B1A7002E00022054B1A70024BBF
:1067B0008A6A1A600FB010BD800500208405002091
:1067C0007805002005484079012804D10448008B51
:1067D00008B9012070470020FCE70000F8AF002056
:1067E00058A7002070B52DED088B86B004460D46E5
:1067F000164694ED040ACA48D0ED000A30EE600A4D
:10680000B0EEC00ADFEDC70AB4EEE00AF1EE10FA0E
:1068100022DC94ED050AC448D0ED000A30EE600A8F
:10682000B0EEC00ADFEDBF0AB4EEE00AF1EE10FAF6
:1068300012DC94ED060ABD48D0ED000A30EE600A85
:10684000B0EEC00ADFEDB70AB4EEE00AF1EE10FADE
:1068500002DC207800287DD094ED040ADFEDB40A34
:1068600080EE201AB0EE41BAB0EE4B0AF9F780FD87
:10687000F0EE408A94ED050ADFEDAD0A80EE201AB5
:10688000B0EE41BAB0EE4B0AF9F772FDF0EE40AA55
:1068900094ED060ADFEDA60A80EE201AB0EE41BAAA
:1068A000B0EE4B0AF9F764FDB0EE409A94ED040A9D
:1068B000DFED9F0A80EE201AB0EE41BAB0EE4B0A2F
:1068C000F9F792FDB0EE40AA94ED050ADFED980AC3
:1068D00080EE201AB0EE41BAB0EE4B0AF9F784FD13
:1068E000F0EE409A94ED060ADFED910A80EE201A50
:1068F000B0EE41BAB0EE4B0AF9F776FDB0EE408A41
:1069000068EE890A2AEE291AB0EE480A41EE000A1A
:106910008848C0ED000A2AEE8A0A874880ED000AFE
:10692000B0EE480A28EE800A69EE0A0A00EEE90A8B
:10693000824880ED000A68EEA90AB0EE480A20EE0F
:10694000800A09EE4A0A7E4880ED000A28EEAA0A6B
:106950007C4800E021E080ED000AF1EE4A0AB0EE4A
:10696000480A20EE800A68EE890A00EEE90A7648B5
:1069700080ED000AF1EE6A0AB0EE480A20EE800AC5
:10698000724880ED000A7248C0ED009A2AEE890A2A
:10699000704880ED000A00202070002011E005EB17
:1069A000800191ED000A211D01EB8001D1ED000A6B
:1069B00020EE200A03A901EB800181ED000A411CB1
:1069C000C8B20328EBDB9DED030A5A48D0ED000A5C
:1069D00020EE200ADDED040A574890ED001A01EE82
:1069E000200ADDED050A554890ED001A01EE200A57
:1069F00085ED000A9DED030A5148D0ED000A20EE16
:106A0000200ADDED040A4F4890ED001A01EE200A3D
:106A1000DDED050A4C4890ED001A01EE200A85EDE7
:106A2000010A9DED030A4948D0ED000A20EE200A34
:106A3000DDED040A464890ED001A01EE200ADDED76
:106A4000050A444890ED001A01EE200A85ED020A7D
:106A500000200AE006EB800191ED000A694601EB97
:106A6000800181ED000A411CC8B20328F2DB9DEDD4
:106A7000000A3048D0ED000A20EE200ADDED010AC0
:106A80002D4890ED001A01EE200ADDED020A2B4898
:106A900090ED001A01EE200A86ED000A9DED000A35
:106AA0002748D0ED000A20EE200ADDED010A254836
:106AB00090ED001A01EE200ADDED020A224890ED69
:106AC000001A01EE200A86ED010A9DED000A1F481A
:106AD000D0ED000A20EE200ADDED010A1C4890ED01
:106AE000001A01EE200ADDED020A1A4890ED001AA4
:106AF00001EE200A86ED020A94ED040A084880EDB2
:106B0000000A94ED050A084880ED000A94ED060A93
:106B1000064880ED000A06B0BDEC088B70BD000091
:106B2000F00400206F12833AF4040020F8040020DF
:106B3000E12E6542FC040020000500200405002031
:106B4000080500200C050020100500201405002079
:106B5000180500201C05002010B5044654F8EC0F61
:106B600090ED000A834880ED000A206890ED010A4C
:106B7000814880ED000A206890ED020A7F4880ED90
:106B8000000A54F8EC0990ED030A7D4880ED000AF4
:106B90007848D0ED000A60EEA00A774890ED001A20
:106BA000D0ED001A41EE210A744890ED001AD0EDA4
:106BB000001A41EE210A724890ED001AD0ED001A39
:106BC00041EE210AB0EE600A0AF038FE6D4880ED11
:106BD000000A002012E0D4F8EC1001EB800191EDE6
:106BE000000A6849D1ED000A20EE200AD4F8EC1022
:106BF00001EB800181ED000A411CC8B20428EADBE8
:106C0000614890ED6F0A5C48D0ED000A20EE200A42
:106C1000F0EE000A80EE201AF834A06880ED041A25
:106C2000594890ED6F0A5548D0ED000A20EE200A31
:106C3000F0EE000A80EE201AA06880ED051A524896
:106C400090ED6F0A4B48D0ED000AF1EE600A20EE9D
:106C5000200AF0EE000A80EE201AA06880ED0A1AE1
:106C6000494890ED6F0A4648D0ED000A20EE200A10
:106C7000F0EE000A80EE201AA06880ED0B1A424860
:106C800090ED6F0A3E48D0ED000AF1EE600A20EE6A
:106C9000200AF0EE000A80EE201AA06880ED101A9B
:106CA000394890ED6F0A3348D0ED000AF1EE600AE2
:106CB00020EE200AF0EE000A80EE201AA06880ED97
:106CC000111A314890ED6F0A2C48D0ED000A20EEE1
:106CD000200AF0EE000A80EE201AA06880ED161A55
:106CE000294890ED6F0A2448D0ED000AF1EE600AC1
:106CF00020EE200AF0EE000A80EE201AA06880ED57
:106D0000171A206890ED1C0A1F48D0ED740A80EE17
:106D1000201A206880ED1C1A206890ED230A1A487A
:106D2000D0ED740A80EE201A206880ED231A54F802
:106D3000F80990ED1C0ADFED150AB4EEE00AF1EE59
:106D400010FA05DD9FED110AD4F8F80080ED1C0A59
:106D5000D4F8F80090ED230ADFED0C0AB4EEE00A57
:106D6000F1EE10FA05DD9FED090AD4F8F80080ED88
:106D7000230A10BDD0010020D4010020D80100203A
:106D8000DC010020E001002008A0002000401C469B
:106D900010B52DED068BF0EE408AB0EE60AAB0EE95
:106DA000419AB0EE618AF0EE429A01203A490870A9
:106DB0000846C0ED6C8A80ED6DAA80ED6E9A9FED5D
:106DC000370A80ED730A002081F838010A46C2F8BC
:106DD0004001C2F844010021C2F84811C2F84C1128
:106DE000B7EE000AB4EEC08AF1EE10FA03DDB7EE9A
:106DF000000AB0EE408A284880ED748AC0ED649A9B
:106E0000032300220621001D01F04EF9244B01222C
:106E10001146A3F10800F9F7B5FBB7EE000A1E48CA
:106E2000D0F8EC0080ED000A9FED1E0A1A48D0F859
:106E3000EC0080ED010A9FED1B0A1748D0F8EC002A
:106E400080ED020A9FED170A1348D0F8EC0080EDA0
:106E5000030A15491048C0F8D0101449C0F8D410DE
:106E60001349C0F8D8101349C0F8DC10012180F88C
:106E70002E1080F82F1001469022D1F804010E49FF
:106E8000FAF76EF804499022D1F8FC000B49FAF7A2
:106E900067F8BDEC068B10BD08A0002077CC2B3224
:106EA000D0A1002000000000C16E0008596B00084E
:106EB000F56E000851760008405C010830010020A2
:106EC00010B5044654F8F81F90220748FAF748F81E
:106ED00048220648616AFAF743F86169F83C48229B
:106EE0000348FAF73DF810BD30010020E8A100206A
:106EF00030A2002010B5044654F8EC0F90ED000AC3
:106F0000F0EE000A20EE200A3F4880ED000A2068DB
:106F100090ED010AF0EE000A20EE200A3B4880EDD9
:106F2000000A206890ED020AF0EE000A20EE200A26
:106F3000374880ED000A206890ED030AF0EE000A61
:106F400020EE200A334880ED000A14F8DE2C324B84
:106F50001B885A4314F8E03C02FB03F1206AFAF75D
:106F60005BF82B4890ED000AB1EE400A206A80EDF4
:106F7000000A284890ED000A206A80ED010A2248A4
:106F800090ED000AB1EE400A206A80ED020A1F4827
:106F900090ED000A206A80ED030A1C4890ED000A7B
:106FA000206A80ED060A184890ED000A206A80EDFC
:106FB000070A184890ED000A206A80ED080A144874
:106FC00090ED000A206A80ED090A0F4890ED000A52
:106FD000206A80ED0C0A0D4890ED000AB1EE400ADF
:106FE000206A80ED0D0A0A4890ED000AB1EE400AD1
:106FF000206A80ED0E0A074890ED000A206AEC3CFA
:1070000080ED0F0A10BD0000E4010020E80100201F
:10701000EC010020F00100201401002010B52DED3E
:10702000088BB0EE40AAF0EE60AAB0EE41BAF0EEE6
:10703000618AB0EE429AF0EE629AB0EE438AFE4860
:10704000007858B99FEDFD2AF7EE001A9FEDFC1A63
:10705000DFEDFC0AB2EE040AFFF79AFEF64880ED77
:107060006F8A90ED580A3AEE400A80ED5B0A90ED87
:10707000590A3AEEC00A80ED5C0A90ED5A0A3BEEDE
:10708000400A80ED5D0A90ED5B0AF6EE000A20EE04
:10709000200A20EE080AEC4880ED000AE64890ED50
:1070A0005C0AF6EE000A20EE200A20EE080AE74805
:1070B00080ED000AE04890ED5D0AF6EE000A20EE51
:1070C000200A20EE080AE24880ED000ADA49902200
:1070D000D1F80401DF49F9F743FFDB4890ED000ADE
:1070E000B1EE400AD448D0F8040180ED010AD74837
:1070F00090ED000AB1EE400ACF48D0F8040180EDCF
:10710000020AD34890ED000AB1EE400ACA48D0F80E
:10711000040180ED030ACC4890ED000AC648D0F87F
:10712000040180ED060ACA4890ED000AC248D0F872
:10713000040180ED080AC54890ED000AB1EE400A4E
:10714000BD48D0F8040180ED090AC04890ED000A5E
:10715000B948D0F8040180ED0C0ABD4890ED000A52
:10716000B1EE400AB448D0F8040180ED0D0AB648EB
:1071700090ED000AB048D0F8040180ED0F0AB44841
:1071800090ED000AAC48D0F8040180ED120AAF4837
:1071900090ED000AA848D0F8040180ED130AAA482F
:1071A00090ED000AB1EE400AA348D0F8040180ED4A
:1071B000140AA148D0F84811D0F84C0100235940D6
:1071C0005840014306D19C48C0ED5E8A80ED5F9A2D
:1071D000C0ED609A984890ED5E0AD0ED640A60EECA
:1071E000200A90ED6F0A90ED641A30EE011A80EEDD
:1071F000810AD0ED6F0A90ED641A70EE810A90ED6D
:107200006F1A21EE281AC1EE201A30EE210A80ED05
:107210005E0A90ED5F0AD0ED640A60EE200A90ED00
:107220006F0A90ED641A30EE011A80EE810AD0EDFB
:107230006F0A90ED641A70EE810A90ED6F1A21EEDC
:10724000091AC1EE201A30EE210A80ED5F0A90ED96
:10725000600AD0ED640A60EE200A90ED6F0A90EDAE
:10726000641A30EE011A80EE810AD0ED6F0A90EDBB
:10727000641A70EE810A90ED6F1A21EE291AC1EEA0
:10728000201A30EE210A80ED600AD0ED5E0A60EE31
:10729000A00A90ED5F1AD0ED5F1A41EE210A90ED41
:1072A000601AD0ED601A41EE210AB0EE600A0AF0D1
:1072B000C5FA694880ED000A002011E0674901EB3A
:1072C000800191ED000A6449D1ED000A20EE200A08
:1072D0005949896801EB800181ED000A411CC8B25F
:1072E0000328EBDB5448D0ED5B0A60EEA00A90ED7A
:1072F0005C1AD0ED5C1A41EE210A90ED5D1AD0EDDA
:107300005D1A41EE210AB0EE600A0AF097FAF7EE34
:10731000000A80EE801A484880ED651A4E4890EDCC
:10732000000AF7EE000A80EE801A434880ED661AE4
:1073300090ED650ADFED4A0AB4EEE00AF1EE10FACC
:1073400016D290ED660ADFED470AB4EEE00AF1EEE0
:1073500010FA0DDD90ED660ADFED430AB4EEE00AA7
:10736000F1EE10FA04D20120334981F8390103E02B
:107370000020314981F839012F4890ED6C0AD0ED99
:107380006F0A20EE200AD0F8180180ED000A2A4882
:1073900090ED6C0AD0ED6F0A20EE200AD0F81801AB
:1073A00080ED070A244890ED6C0AD0ED6F0A20EEBC
:1073B000200AD0F8180180ED0E0A1F4890ED6C0AE3
:1073C000D0ED6F0A20EE200AD0F8180180ED150AE2
:1073D000194890ED6D0AD0ED6F0A20EE200AD0F822
:1073E000180180ED1C0A144890ED6D0AD0ED6F0A6B
:1073F00020EE200AD0F8180180ED230A0E4890ED07
:107400006E0AD0F81C0180ED000A0B4890ED6E0A60
:10741000D0F81C0180ED040A074890ED6E0AD0F800
:107420001C0180ED080A0448001D01F0BDFA024865
:10743000406890ED000A19E008A00020000000005C
:107440008096184B6F12833AC0010020C4010020BF
:10745000C8010020405C0108CC01002080A1002070
:107460009A99993ECDCC1441CDCC2441734880EDFE
:10747000540A406890ED010A704880ED550A406852
:1074800090ED020A6D4880ED560A406890ED030ABF
:107490006A4880ED570A406890ED040A674880ED1D
:1074A000580A406890ED050A644880ED590A1FEDBE
:1074B0001D0A80ED5A0A90ED541A21EE011AD0ED02
:1074C000551A90ED552A01EE821AF7EE001AB0EE29
:1074D000002A52EE011AF0EE610A90ED541AD0ED36
:1074E000571A21EE211AD0ED551A90ED562A01EEC9
:1074F000821AF0EE001A21EE211AB0EE410A06F0CF
:1075000001FCDFED4F0A20EE200A4C4880ED6A0AAC
:1075100090ED541A21EE011AD0ED571A90ED572A2A
:1075200001EE821AF7EE001AB0EE002A52EE011AAE
:10753000F0EE610A90ED541AD0ED551A21EE211AA1
:10754000D0ED561A90ED572A01EE821AF0EE001A8D
:1075500021EE211AB0EE410A06F0D4FBDFED380A25
:1075600020EE200A354880ED690AD0ED550A90EDED
:10757000571A60EE810A90ED541AD0ED561A41EE7A
:10758000610AB8EE001A60EE810AB0EE600A06F0F9
:1075900023FBDFED2B0A20EE200A284880ED680A45
:1075A00090ED6A0AD0ED760A30EE600ADFED250A2A
:1075B000B4EEE00AF1EE10FA07DDB0F8D401401E97
:1075C00000B21E49A1F8D40114E01C4890ED6A0AEB
:1075D000D0ED760A30EE600ADFED1B0AB4EEE00A69
:1075E000F1EE10FA06D2B0F8D401401C00B21349F3
:1075F000A1F8D401114890ED6A0AB0F9D40100EE67
:10760000900AF8EEE00A9FED111A01EE200A0B48ED
:1076100080ED6B0A90ED6A0A80ED760AD0F8482179
:10762000D0F84C01521C40F100000449C1F8482137
:10763000C1F84C01BDEC088B10BD000008A0002073
:10764000E12E654200003443000034C30000B4431F
:1076500070B52DED028B044604F1800104F1780031
:10766000F9F74EFB84F8C800B4F87800A4F8A80035
:107670005A20015BAA20015304F1A80204F1580129
:1076800004F17800F9F71AFA84F8C800B4F8A800F1
:10769000A4F8B0008220015BB220015304F1B002D3
:1076A00004F1800104F1A800F9F708FA84F8C80091
:1076B000B4F89000A4F8A0009220015BA22001532E
:1076C00004F1A00204F1900104F1B000F8F7D6FE35
:1076D00084F8C80004F1B00104F1A000F8F756FFE7
:1076E000AC342077206C90ED000AFE4880ED000A53
:1076F000206C90ED010AFC4880ED000A206C90EDB2
:10770000020AFA4880ED000A206C90ED030AF8485E
:1077100080ED000A34F8340CA081AC3C0121BA2081
:107720000153F14890ED000AF148D0ED000A20EE37
:10773000200AEC48D0ED000AEC4890ED001A00EE6B
:10774000C10AF0EE000A20EE200AD4F82C0180EDE8
:10775000000AE44890ED000AE348D0ED000A20EE6C
:10776000200AE248D0ED000AE14890ED001A00EE50
:10777000810AF0EE000A20EE200AD4F82C0180EDF8
:10778000010AD84890ED000A20EE000AD648D0ED54
:10779000000A90ED001A00EEC10AD448D0ED000AAC
:1077A00090ED001A00EEC10AD148D0ED000A90ED2C
:1077B000001A00EE810AD4F82C0180ED020A00259F
:1077C00012E0D4F82C0100EB850090ED000AB0EE39
:1077D000C00AB0EE408A06F073F9C64800EB850097
:1077E00080ED000A681CC5B2032DEADBB4F848003E
:1077F000A4F8C0000121C220015304F1C00204F129
:10780000B80104F14800F9F7F7F984F8C800B4F8B2
:10781000C000A4F8A8000121AA20015304F1A80285
:1078200004F1C00104F1B000F9F748F9B83420744C
:10783000012020802189B83CBA20015304F1B8010D
:1078400004F1C000F9F75CFA84F8C800A94A3C3298
:1078500004F1A80104F1B800F9F730F984F8C80080
:10786000A54890ED720AD0ED730AB6EE001A60EEEC
:10787000810AB4EEE00AF1EE10FA03D201209E492B
:1078800081F838019C4890ED720AD0ED730AB4EE8D
:10789000E00AF1EE10FA46DD90F83801002842D0F7
:1078A000954890F8390168B19348D0F84011D0F864
:1078B0004401491C40F100008F4AC2F84011C2F84F
:1078C000440105E000208C4AC2F84001C2F844019E
:1078D0008948D0F84031D0F844210020D3F132015A
:1078E000904106D20020844981F8380184F82C00A8
:1078F0004AE0237B814D2D8803FB05F2D4E93A0150
:10790000F9F72EFB237B7D4D2D886B43257B03FBF5
:1079100005F2D4E93E01F9F723FB012084F82C009D
:10792000BDEC028B70BD744890ED720AD0ED730A05
:107930009FED731A60EE810AB4EEE00AF1EE10FAE0
:1079400014DD90F8380188B16B4890ED730AD0EDE2
:10795000720A30EE600AD0ED730A9FED6A1A60EE8B
:10796000810A80EE201A80ED671A04E0B7EE000A63
:10797000614880ED670A00215F4AC2F84011C2F8F1
:107980004411002084F82C00B4F85800A4F8A80092
:107990008220015BAA20015304F1A80204F18001B6
:1079A00004F15800F9F78AF884F8C80004F1980245
:1079B00004F1B00104F1A800F9F780F884F8C800D8
:1079C000002012E0D4F81C1101EB800191ED000AB7
:1079D0004949D1ED670A20EE200AD4F81C1101EBC9
:1079E000800181ED000A411CC8B2B4F898109A22B7
:1079F000125B51438142E5DC042025E000211FE0B9
:107A0000021F3C4B03EB8202D2ED000A9FED3E1AAF
:107A100080EE810A00EB40030B44D4F81C2102EBFA
:107A20008302D2ED000A20EE200A00EB40030B4453
:107A3000D4F81C2102EB830282ED000A4A1CD1B269
:107A40000329DDDB411CC8B20628D7DBB4F8980057
:107A5000A4F8B8000121BA20015304F1B80204F1DE
:107A6000C00104F19800F9F729F884F8C800224809
:107A700090F83801A0B3042058E0BC21095901EB6B
:107A8000800191ED000A1C49D1ED6F0A9FED1F1A8C
:107A900060EE810AB4EEE00AF1EE10FA0BDD91ED32
:107AA0006F0ADFED1A0A20EE200ABC21095901EB0A
:107AB000800181ED000ABC21095901EB800191EDA3
:107AC000000A0D49D1ED6F0A9FED111A60EE810A8F
:107AD000B4EEE00AF1EE10FA26D291ED6F0A19E049
:107AE00026E00000F4010020F8010020FC01002045
:107AF000000200208CA1002008A00020140100201A
:107B0000CDCCCC3D6666663FDA0FC93F0AD7233C31
:107B10000AD723BC5FED020A20EE200ABC210959D6
:107B200001EB800181ED000A411CC8B20628A4DBEC
:107B30009FED080ABC20005980ED030A04F13002D1
:107B400004F1B80104F13800F8F798FC84F8C80093
:107B500000BFE5E60000000010B52DED028B1548D2
:107B6000D0ED070AB0EE600A1348D0ED000A1348C2
:107B700001F047FE1148406B00EE100A08F016F9BC
:107B800000EE100AB8EEC00AB0EE408A9FED0C1A63
:107B9000DFED0C0A08F0F4F8BCEEC00A10EE100A93
:107BA00084B222460021084802F00AFDBDEC028B97
:107BB00010BD000084A20020D404002054A30020A3
:107BC0000000804F00000000BC0A002010B5B7EE96
:107BD000000A284880ED010AB7EE000A80ED020A8B
:107BE000B7EE000A80ED030A9FED230A80ED040A38
:107BF0009FED210A80ED050A9FED1F0A80ED060A20
:107C000001201C4908709FED1C2AF7EE001A9FED19
:107C10001B1ADFED1B0AB2EE040AFFF7B9F80022C7
:107C20001146DFED154A9FED144ADFED133A9FED43
:107C3000123ADFED112AB3EE042ADFED121A9FED9E
:107C40000E1ADFED110A9FED110A114801F042FFF3
:107C500000211048FDF7A0FF9FED0F0A0F4880EDAF
:107C6000100AF2EE060A9FED0E0A0E4800F0B8F96F
:107C700010BD000038A30020000000008096184BC3
:107C80006F12833A00007A44000096430000FA44E1
:107C900054A30020BC0A002096430B3CB8A200204D
:107CA0000AD7233C00A4002010B586B0924A07CA28
:107CB00003AB07C39148FAF7D7FA914880ED000A61
:107CC000904890ED000A8E48D0ED000A30EE200A70
:107CD0008C4880ED000A8A4890ED000A8A4880EDC1
:107CE000000A00BF8948F9F78FFB884890ED000A29
:107CF000874880ED070A854890ED010A844880EDA9
:107D0000080A824890ED020A814880ED090A7F48FE
:107D100090ED030A7E4880ED040A7C4890ED040A49
:107D20007B4880ED050A794890ED050A784880ED9A
:107D3000060A00F11C0200F110017648FEF752FD20
:107D4000734890ED091AF0EE410A90ED071AB0EE73
:107D5000410A05F0D7FFB1EE400ADFED6F0A20EED1
:107D6000200ADFED6E0A80EE201A694880ED1A1AAB
:107D700090ED091AF0EE410A90ED081AB0EE410AB2
:107D800005F0C0FFDFED640A20EE200ADFED630A94
:107D900080EE201A5E4880ED1B1A90ED093AF0EE55
:107DA000432A90ED083AB0EE432A90ED073AF0EE00
:107DB000431A90ED063AB0EE431A90ED053AF0EE14
:107DC000430A90ED043AB0EE430A4D4890ED003A74
:107DD000FFF724F94E48D0ED060AB0EE600A484895
:107DE000D0ED000AFAF722FC4D4880ED000A484920
:107DF0004C48D0E91534026DC06D81E81C00C860A4
:107E00000A4644314848F9F7C5FC414A02F150019D
:107E10004648F9F7BFFC3E4A02F15C014448F9F7D5
:107E2000B9FC3B4A694603A8FAF720FB002032E080
:107E300037491C3101EB800191ED000A3049D1ED49
:107E4000000A20EE200A3249D1ED100A2C4991EDAA
:107E5000001A30EE811AC0EE010A2D49283101EBDB
:107E6000800191ED000A2A4991ED101A20EE010AD5
:107E700091ED101A2249D1ED001A31EE211AC0EE0F
:107E8000011A30EEA10A2249283101EB800181ED6F
:107E9000000A411CC8B20328CADB1D4A02F13401A2
:107EA000A1F10C00F9F776FC224890ED6A0A184817
:107EB00080ED1E0A1F4890ED680A154880ED1D0AE6
:107EC0001C4890ED690A124880ED1C0A194890ED93
:107ED0006B0A0F4880ED1F0A00BF1748007800F0BA
:107EE000010008B9FFF738FE13480068401C12492A
:107EF000086006B010BD0000F45C0108C404002056
:107F0000C8040020CC040020E804002084A2002043
:107F1000B8A2002038A3002000003443DB0F494002
:107F2000DC04002008A10020D05C0108DC5C010812
:107F3000E85C010808A00020EC04002030B50B46E6
:107F4000002100BF16E00A24B4EB107F05D93024CD
:107F500004EB107403F8114005E0412404EB1074A5
:107F60000A3C03F81140000100254C00641C1D551B
:107F70004C1CE1B29142E6DB30BD00001548807E2A
:107F8000012805D114480068401C1349086005E029
:107F900000201149086000210E4801770D48807EBD
:107FA000012807D10C480068142803DA0121094888
:107FB00001770AE00748807E012806D1064800685C
:107FC000142802DB0221034801770248807E03491E
:107FD00008607047C4A60020D8050020DC050020FA
:107FE0009FED0E1A80ED001A9FED0C1A80ED051A18
:107FF00080ED090AC0ED0A0AB7EE001A80ED071AF3
:108000009FED061A80ED081AB7EE001A80ED0B1AE4
:1080100090ED001A80ED011A70470000000000008A
:10802000F0EE400A90ED070A90ED001A20EE010AEA
:1080300080ED010A90ED090A90ED071AD0ED051ABE
:1080400001EE210A80ED030A90ED030A90ED0A1A71
:1080500030EE010A90ED031AC1EE001AC0ED061AC7
:1080600090ED010A90ED061AD0ED011A70EEE11ABA
:1080700001EE210A80ED020A90ED060AB7EE001A21
:1080800031EE400A90ED031A20EE010A80ED040A59
:1080900090ED040A80ED050A90ED020A80ED000AD9
:1080A00090ED020A704700000FB583B00420FE492E
:1080B00008800820FD490880DDE903100873039952
:1080C00005984873039906988873002103980174F2
:1080D00006980290F8F79EFE039948610698029070
:1080E0000398406901900299F8F774FFEE48008800
:1080F000069948430290F8F78DFE03998861EA4893
:10810000008806994843029003988069019002997B
:10811000F8F782FFE4480088069948430290F8F790
:1081200079FE0399C861E0480088069948430290A7
:108130000398C06901900299F8F76EFFDA48008849
:10814000049948430290F8F765FE03990862D648FF
:1081500000880499484302900398006A01900299AC
:10816000F8F75AFF06980290F8F754FE0399486210
:10817000069802900398406A01900299F8F72AFF46
:10818000C9480088049948430290F8F743FE0399D0
:108190000860C54800880499484302900398006825
:1081A00001900299F8F738FFBF48008806994843C4
:1081B0000290F8F72FFE03994860BB4800880699A3
:1081C000484302900398406801900299F8F724FF11
:1081D000B5480088059948430290F8F71BFE0399BB
:1081E0008860B148008805994843029003988068E8
:1081F00001900299F8F710FFAB48008804994843B2
:108200000290F8F707FE0399C1F8E800A648008835
:108210000499484302900398D0F8E800019002992D
:10822000F8F7FAFE0398D0F8E80002900398007B74
:10823000019001220146DDE902303030F8F7A2F961
:1082400099480088049948430290F8F7E3FD0399A0
:10825000C1F8EC00944800880499484302900398C0
:10826000D0F8EC0001900299F8F7D6FE0398D0F808
:10827000EC0002900398007B019001220146DDE9A9
:1082800002303830F8F77EF9059818B38648008830
:10829000059948430290F8F7BDFD0399C1F8F00035
:1082A000814800880599484302900398D0F8F0006F
:1082B00001900299F8F7B0FE0398D0F8F000029010
:1082C0000398407B019001220146DDE902304030F5
:1082D000F8F758F974480088069948430290F8F76F
:1082E00099FD0399C1F8F4006F4800880699484346
:1082F00002900398D0F8F40001900299F8F78CFEF0
:108300000398D0F8F40002900398807B019001223A
:108310000146DDE902304830F8F734F96248008858
:108320000499484348430290F8F774FD0399C1F853
:10833000F8005D4800880499484348430290039838
:10834000D0F8F80001900299F8F766FE0398D0F88B
:10835000F80002900398007B01900398007B009046
:108360000146DDE902305030019AF8F70BF94E482A
:1083700000880499484348430290F8F74BFD03995D
:10838000C1F8FC00484800880499484348430290DB
:108390000398D0F8FC0001900299F8F73DFE03988D
:1083A000D0F8FC0002900398007B01900398007BBA
:1083B00000900146DDE902305830019AF8F7E2F802
:1083C000394800880499484348430290F8F722FD51
:1083D0000399C1F800013448008804994843484390
:1083E0000290F8F717FD0399C1F804012E480088A0
:1083F00004994843484302900398D0F80001019043
:108400000299F8F709FE2848008804994843484330
:1084100002900398D0F8040101900299F8F7FCFD4E
:108420000398D0F8000102900398007B0190039814
:10843000007B00900146DDE902306030019AF8F7D8
:10844000A1F80398D0F8040102900398007B0190F2
:108450000398007B00900146DDE902306830019A04
:10846000F8F790F8059878B30F48008804994843C6
:10847000059948430290F8F7CDFC0399C1F808012B
:108480000948008804994843059948430290039895
:10849000D0F8080101900299F8F7BEFD0398D0F8D2
:1084A00008010290039803E0140100201601002047
:1084B000407B01900398007B00900146DDE902308B
:1084C0007030019AF8F75EF8B94800880699484379
:1084D000049948430290F8F79DFC0399C1F80C01F8
:1084E000B348008804994843069948430290F8F736
:1084F00091FC0399C1F81001AD48008806994843E2
:108500000499484302900398D0F80C010190029915
:10851000F8F782FDA6480088049948430699484325
:1085200002900398D0F8100101900299F8F774FDB9
:108530000398D0F80C0102900398007B01900398F7
:10854000807B00900146DDE902307830019AF8F72F
:1085500019F80398D0F8100102900398807B0190DD
:108560000398007B00900146DDE902308030019ADB
:10857000F8F708F88E480088049948434843029069
:10858000F8F748FC0399C1F8140189480088049958
:108590004843484302900398D0F81401019002998F
:1085A000F8F73AFD0398D0F8140102900398007B85
:1085B00001900398007B00900146DDE9023088308D
:1085C000019AF7F7DFFF7A48008806994843484345
:1085D0000290F8F71FFC0399C1F81801744800884D
:1085E00006994843484302900398D0F81801019037
:1085F0000299F8F711FD0398D0F81801029003983A
:10860000807B01900398807B00900146DDE9023079
:108610009030019AF7F7B6FF6548008804994843FF
:10862000069948430290F8F7F5FB0399C1F81C013D
:108630005F4800880499484306994843029003988C
:10864000D0F81C0101900299F8F7E6FC0398D0F8E5
:108650001C0102900398807B01900398007B00909E
:108660000146DDE902309830019AF7F78BFF039855
:10867000007B4F49098848430399097B484302908E
:10868000F8F7C8FB0399C1F820010398007B48491B
:10869000098848430399097B48430290F8F7BAFBDD
:1086A0000399C1F824010398007B41490988484394
:1086B0000399097B48430290F8F7ACFB0399C1F892
:1086C00028010398007B3A49098848430290F8F74B
:1086D000A1FB0399C1F82C010398007B3449098858
:1086E00048430290F8F796FB0399C1F830010398CC
:1086F000D0F8200102900398007B01900398007B42
:1087000000900146DDE90230A030019AF7F73AFF08
:108710000398D0F8240102900398007B01900398FD
:10872000007B00900146DDE90230A830019AF7F79E
:1087300029FF0398D0F8280102900398007B01904C
:108740000398007B00900146DDE90230B030019AC9
:10875000F7F718FF0398D0F82C0102900398007BDC
:10876000019001220146DDE90230B830F7F70AFF37
:108770000398D0F8300102900398007B0190012209
:108780000146DDE90230C030F7F7FCFE0021039816
:1087900080F82810039880F82910039880F82A1090
:1087A000039880F82B10039880F82C1007B000BDB8
:1087B0001401002070B50446E07B18B12046FDF797
:1087C000ABFE11E0A37B0E4D2D8803FB05F2616823
:1087D000D4F8F400F8F7C4FBA27B094B1B8802FB1A
:1087E00003F16068F8F718FC637B054D2D8803FBE7
:1087F00005F2A168D4F8F000F8F7B2FB70BD0000F4
:108800001401002010B5044694F82C0068BBB4F89D
:108810009800A4F8A8007A20015BAA200153B4F8BC
:10882000A800A4F8B0005A20015BB220015304F163
:10883000A80204F1780104F19800F8F73FF984F8F0
:10884000C80004F1B00204F1580104F1A800F8F7DF
:1088500035F984F8C80004F1500204F1B00104F1C4
:108860005800F8F7C9F984F8C80010BD10B50446DF
:1088700094F8290068BB04F1680104F16000F8F77E
:108880003FFA84F8C80004F1580204F1500104F1E1
:108890006000F8F713F984F8C800B4F85800A4F899
:1088A000A8006A20015BAA20015304F1A80204F188
:1088B000680104F15800F8F701F984F8C80004F1E0
:1088C000580204F1880104F1A800F7F7D7FD84F8F5
:1088D000C80010BD10B5044694F82A00002861D1E4
:1088E00004F1800104F17800F8F70AFA84F8C8006E
:1088F000B4F87800A4F8A8005A20015BAA2001531C
:1089000004F1A80204F1580104F17800F8F7D6F850
:1089100084F8C800B4F8A800A4F8B0008220015B75
:10892000B220015304F1B00204F1800104F1A80067
:10893000F8F7C4F884F8C800B4F89000A4F8A000D0
:108940009220015BA220015304F1A00204F19001E6
:1089500004F1B000F7F792FD84F8C80004F1B0010B
:1089600004F1A000F7F712FE84F8C800B4F858002C
:10897000A4F8A8008220015BAA20015304F1A802F8
:1089800004F1800104F15800F8F798F884F8C80061
:1089900004F1980204F1B00104F1A800F8F78EF890
:1089A00084F8C80010BD000070B504462046FFF7EB
:1089B00001FFD4F8CC0018B12046D4F8CC10884779
:1089C000204600F085F8D4F8D00018B12046D4F83D
:1089D000D01088472046FFF749FFD4F8D40018B1DB
:1089E0002046D4F8D4108847207C08B9E07BB8B979
:1089F0002046FFF76FFFD4F8D80018B12046D4F80E
:108A0000D8108847204600F0A1F8D4F8DC0018B14F
:108A10002046D4F8DC1088472046FFF7F3FE13E029
:108A2000237B2A4D2D8803FB05F2D4E93A01F8F7A0
:108A300097FA237B254D2D886B43257B03FB05F29D
:108A4000D4E93E01F8F78CFAD4F8E00018B12046DA
:108A5000D4F8E0108847002022E0227B00FB0202CD
:108A6000D4F8F81001EB820191ED000A216A01EBC4
:108A70008001D1ED000AB4EEE00AF1EE10FA0DD259
:108A8000216A01EB800191ED000A227B00FB0202CA
:108A9000D4F8F81001EB820181ED000A411CC8B244
:108AA000217B8142D9DC237B084D2D8803FB05F215
:108AB000D4F8E8102068F8F753FAD4F8E40018B1B5
:108AC0002046D4F8E4108847206870BD14010020C7
:108AD00010B5044694F8280060BB607B00282ADDAE
:108AE000207BA4F8B8000121BA20015304F1B80298
:108AF00004F1300104F16000F7F7E0FF84F8C800EA
:108B0000207BA4F8C0000121C220015304F1C0025F
:108B100004F1400104F17000F7F7D0FF84F8C800B9
:108B200004F1380204F1C00104F1B800F7F7A6FC23
:108B300084F8C80009E004F1380204F1300104F1BE
:108B40006000F7F7BBFF84F8C80010BD10B50446FD
:108B500094F82B00E0BBB4F87800A4F8B800012129
:108B6000BA20015304F1B80204F1380104F178008D
:108B7000F7F7A4FF84F8C800B4F84800A4F8C000D0
:108B80000121C220015304F1C00204F1B80104F133
:108B90004800F8F731F884F8C800B4F89800A4F851
:108BA000B8000121BA20015304F1B80204F1C00158
:108BB00004F19800F7F782FF84F8C80004F130024E
:108BC00004F1B80104F13800F7F758FC84F8C80044
:108BD00010BD000010B50F480F4908600320486021
:108BE00000210D488160C1604FF4102101614FF4F4
:108BF0000011416100210176012141760021817639
:108C0000C17601774177FAF7A9F808B1F9F7DBFCEB
:108C100010BD0000006400403409002010B50F486A
:108C20000F4908600320486000210D488160C16041
:108C30004FF4102101614FF40011416100210176D0
:108C40000121417600218176C17601774177FAF7DB
:108C500085F808B1F9F7B7FC10BD000000680040C6
:108C60005C09002008B500BF002000902A48006879
:108C700040F48000284908600846006800F480003D
:108C8000009000BF00BF00BF0020009008460068B1
:108C900040F4001008600846006800F400100090DE
:108CA00000BF00BF002205210C20FAF7C1FE0C20F6
:108CB000FAF7AAFE002205213820FAF7B9FE38207B
:108CC000FAF7A2FE002205213920FAF7B1FE392079
:108CD000FAF79AFE002205213A20FAF7A9FE3A2077
:108CE000FAF792FE002205213B20FAF7A1FE3B2075
:108CF000FAF78AFE002205214520FAF799FE452061
:108D0000FAF782FE002205214620FAF791FE46205E
:108D1000FAF77AFE08BD00003038024000B5CDB049
:108D20001C22414946A8F8F71BF9002146A808F083
:108D30005AFE3E4908601C223B491C313FA8F8F707
:108D40000FF900213FA808F04EFE394908601C22A7
:108D50003549383138A8F8F703F9002138A808F068
:108D600042FE344908601C222F49543131A8F8F7DB
:108D7000F7F8002131A808F036FE2F4908601C22C0
:108D8000294970312AA8F8F7EBF800212AA808F041
:108D90002AFE2A4908601C2223498C3123A8F8F7AF
:108DA000DFF8002123A808F01EFE254908601C22D8
:108DB0001D49A8311CA8F8F7D3F800211CA808F019
:108DC00012FE204908601C221749C43115A8F8F783
:108DD000C7F8002115A808F006FE1B4908601C22F0
:108DE0001149E0310EA8F8F7BBF800210EA808F0F1
:108DF000FAFD164908601C220B49FC3107A8F8F758
:108E0000AFF8002107A808F0EEFD114908601C2208
:108E100010496846F8F7A4F80021684608F0E3FD19
:108E20000D4908604DB000BDEC5A0108000000205B
:108E300004000020080000200C000020100000208A
:108E400014000020180000201C000020200000203A
:108E500024000020045C01082800002000B587B031
:108E6000142102A8F8F7D8F800BF00200190974815
:108E7000006840F00200954908600846006800F06C
:108E80000200019000BF00BF00BF00200190084613
:108E9000006840F0400008600846006800F04000AC
:108EA000019000BF00BF00BF00200190084600688D
:108EB00040F0010008600846006800F001000190E1
:108EC00000BF00BF00BF002001900846006840F0CE
:108ED000080008600846006800F00800019000BF24
:108EE00000BF00BF002001900846006840F0040069
:108EF00008600846006800F00400019000BF00BF51
:108F000000BF002001900846006840F480700860AF
:108F10000846006800F48070019000BF00BF00BFE9
:108F2000002001900846006840F080000860084674
:108F3000006800F08000019000BF00BF00BF00206B
:108F400001900846006840F020000860084600686C
:108F500000F02000019000BF00BF0122C0215C484A
:108F6000FAF798FC00224FF480715A48FAF792FC05
:108F7000012240215748FAF78DFC01224021564832
:108F8000FAF788FC00224FF480515448FAF782FC2B
:108F9000012210215248FAF77DFC012241F2010121
:108FA0005048FAF777FC802002900120039004904B
:108FB0000020059002A94648FAF772FB4020029073
:108FC0000120039004900220059002A94048FAF77E
:108FD00067FB4FF4A07002900120039000200490E2
:108FE000059002A93B48FAF75BFB40200290012064
:108FF00003900490059002A93748FAF751FB4FF40B
:10900000805002900120039000200490059002A956
:109010003248FAF745FB082002904FF4881003907D
:109020000120049002A92C48FAF73AFB0120029093
:10903000002003900120049002A92948FAF730FB90
:10904000102002900120039004900220059002A9B4
:109050002348FAF725FB302002904FF48810039044
:109060000120049002A91B48FAF71AFB4FF4805024
:109070000290012003900490059002A91948FAF784
:109080000FFB01200290039004900220059002A99A
:109090001448FAF705FB002205210920FAF7C8FC5D
:1090A0000920FAF7B1FC002205210A20FAF7C0FCDA
:1090B0000A20FAF7A9FC002205211720FAF7B8FCCC
:1090C0001720FAF7A1FC07B000BD000030380240BD
:1090D000002002400008024000180240001C02402C
:1090E000000002400004024010B50A480A49086026
:1090F000002048607C210848816040F67F41C160C3
:109100000021016141618161FCF736F808B1F9F78E
:109110005AFA10BD002800408409002010B50F48FD
:109120000F4908604FF48270486000210C4881604C
:10913000C160022101610121416149028161102167
:10914000C16100210162416281620A21C162FCF7B2
:10915000A9F808B1F9F737FA10BD00000030014056
:10916000A409002000B587B01C216846F7F754FF1A
:109170001548164908605320486000211348816053
:1091800040F2CF71C160002101618161FCF7C0FA3A
:1091900008B1F9F718FA0D48FCF7C9FC08B1F9F75E
:1091A00012FA6020009000200190029004900022AA
:1091B00069460648FCF739FC08B1F9F704FA034898
:1091C000FCF700FC07B000BD00440140BC0A0020D1
:1091D00010B51248124908604FF4E1304860002190
:1091E0000F488160C16001610C21416100218161F2
:1091F000C161FCF749FF08B1F9F7E5F908480068D3
:10920000C06840F0100006490968C8604FF4A072B9
:1092100004490348FDF718F910BD00000010014093
:10922000040B00208DA4002010B50B480B490860EA
:109230000B484860002109488160C1604FF480619B
:1092400001610C21416100218161C161FCF71CFFBA
:1092500008B1F9F7B8F910BD004800404C0B0020E8
:10926000A086010010B50A480A4908600A4848600B
:10927000002108488160C16001610C214161002129
:109280008161C161FCF700FF08B1F9F79CF910BDDD
:1092900000140140940B002040420F0010B5002242
:1092A0000D490E4802F0D2FC08B1F9F78CF90C49CF
:1092B0000A4802F093FF08B1F9F785F90949074810
:1092C00002F06CF908B1F9F77EF9044803F05CF894
:1092D00008B1F9F778F910BD30000020BC0D00206E
:1092E000380600208000002000BFFEE700BFFEE738
:1092F00010B52DED028B0446B0EE408AF0EE608A88
:10930000D4F8060090ED010A8A4880ED000A00209A
:109310001DE054F8062F411C02EB810191ED000A7B
:109320008449D1ED000A30EE600A216801EB80012A
:1093300081ED000A6268411C02EB810191ED000A97
:10934000A41F02EB800181ED000A411C88B2218834
:10935000491E8142DDDCD4F806102088801E01EB16
:10936000800090ED000A30EE080A2088401E01EBD4
:10937000800080ED000AD4F80A102088401E01EB1E
:109380008000C0ED008AD4F802002188884204D20F
:10939000D4F80200401CC4F80200102104F11A00A5
:1093A000F7F718FE21886288891A88B24AE054F8D3
:1093B000061F01EB8001D1ED000A216801EB80015D
:1093C00091ED001A616900EE101A00EE810A10EEAC
:1093D000101A616154F8061901EB8001D1ED000A01
:1093E000D4F81E1000EE101A30EE800A10EE101A9B
:1093F000C4F81E10D4F8061001EB8001D1ED000A6C
:10940000D4F80A1001EB800191ED001AD4F8221073
:1094100000EE101A00EE810A10EE101AC4F82210A5
:10942000D4F80A1001EB8001D1ED000AD4F826101F
:1094300000EE101A30EE800A10EE101AC4F8261052
:10944000411C88B221888142B1DCD4F8220000EEB0
:10945000100A208800EE900AF8EE600A20EE200A3A
:10946000D4F81E0000EE900AD4F8260001EE100A8F
:1094700000EEC10AD4F81A0000EE900A208801EE2E
:10948000100AB8EE411A20EE811AD4F81E0000EE40
:10949000900A01EE900A00EEE11AC0EE010A10EE09
:1094A000900AC4F80E009FED240A10EE100AC4F8CA
:1094B000160021886288891A88B221E054F8061FB4
:1094C00001EB800191ED001AE16800EE101AA1682D
:1094D00000EE901A00EE810A616801EB8001D1ED87
:1094E000000A30EE600AF0EEC00A216900EE101AA0
:1094F00030EE800A10EE101A2161A41F411C88B2C0
:1095000021888142DADCD4F8160000EE100A2088A7
:1095100000EE900AB8EE601AC0EE010A10EE900A52
:10952000C4F81600D4F80E0000EE100ABDEC028B51
:1095300010BD0000280100200000000070B50446A6
:109540000D46A41C24F8025C00202060A80008F04E
:10955000ABFD6060A80008F0A7FDA0609FED0C0ABD
:1095600010EE100AE0609FED0A0A10EE100A20616A
:10957000A9006068F7F750FDA900A068A41EF7F7DE
:109580004BFD102104F11A00F7F724FD70BD000017
:109590000000000010B50248FAF769FC10BD000099
:1095A000981000202DE9F04704460D4626683746FE
:1095B000D6F8408007F5306000EB4510D0F80890F1
:1095C000104880450BD909F40040B0F5004F06D192
:1095D0004FF4004107F5306000EB451081602046F4
:1095E000FBF700F90748804508D9A079012805D183
:1095F00004F29C420121206803F026FB0020BDE814
:10960000F08700000A30544F2DE9F04705460C461C
:10961000D5F800904E46D9F840A006F5306000EB32
:109620004410D0F80880A879012855D108F0080026
:1096300008280FD1434882450BD908F40040B0F503
:10964000004F7BD14FF4004106F5306000EB441031
:10965000816073E008F02000202806D1202106F563
:10966000306000EB4410816068E008F028000028BA
:1096700064D1344882450CD908F40040B0F5004F5D
:1096800007D14FF4004106F5306000EB44108160D3
:1096900054E004EBC40105F5157000EB810706F5F5
:1096A000306000EB4410396A0069C0F31200081AF8
:1096B000786164B9386930B905F29C4201212868A3
:1096C00003F0C2FA03E07969F8680844F860E1B28F
:1096D0002846FAF743FA31E01B4882451BD108F4CB
:1096E0000040B0F5004F07D14FF4004106F530605F
:1096F00000EB4410816021E008F02000202805D113
:10970000202106F5306000EB44108160E1B228466C
:10971000FAF724FA12E06CB904EBC40105F51570F0
:1097200000EB8100006928B905F29C4200212868FD
:1097300003F08AFAE1B22846FAF710FA0020BDE8F1
:10974000F08700000A30544F0A31544F2DE9F84F8A
:1097500007460E46D7F80090C84606EBC60107F14B
:10976000140000EB8104D4E90410884202D90120DE
:10977000BDE8F88FD4E90401451AA068A84200D2D8
:10978000A568E81C4FEA900A17E0D4E90401451ADD
:10979000A068A84200D2A568E81C4FEA900AB879F0
:1097A000ABB2F2B200904846E16803F015FFE06802
:1097B0002844E06060692844606108F5106000EBAF
:1097C0004610806980B2504506D3D4E9041088421F
:1097D00002D220690028D8D1D4E9040188420ED8E9
:1097E00006F00F01012000FA01FB40F6340050F8AA
:1097F000080020EA0B0040F6340141F80800002080
:10980000B6E710B52DED028B0446B0EE408AF0EEBF
:10981000608A94F8980000F0800010B1204606F0AD
:109820004BF904F18C00F8F71FFD10EE100AC4F894
:10983000900018EE100A206118EE900A206020684F
:1098400000EE100A206900EE900A30EE600A10EE79
:10985000100AA061D4F8A20018B1D4F8A2102046D2
:109860008847A06900EE100AB5EEC00AF1EE10FAC2
:1098700003DDA06900EE100A04E0A06900EE100A02
:10988000B1EE400AA06C00EE900AB4EEE00AF1EEF0
:1098900010FA7EDDD4F8940098BB606800EE100AE0
:1098A000A06900EE900A20EE200A10EE100A606215
:1098B000A06800EE100AA06900EE900A60EE200A8F
:1098C000D4F8900000EE100A20EE800A10EE100A84
:1098D0002063B4F86000022814DDA06900EE900A4D
:1098E000D4F8900000EE100A04F16200FFF700FDCA
:1098F000E06800EE900A20EE200A10EE100AE06206
:109900007FE016E0A06900EE100AE06900EE900A20
:1099100070EE600AE06800EE100A20EE801AD4F8BB
:10992000900000EE100AC1EE000A10EE900AE0620C
:1099300067E0606800EE100AD4F89400006800EE5A
:10994000900A70EE200AA06900EE100A20EE800A4C
:1099500010EE100A6062A06800EE100AD4F89400BD
:10996000406800EE900A70EE200AA06900EE100A2E
:1099700060EE800AD4F8900000EE100A20EE800A13
:1099800010EE100A2063B4F8600002281CDDA06904
:1099900000E08EE000EE900AD4F8900000EE100A8D
:1099A00004F16200FFF7A4FCE06800EE900AD4F82E
:1099B0009400806801EE100A70EE810A20EE200A01
:1099C00010EE100AE0621CE0E06800EE100AD4F825
:1099D0009400806800EE900A30EE201AA06900EE34
:1099E000100AE06900EE900A30EE600A21EE001ADB
:1099F000D4F8900000EE100AC1EE000A10EE900AB2
:109A0000E062D4F8A60018B1D4F8A6102046884722
:109A100094F8980000F0040010B1204606F0C9F850
:109A200094F8980000F0200010B1204605F060FE88
:109A300094F8980000F0020010B1204605F0FBFEFB
:109A400094F8980000F0400010B1204605F0C8FEE0
:109A500094F8980000F0010010B1204605F066FF70
:109A6000A06A00EE100A206B00EE900A30EE200A89
:109A700010EE100AA062606A00EE100AA06A00EE02
:109A8000900A70EE200AE06A00EE100A30EE800ABA
:109A900010EE100A606394F8980000F0100010B106
:109AA000204605F0BBFF204605F0E3FF204606F008
:109AB0005DF820696061606BA063E06AE063A069A3
:109AC000E061206B2062606B00EE100ABDEC028B3F
:109AD00010BD000070B52DED0A8B0446B0EE408A33
:109AE000F0EE608AB0EE419AF0EE619AB0EE42AAD2
:109AF000F0EE62AAB0EE43BAF0EE63BAB0EE44CA3A
:109B0000F0EE64CA0D46164619EE100AA06418EE6F
:109B1000900A606418EE100A20649FED1C0A10EE93
:109B2000100A206019EE900A60601AEE100AA06018
:109B30001AEE900AE0609FED150A10EE100A2063FD
:109B40001BEE100A20651BEE900A60651CEE100AE1
:109B5000A0651CEE900AE065A4F86050294604F167
:109B60006200FFF7EBFC00208D3444F8010CE67234
:109B70000021E16021618D3CA12001559FED030A88
:109B800010EE100A6063BDEC0A8B70BD000000008F
:109B9000B0EE401A10B99FED6D0A704790ED0D0AB6
:109BA00080ED0E0A90ED0C0A80ED0D0AC0ED060A5C
:109BB00080ED071A30EEC10A80ED0C0A0178E9BB8E
:109BC00090ED010AD0ED0C1A20EE210A80ED090A71
:109BD00090ED0A0AD0ED021A90ED0C2A01EE820AED
:109BE00080ED0A0A90ED0C0AD0ED0D1A30EE610AF4
:109BF000D0ED031A20EE210A80ED0B0A90ED0A0A3F
:109C0000D0ED051AB4EEE10AF1EE10FA04DD90EDA4
:109C1000050A80ED0A0A10E090ED0A0AD0ED051A57
:109C2000F1EE611AB4EEE10AF1EE10FA05D290ED10
:109C3000050AB1EE400A80ED0A0A00E02BE090ED43
:109C4000090AD0ED0A1A30EE210AD0ED0B1A30EED7
:109C5000210A80ED080A90ED080AD0ED041AB4EE4E
:109C6000E10AF1EE10FA04DD90ED040A80ED080A35
:109C700069E090ED080AD0ED041AF1EE611AB4EE35
:109C8000E10AF1EE10FA5ED290ED040AB1EE400A5C
:109C900080ED080A57E00178012954D190ED0C0AB3
:109CA000D0ED0D1A30EE610AD0ED011A20EE210A36
:109CB00080ED090A90ED020AD0ED0C1A20EE210A7F
:109CC00080ED0A0A90ED0C0AD0ED0D1AB0EE002AD4
:109CD00002EE610AD0ED0E1A30EE210AD0ED031A21
:109CE00020EE210A80ED0B0A90ED090AD0ED0A1A48
:109CF00030EE210AD0ED0B1A30EE210AD0ED081A11
:109D000030EE210A80ED080A90ED080AD0ED041A21
:109D1000B4EEE10AF1EE10FA04DD90ED040A80EDF4
:109D2000080A10E090ED080AD0ED041AF1EE611A6D
:109D3000B4EEE10AF1EE10FA05D290ED040AB1EEAC
:109D4000400A80ED080A90ED080A26E700000000AE
:109D500000B97047017080ED010AC0ED020A80ED84
:109D6000031AC0ED051A80ED042ADFED092AC0EDC3
:109D7000082AC0ED0B2AC0ED0A2AC0ED092AC0ED61
:109D80000E2AC0ED0D2AC0ED0C2A00BFE1E700004D
:109D9000000000000146002901DD084670474842E6
:109DA00000B2FBE710B5242000F092F810BD0000CF
:109DB00010B51A49B1F90000FFF7ECFFB0F52F7F9D
:109DC00000DD24E01549B1F90200FFF7E3FFB0F52B
:109DD0002F7F00DD1BE01149B1F90400FFF7DAFF26
:109DE000B0F52F7F00DD12E00C49B1F90600FFF756
:109DF000D1FFB0F52F7F00DD09E00848807A00B977
:109E000005E00648C07A00B901E0002010BD4C21F1
:109E10000248F7F701F90120F8E70000C4A6002086
:109E200010B5234B1B685B6943F04003204C24684A
:109E300063611F4B1B68DB6843F010031C4C2468F4
:109E4000E3601C4B1B681B6823F00103194C24685A
:109E5000236007E0174B1B681B6823F00103154CB8
:109E600024682360134B1B681B6803F00103002B5D
:109E7000F0D1114B0F4C2468A3600E4B1B68D860C7
:109E80000C4B1B6819610B4B1B685A60094B1B6814
:109E90001B6843F48023074C24682360054B1B6830
:109EA0001B6843F00103034C2468236010BD0000CD
:109EB0004C0B00209C0C00200448004010B54C21A5
:109EC0000248F7F7A9F8002010BD0000C4A6002042
:109ED00011490968C96821F400510F4A1268D1601C
:109EE0000E490968096821F001010C4A12681160E5
:109EF0000A490968486009490968096841F001018F
:109F0000064A1268116004490968C96841F40051A1
:109F1000014A1268D16070474C0B00209C0C002055
:109F200010B500BF012007F04DFDFBE770B50446FA
:109F3000002600252068C06800F04000C8B92068ED
:109F4000C06840F080002168C860F9F7A9FC0646A7
:109F500008E0F9F7A5FC801BB0F57A7F02D9042050
:109F6000607701252068C06800F0400008B9012D25
:109F7000EFD1284670BD70B5044600252068C06842
:109F800020F080002168C8602068806800F0200010
:109F900030B92046FBF76AF910B10420607701253B
:109FA000284670BD0C4890ED040ABDEEC00A0B486F
:109FB00080ED000A00680A490968884204D009480F
:109FC0000088401C0749088004480068044908606C
:109FD000044800887047000030A40020D00600200C
:109FE000D4060020CC0600207CB504460E4615465B
:109FF0003346012202212046009500F039F828B1AD
:10A00000606D40F02000606503207CBD164800684C
:10A010001821B0FBF1F01549B0FBF1F04FF47A7163
:10A02000484301906068B0F5827F0DD1334600222D
:10A0300080212046009500F01BF898B1606D40F03B
:10A04000200060650320E0E700BF019800B908E048
:10A050000198401E019020688068C0F3C01000285D
:10A06000F3D100BF0020D0E7A800002040420F003D
:10A070002DE9F84F04460D4690461E46DDF828901F
:10A08000F9F70EFCA0EB0900371AF9F709FC824634
:10A090002C480068C0F3CB307843009046E0701C39
:10A0A000002843D0F9F7FCFBA0EB0A00B84200D22D
:10A0B000A7BB2068406820F0E00021684860606825
:10A0C000B0F5827F0DD1A068B0F5004F03D0A06835
:10A0D000B0F5806F05D12068006820F0400021684D
:10A0E0000860A06AB0F5005F0DD100BF206800686D
:10A0F00020F40050216808602068006840F4005097
:10A100002168086000BF012084F8510000BF0020D2
:10A1100084F8500000BF0320BDE8F88FFFE70098E7
:10A1200008B9002702E00098401E0090206880686F
:10A130002840A84201D1012000E000204045AED1D6
:10A140000020E9E7A800002010B52DED0A8BB0EE45
:10A15000408AF0EE608A9FED200AB0EE409AB4EE9D
:10A16000E88AF1EE10FA04DDB7EE000AB0EE409A8C
:10A170002CE018EE900A0BF037FA41EC1A0B18EEAF
:10A18000100A0BF031FA41EC1C0BB0EE4C0AF0EE69
:10A190006C0A03F00DFFB0EE40BAF0EE60BA53EC7B
:10A1A0001A2B51EC1B0B0AF0E5FB04D288EE280AAF
:10A1B000B0EE409A0AE0B1EE680AB4EEC08AF1EE61
:10A1C00010FA03D2BFEE000AB0EE409AB0EE490A90
:10A1D000BDEC0A8B10BD000000000000FDF7F6FC8E
:10A1E00000BFFDF761FD012007F0ECFBF9E700BFC0
:10A1F0000A2009F069FAFBE710B500BF502080F390
:10A200001188BFF34F8FBFF36F8F00BF09F07CFC45
:10A2100018B14FF080500449086000BF002080F35F
:10A22000118800BF10BD000004ED00E000B593B040
:10A23000302107A8F6F7F0FE142102A8F6F7ECFE8D
:10A2400000BF002001902448006840F0805022495F
:10A2500008600846006800F08050019000BF00BF11
:10A2600000BF002001901D48006840F480401B4959
:10A2700008600846006800F48040019000BF00BFFD
:10A28000012007900004089002200D9041050E91D6
:10A2900006210F91A82110910221119107211291FD
:10A2A00007A8FAF71BFD08B1F8F78DF90F20029007
:10A2B00002200390002004904FF4A05005904FF42A
:10A2C00080500690052102A8FAF7A6FB08B1F8F71E
:10A2D0007AF913B000BD0000403802400070004021
:10A2E0000348006840F470000149086070470000AE
:10A2F00088ED00E010B50248FBF7ADFA10BD000094
:10A300009C29002010B502682B4B98420ED0B0F16A
:10A31000804F0BD0294B984208D0294B984205D04A
:10A32000284B984202D0284B984203D122F0700269
:10A330004B681A43204B984220D0B0F1804F1DD07B
:10A340001E4B98421AD01E4B984217D01D4B984274
:10A3500014D01D4B984211D01C4B98420ED01C4B70
:10A3600098420BD01B4B984208D01B4B984205D00B
:10A370001A4B984202D01A4B984203D122F44072F1
:10A38000CB681A4322F080034C6943EA04028B68CD
:10A39000C3620B688362084B984202D00A4B984212
:10A3A00001D10B690363036843F0040303600123D5
:10A3B0004361026010BD0000000001400004004045
:10A3C00000080040000C0040000401400040014033
:10A3D000004401400048014000180040001C0040BB
:10A3E0000020004030B501F01F05012404FA05F3F8
:10A3F000046A9C430462046A01F01F0502FA05F531
:10A400002C43046230BD000030B5026A056A25F0B5
:10A41000010505624368846924F0700424F0030494
:10A420000D682C4322F002028D682A43104DA84289
:10A4300000D103E00F4DA84206D100BF22F0080270
:10A44000CD682A4322F00402094DA84202D0094DEA
:10A45000A84207D123F4807323F400734D692B4382
:10A460008D692B43436084614D684563026230BD52
:10A47000000001400004014030B5026A056A25F081
:10A48000100505624368846924F4E04424F44074B0
:10A490000D6844EA052422F020028D6842EA051284
:10A4A000124DA84200D103E0114DA84207D100BFD0
:10A4B00022F08002CD6842EA051222F040020B4DE4
:10A4C000A84202D00A4DA84209D123F4806323F4A4
:10A4D00000634D6943EA85038D6943EA8503436060
:10A4E00084614D688563026230BD00000000014058
:10A4F0000004014030B5026A056A25F480750562E2
:10A500004368C46924F0700424F003040D682C43EC
:10A5100022F400728D6842EA0522124DA84200D151
:10A5200003E0114DA84207D100BF22F40062CD68BC
:10A5300042EA052222F480620A4DA84202D00A4D66
:10A54000A84209D123F4805323F400534D6943EA10
:10A5500005138D6943EA05134360C4614D68C56303
:10A56000026230BD000001400004014030B5036AC2
:10A57000056A25F4805505624468C26922F4E04208
:10A5800022F440720D6842EA052223F400538D68DC
:10A5900043EA0533084DA84202D0084DA84204D131
:10A5A00024F480444D6944EA85144460C2614D68D6
:10A5B0000564036230BD000000000140000401405A
:10A5C0000368DB6A934202D20368DB6A9AB231B154
:10A5D000042907D0082908D00C290CD108E0036809
:10A5E0005A6308E003689A6305E00368DA6302E0EF
:10A5F00003681A6400BF00BF704700000A2009F01A
:10A6000063F8002009490870094800F0BBFD00BF4D
:10A6100008480068401C074908600749044800F0E2
:10A6200075FD012009F050F8F2E7000078050020E0
:10A6300068A400207C050020BDA4002070B504465D
:10A64000A56B0020E8852846FBF799FB70BD70B527
:10A6500006460025B46B20684069C0F3C01594F825
:10A660004100212805D125B10020E084204600F0DA
:10A67000FBF820684069C0F3801594F84200222856
:10A6800005D125B10020E085204600F0A7F8606CD8
:10A6900040F0100060642046FBF771FB70BD70B5A0
:10A6A0000546AC6B2868006800F48070002842D131
:10A6B000E08500BF00BF21680C3151E8001F21F484
:10A6C000807021680C3141E80002002AF3D100BFFC
:10A6D00000BF00BF2168143151E8001F21F00100C4
:10A6E0002168143141E80002002AF3D100BF00BF05
:10A6F00000BF2168143151E8001F21F0400021689B
:10A70000143141E80002002AF3D100BF202084F870
:10A710004200206B01280ED100BF00BF21680C3120
:10A7200051E8001F21F0100021680C3141E80002BF
:10A73000002AF3D100BF00206063206B012804D100
:10A74000A18D2046FBF7B8FA02E02046FBF792FE07
:10A7500070BD70B50546AC6B01206063206B0128AD
:10A7600005D1A08D41082046FBF7A6FA02E020465D
:10A77000FBF781FE70BD70B50546AC6B28680068BC
:10A7800000F48070F8B90020E08400BF00BF2168A9
:10A79000143151E8001F21F080002168143141E894
:10A7A0000002002AF3D100BF00BF00BF21680C31B6
:10A7B00051E8001F41F0400021680C3141E80002DF
:10A7C000002AF3D102E02046FBF7A4FE70BD70B56D
:10A7D0000446A56B2846FBF79EFE70BD00BF00BF78
:10A7E00002680C3252E8002F22F4907102680C3299
:10A7F00042E80013002BF3D100BF00BF00BF026886
:10A80000143252E8002F22F001010268143242E8AB
:10A810000013002BF3D100BF016B01290ED100BF43
:10A8200000BF02680C3252E8002F22F010010268CB
:10A830000C3242E80013002BF3D100BF202180F836
:10A84000421000210163704710B504462068C068BB
:10A8500020F040002168C860202084F84100204694
:10A86000FBF758FE002010BD00BF00BF02680C328D
:10A8700052E8002F22F0C00102680C3242E80013B7
:10A88000002BF3D100BF202180F841107047F8B5AC
:10A8900004460025002694F84200222873D1A068BF
:10A8A000B0F5805F0BD1206948B9A66A206840687E
:10A8B000C0F308003080A06A801CA06214E0A56A82
:10A8C000A068B0F5805F03D0A06828B9206918B9E6
:10A8D00020684068287004E02068406800F07F002D
:10A8E0002870A06A401CA062E08D401E80B2E08506
:10A8F000002846D12068C06820F020002168C86088
:10A900002068C06820F480702168C86020684069B1
:10A9100020F0010021684861202084F842000020D6
:10A920006063206B012826D10020206300BF00BF98
:10A9300021680C3151E8001F21F0100021680C3112
:10A9400041E80002002AF3D100BF2068006800F04F
:10A95000100010280AD100BF002000902068006875
:10A96000009020684068009000BF00BFA18D204685
:10A97000FBF7A2F902E02046FBF77CFD0020F8BDC2
:10A9800001E00020FBE70220F9E700002DE9F84F85
:10A9900004462068006920F44050E16808432168BB
:10A9A00008612169A068084361690843E1690843B7
:10A9B00000902068C06849F20C6188430099084300
:10A9C0002168C8602068406920F44070A16908438C
:10A9D0002168486176492068884203D0754920681B
:10A9E000884203D1FAF712F9814602E0FAF7FEF83D
:10A9F0008146E069B0F5004F6CD102206168A0FB90
:10AA0000015003461920A9FB007001462A4638462A
:10AA1000F6F72FFA6421B0FBF1F04FEA001A02209A
:10AA20006168A0FB01510B461920A9FB00712A4661
:10AA30003846F6F71EFA834602206168A0FB0150F3
:10AA400003461920A9FB00712A463846F6F711FA89
:10AA50006421B0FBF1F000EBC00101EB0010ABEBA7
:10AA60008000322101EBC0006421B0FBF1F000F066
:10AA7000F8000AEB400A02206168A0FB015003467F
:10AA80001920A9FB007001462A463846F6F7F1F96D
:10AA9000834602206168A0FB015003461920A9FBF0
:10AAA00000712A463846F6F7E4F96421B0FBF1F06C
:10AAB00000EBC00101EB0010ABEB8000322101EB99
:10AAC000C0006421B0FBF1F000F0070050442168A1
:10AAD00088606AE004206168A0FB015003461920E9
:10AAE000A9FB007001462A463846F6F7C2F98246AD
:10AAF00004206168A0FB015003461920A9FB0070E7
:10AB000001462A463846F6F7B4F96421B0FBF1F065
:10AB100000EBC00101EB0010AAEB8000322101EB39
:10AB200000106421B0FBF1F000F0F00A042061682D
:10AB3000A0FB017003461920A9FB00513A462846A4
:10AB4000F6F797F96421B0FBF1F00AEB001A042044
:10AB50006168A0FB01510B461920A9FB00712A4630
:10AB60003846F6F786F9834604206168A0FB015059
:10AB700003461920A9FB007001462A463846F6F71D
:10AB800078F96421B0FBF1F000EBC00101EB00109B
:10AB9000ABEB8000322101EB00106421B0FBF1F03F
:10ABA00000F00F00504421688860BDE8F88F000075
:10ABB000001001400014014077B581B004461546ED
:10ABC0000298A062A58500206064222084F84200DB
:10ABD0002C48E16BC8632C48E16B08642B48E16B9F
:10ABE000C8640020E16B086502AE32682368191D55
:10ABF0002B46E06BF8F7E6FC38B1102060642020AB
:10AC000084F84200012004B070BD00BF0020009015
:10AC100020680068009020684068009000BF00BF76
:10AC2000206970B100BF00BF21680C3151E8001FDE
:10AC300041F4807021680C3141E80002002AF3D110
:10AC400000BF00BF00BF2168143151E8001F41F070
:10AC500001002168143141E80002002AF3D100BF4D
:10AC600000BF00BF2168143151E8001F41F04000CF
:10AC70002168143141E80002002AF3D100BF00200E
:10AC8000C1E700009FA6000853A700084FA60008D0
:10AC9000014691F84100212828D18868B0F5805FED
:10ACA0000BD1086948B90A6A1088C0F308000B681C
:10ACB0005860086A801C086205E00B6A581C08622C
:10ACC00018780B685860C88C401E80B2C88458B988
:10ACD0000868C06820F080000B68D8600868C06809
:10ACE00040F040000B68D860002070470220FCE76D
:10ACF00038B524480068006800F0100010283DD1E5
:10AD000020480068C06800F01000002836D01D48B8
:10AD10000068006884B21B480068406884B2601E06
:10AD200084B200BF002000901648006800680090C0
:10AD3000144800684068009000BF00BF1148FAF74F
:10AD4000BCFF1048C06B006840680F490880084687
:10AD50000088C0F5A0700D4908600B480088C0F558
:10AD6000A070302803D10A490A48FBF76FFC4FF462
:10AD7000A07208490348FBF767FB00BF0148FAF7D8
:10AD8000FFFF38BD040B0020980000209400002035
:10AD900030A400208DA4002008B549480068401C5C
:10ADA00047490860F8F77CFD464908604648006856
:10ADB000006800F0200060B100BF00200090424811
:10ADC000006800680090404800684068009000BF3C
:10ADD00075E03E48006800F0100000286FD000BF0A
:10ADE00000200090384800680068009036480068ED
:10ADF0004068009000BF00BF35480068006800F45C
:10AE0000002070BB32480068006820F00100304923
:10AE1000096808602E4800684068C0F124002D4988
:10AE2000088024202A490968486029480068006889
:10AE300040F4002026490968086025480068006839
:10AE400040F0010022490968086022480088122861
:10AE500035D12149214807F0CDFA002004F002FA4B
:10AE60002DE0FFE71A480068006820F0010018494B
:10AE700009680860164800684068C0F12400154958
:10AE8000088024201249096848601548806A20F427
:10AE90000020134988620E480068006840F00100F5
:10AEA0000B49096808600B480088122807D10A4935
:10AEB0000A48243007F09EFA002004F0D3F908BDB8
:10AEC000C4050020C00500204C0B002000480040B5
:10AED0009C0C0020E0050020C4A6002010A7002044
:10AEE0000060024010B50248FAF74AFF10BD0000AA
:10AEF000940B002010B5044604B910BDA5202070A5
:10AF00007C480078617860F300016170794840788E
:10AF1000617860F3420161707648807800F0030048
:10AF2000617860F3C50161707248C078617860F340
:10AF3000871161706F480079A17860F30001A170FA
:10AF40006C48407900F00300A17860F34301A170E0
:10AF500068488079A17860F30511A1706548C079CF
:10AF6000A17860F38711A1706348008824F8030F6B
:10AF700061484088608060488088A0805E48C088C2
:10AF8000E0805D48B0F9140000EE100AB8EEC00A87
:10AF900010EE100A20615848B0F9160000EE100AB1
:10AFA000B8EEC00A10EE100A6061E41E524890F834
:10AFB000220008B1012000E00020E17E60F30001E2
:10AFC000E1764D4890F8230008B1012000E0002010
:10AFD000E17E60F34101E176474890F8240008B132
:10AFE000012000E00020E17E60F38201E17642482A
:10AFF00090F8250008B1012000E00020E17E60F318
:10B00000C301E1763C4890F8260008B1012000E039
:10B010000020E17E60F30411E176374890F84200A9
:10B0200008B1012100E00021E07E61F34510E076E7
:10B03000314890F8290008B1012100E00021E07EAC
:10B0400061F38610E0762C4890F82C0008B10120BE
:10B0500000E0002014F81B1F60F3C7112170264880
:10B06000817A607861F3010060702348C17A60786A
:10B0700061F383006070F8F713FCC4F80300FBF77A
:10B08000A1FB0146E07961F30000E07107F022FFC7
:10B09000E17960F38201E17107F028FFE17960F363
:10B0A000C301E171154890F83810E07961F304109C
:10B0B000E07113480178E07961F34510E0711148BF
:10B0C0000178E07961F38610E0710F48017AE07948
:10B0D00061F3C710E0711B3C084890F82C00232155
:10B0E000095D60F3000123200155AA2084F82400A3
:10B0F00000BF02E798060020C4A6002058A7002041
:10B10000A4060020A5060020BCA5002070B50446BA
:10B110000D4604B970BD2046FFF7ECFE14F8030B92
:10B12000ED1C05F8030C34F8020C25F8020C2088FD
:10B13000288060886880A088A880E088E880A0686F
:10B14000A860E068E8602069286160696861207E25
:10B150002876607E6876D4F81B00C5F81A00B4F82B
:10B160001F00E88394F82100E41E85F82000ED1EFE
:10B17000242229460248FBF77FF900BFCAE70000F6
:10B18000040B002010B5044604B910BD252120464B
:10B19000F5F720FF2320005D20F00100401C232153
:10B1A000085500BFF1E770B5D0F8C822D0F8D43206
:10B1B00000EB8303D3F8C032002B28D001F00F0C32
:10B1C0000CEB8C0400EB840500266C6954B10CEB8D
:10B1D000CC0C02EB8C02D2F81CC0B4FBFCF20CFBD2
:10B1E0001242B2B1C3F81462D0F8D42200EB82004C
:10B1F000D0F8C402D0F810C0BCF1000F05D00A4648
:10B2000003F50471D3F80802E047002070BD032065
:10B2100070BD6E6100231A4600F0AFFFF5E770B510
:10B220000446D4F8D40204EB8000D0F8C052002DBC
:10B2300012D0204600F02FFEC5F80C02D4F8D4122C
:10B24000D5F8040204EB8101D1F8C412CA6805F5EF
:10B2500003719047002070BD032070BD70B5044697
:10B26000234D2046297800F018FD2878002600F0AC
:10B270000F0000EB800004EB800080F82360697809
:10B28000204600F00AFD687800F00F0000EB800017
:10B2900004EB800080F86361A978204600F0FDFC93
:10B2A000A87800F00F0000EB800004EB800080F82D
:10B2B0002360C661D4F8D40204EB8000D0F8C01239
:10B2C00099B1D0F8C40240688047D4F8D40204EBA6
:10B2D0008000D0F8C00201F0F5F9D4F8D40204EBF4
:10B2E0008000C0F8C062C4F8BC62002070BD0000DD
:10B2F000E405002010B5D0F8D41200EB8100D0F89E
:10B30000C042002C10D0D0F8C41259B194F80002F9
:10B31000FF2807D08B6894F8012221469847FF2028
:10B3200084F80002002010BD032010BD0A21018016
:10B3300000487047E805002070B5064682210C4899
:10B3400000F0F6FB05460121094800F0F1FB044638
:10B350008121074800F0ECFB0DB11021A9714021BB
:10B3600004B1A18000B1818043203080004870BDCD
:10B37000F405002070B5064682210D4800F0D8FB88
:10B38000054601210A4800F0D3FB04468121084804
:10B3900000F0CEFB0DB11021A9714FF4007104B182
:10B3A000A18000B1818043203080014870BD000041
:10B3B000F405002070B5064682210C4800F0B8FB69
:10B3C00005460121094800F0B3FB044681210748E6
:10B3D00000F0AEFB0DB11021A971402104B1A18094
:10B3E00000B1818043203080004870BDF40500200A
:10B3F0002DE9F04704464FF4077001F065F9054662
:10B400004FF00008002D65D04FF407712846F5F77E
:10B4100003FED4F8D40204EB8000C0F8C052C4F894
:10B42000BC52207C01274A4E4FF0100900285AD008
:10B43000402302223178204600F0B0FD307800F041
:10B440000F0000EB800004EB800080F823704023A5
:10B4500002227178204600F0A1FD707800F00F0004
:10B4600000EB800004EB800080F86371B07800F09E
:10B470000F0000EB800004EB8000C0F81C90082354
:10B480000322B178204600F089FDB07800F00F006B
:10B4900000EB800004EB800080F82370C5F8048284
:10B4A000D4F8D40204EB8000D0F8C40200688047CE
:10B4B000C5F81482C5F81882D5F80422002A3DD0B8
:10B4C000207CD0B340237178204600F07FFD00201F
:10B4D000BDE8F087D4F8D40204EB8000C0F8C08245
:10B4E0000220BDE8F0874FF4007302223178204635
:10B4F00000F054FD307800F00F0000EB800004EB0A
:10B50000800080F823704FF4007302227178204687
:10B5100000F044FD707800F00F0000EB800004EBB9
:10B52000800080F86371B07800F00F0000EB8000BD
:10B5300004EB8000C0F81C90A1E702E00220BDE807
:10B54000F0874FF400737178204600F03FFDBEE7AE
:10B55000E405002010B5D0F8D41200EB8101D1F839
:10B56000C01200290CD0027CDFF82CC052B1D1F8F7
:10B57000042240239CF8011000F028FD002010BD9B
:10B58000032010BDD1F804224FF400739CF8011081
:10B5900000F01CFDF2E70000E4050020002907D0C0
:10B5A000D0F8D42200EB8200C0F8C412002070470B
:10B5B00003207047D0F8D42200EB8200D0F8C002FC
:10B5C000002803D0C0F80412002070470320704701
:10B5D000D0F8D43200EB8300D0F8C002002805D0A8
:10B5E000C0F80812C0F810220020704703207047EE
:10B5F000F0B583B006460C46D6F8D40206EB8000C0
:10B60000D0F8C0720021029101910025002F0DD0C9
:10B61000217811F060023BD0202A0AD02146304622
:10B6200000F0C9F8032503B02846F0BD03B003209D
:10B63000F0BDE28812B311F0800F10D0D0F8C40230
:10B6400094F801C03946836860469847E288072A23
:10B6500000D907223946304600F0D5F8E3E7607894
:10B6600087F80002E088402800D34020C2B287F863
:10B6700001223946304600F0AAF8D4E7D0F8C402D7
:10B6800094F801C000228368214660469847CAE7C3
:10B69000607858B10128C6D00A2817D00B2825D0C9
:10B6A0002146304600F087F80325BCE796F89C0257
:10B6B000032805D02146304600F07DF80325B2E787
:10B6C000022201A9304600F09EF8ACE796F89C02F1
:10B6D000032805D02146304600F06DF80325A2E787
:10B6E000012202A9304600F08EF89CE796F89C02F1
:10B6F000032898D02146304600F05DF8032592E7F4
:10B7000010B5D0F8D41200EB8101D1F8C02201218C
:10B71000002A03D0D2F8143213B117E0032010BD71
:10B720000121C2F814120A49D2F810C2097801F0B6
:10B730000F0303EB830300EB8303C3F814C0D2F8B9
:10B740001032D2F8082200F018FD0021084610BD82
:10B75000E405002010B50024D0F8B82252689047C4
:10B7600000B10324204610BD90F89C22012A05D088
:10B77000022A03D0032A01D000F01DB8498801290C
:10B7800004D10021C0F8A41200F04BB8704700208B
:10B7900070470020704710B513460A46002100F09C
:10B7A00015FC002010BD10B513460A46002100F01C
:10B7B000E4FC002010BD10B504468021204600F0B6
:10B7C000ADFC2046BDE81040002100F0A7BC10B53C
:10B7D0000323C0F89432C0F85421C0F86411C0F8B3
:10B7E000582113460A46002100F0F0FB002010BD4E
:10B7F00010B50521C0F8941200231A46194600F02E
:10B80000E5FB002010BD10B50223C0F89432426160
:10B810004162826113460A46002100F0AEFC00201E
:10B8200010BD10B50421C0F8941200231A46194621
:10B8300000F0A3FC002010BD70B505460C462DB9E4
:10B840002246064906A000F0BFF904E0224603495B
:10B8500003A000F0B9F9014870BD00009C1700205A
:10B8600043444320436F6E6669670000024612201E
:10B8700008800148704700004C00002070B5054664
:10B880000C462DB92246064906A000F09DF904E0B9
:10B890002246034903A000F097F9014870BD00005B
:10B8A0009C17002043444320496E746572666163AF
:10B8B000650000000246042008800148704700002F
:10B8C0006000002070B505460C462246024903A0E0
:10B8D00000F07AF9004870BD9C17002053544D6960
:10B8E00063726F656C656374726F6E696373000079
:10B8F00070B505460C462DB92246064906A000F053
:10B9000063F904E02246034903A000F05DF9014811
:10B9100070BD00009C17002053544D3332205669EF
:10B92000727475616C20436F6D506F72740000000B
:10B9300070B505460C461A202080F6F7B9FE01487E
:10B9400070BD000064000020CA88012A01D0FFF702
:10B9500032BF90F89C22012A05D0022A03D0032A84
:10B9600008D0FFF728BF00218160012200F1080103
:10B97000FFF749BF0122011DFFF745BF2DE9F8433D
:10B9800004460F4600200090002600257888010A12
:10B99000082970D2DFE801F0AB040C22ABAB8B9A24
:10B9A000D4F8B412207C0A68694690470646A3E0A2
:10B9B000207C4FF0020840B1D4F8B802C16A684652
:10B9C0008847064686F8018096E0D4F8B802816A76
:10B9D00068468847064686F801808DE0C0B2062892
:10B9E0005FD2DFE800F0031221303F4FD4F8B402F9
:10B9F000426822B1207C6946904706467CE0394681
:10BA00002046FFF7D8FE012576E0D4F8B40282681C
:10BA100022B1207C6946904706466DE039462046B3
:10BA2000FFF7C9FE012567E0D4F8B402C26822B16D
:10BA3000207C6946904706465EE039462046FFF77F
:10BA4000BAFE012558E0D4F8B402026922B1207C84
:10BA50006946904706464FE039462046FFF7ABFE61
:10BA6000012549E0D4F8B40242692AB1207C694634
:10BA70009047064640E03AE039462046FFF79BFEF5
:10BA8000012539E0D4F8B402826922B1207C6946EC
:10BA90009047064630E039462046FFF78CFE0125E8
:10BAA0002AE039462046FFF786FE012524E0207C67
:10BAB00028B139462046FFF77EFE01251CE0D4F868
:10BAC000B802416B68468847064615E0207C28B1DD
:10BAD00039462046FFF76FFE01250DE0D4F8B80285
:10BAE000016B6846884706460721717004E03946B5
:10BAF0002046FFF760FE0125002D0CD1FA8892B197
:10BB0000BDF8000048B1824200D902460092314699
:10BB10002046FFF778FEBDE8F88339462046FFF758
:10BB20004AFEBDE8F8832046FFF77BFEBDE8F883B8
:10BB300078B50E46054600246A88297828468A4248
:10BB400012D900918A420FD9694600F01BF841785A
:10BB5000052904D10446A178B14205D000246988A2
:10BB6000BDF800209142EFD8204678BD0021027830
:10BB7000002A05D0491CC9B2401C0278002AF9D11C
:10BB8000084670470A8803781A440A8001780844F6
:10BB9000704790F89C22012A05D0022A03D0032A7C
:10BBA00001D0FFF708BECA88022A01D0FFF703BE02
:10BBB0000121C160D0F8A41209B10321C1600222A1
:10BBC00000F10C01FFF71FBE70B50D4616460028A8
:10BBD00025D004462046FFF7C9FF022101EB4000B3
:10BBE000B0F5007F01D9080204E02046FFF7BEFF50
:10BBF0004000801C3080307828700320687002205C
:10BC0000217800290BD0002122782A54641C401C82
:10BC1000C0B22954401CC0B22278002AF4D170BDB1
:10BC20000146002031B1012906D0022906D003299E
:10BC300008D105E0002007E0032005E0012003E033
:10BC4000032001E0032000BF00BF704700280FD091
:10BC50000023C0F8B832C0F8C432C0F8D03209B1FD
:10BC6000C0F8B412012180F89C12027000F01CB9D7
:10BC7000032070472DE9F04104460D4600260027B9
:10BC80002946D4F8C802F7F7D6FF06463046FFF734
:10BC9000C7FF07463846BDE8F0812DE9F04104466C
:10BCA0000D46002600272946D4F8C802F7F78EFF74
:10BCB00006463046FFF7B4FF07463846BDE8F08138
:10BCC00070B504460B46002B09D043F08001204696
:10BCD000FFF75DFDFF2862D0002850D05FE004F13F
:10BCE0001400D4F89412002502293FD181894268BA
:10BCF0008A4210D9511A4160828901691144016157
:10BD000042682046FFF74FFD00231A461946204699
:10BD100000F05CF92AE0914214D10068884211D306
:10BD2000D4F8981288420DD2002211462046FFF71F
:10BD30003AFDC4F8985200231A461946204600F0EE
:10BD400045F913E094F89C02032808D1D4F8B8020E
:10BD5000C16821B1C4F8D452C16820468847802107
:10BD6000204600F0DBF92046FFF742FD94F8A002E0
:10BD700020B1204600F04FFA84F8A0520FE094F86A
:10BD80009C1203290BD1D4F8B822516939B1C4F8F7
:10BD9000D4025269194620469047002800D100205D
:10BDA00070BD70B504460B460025002B09D003F08A
:10BDB0007F012046FFF7EBFCFF2858D0002844D035
:10BDC00055E004F5AA70D4F8941203294FD1818963
:10BDD00042688A420ED9511A416082890169114430
:10BDE000016142688089824200D802462046FFF7FE
:10BDF000D2FC3CE094F8AA0210F01F0006D0012803
:10BE000006D002280AD0002070B11AE00020FBE71B
:10BE100094F8AE122046FFF7BCFCF5E794F8AE129A
:10BE20002046FFF7B4FCEFE794F89C12032908D1F1
:10BE3000D4F8B8120A6922B1C4F8D40209692046BC
:10BE400088472046FFF7EDFC11E094F89C12032987
:10BE50000AD1D4F8B822916931B1C4F8D4029269F8
:10BE600019462046904705460DB1284670BD002072
:10BE700070BD0020704710B50024012180F89C128D
:10BE8000D0F8B822002A04D052680179904700B156
:10BE90000324204610BD70B504460D462946D4F84B
:10BEA000C802F7F706FF70BD10B5044620780028D9
:10BEB0002AD11648C0F8E044C4F8C8024FF0A040A8
:10BEC000124908600420087102211048C171002144
:10BED00081710221417200218172C17201738173EB
:10BEE000C173F8F73BFB08B1F6F76DFB80210748FB
:10BEF000F7F7F1FD402200210448F7F7F1FD802219
:10BF000001210248F7F7ECFD002010BD9810002039
:10BF100010B50246D2F8C83201F08000802809D15D
:10BF200001F07F0000EBC00403F1140000EB84007B
:10BF3000807810BD01F07F0000EBC00403F51570A0
:10BF400000EB84008078F4E710B5D0F8D42200EB41
:10BF50008202D2F8B822002A04D090F89C32032B37
:10BF600002D004E0032010BD126A02B19047002005
:10BF700010BD10B5D0F8D42200EB8202D2F8B8225E
:10BF8000002A04D090F89C32032B02D004E0032056
:10BF900010BD526A02B19047002010BD2DE9F04754
:10BFA00004460F4615461E464FF00008C1462B4674
:10BFB00032463946D4F8C802F7F786FE8046404636
:10BFC000FFF72EFE81464846BDE8F0872DE9F04791
:10BFD00004460D4616461F464FF00008C1463B4634
:10BFE00032462946D4F8C802F7F7B5FE80464046E7
:10BFF000FFF716FE81464846BDE8F0872DE9F0417F
:10C0000004460025012684F89C620020C4F89402AE
:10C010006060C4F8A40284F8A002D4F8B802002832
:10C0200006D0426822B100212046904700B1032586
:10C030000022402311462046FFF7B0FF84F86361D9
:10C040004027A4F860714023002280212046FFF79A
:10C05000A5FF84F8236027842846BDE8F08190F886
:10C060009C12042903D190F89D1280F89C120020A4
:10C07000704710B590F89C12032905D1D0F8B8127A
:10C0800011B1C96901B18847002010BD01740020B9
:10C0900070472DE9F04104460D4600260027294649
:10C0A000D4F8C802F8F784FB06463046FFF7B8FD1F
:10C0B00007463846BDE8F08110B5044604F2AA20D0
:10C0C00000F073F80120C4F89402B4F8B002C4F888
:10C0D000980294F8AA1211F01F000AD001280FD07C
:10C0E000022814D02046BDE8104001F0800100F085
:10C0F00015B804F2AA212046BDE8104000F046B968
:10C1000004F2AA212046BDE8104000F094BA04F2DF
:10C11000AA212046BDE8104000F073B92DE9F04196
:10C1200004460D46002600272946D4F8C802F7F732
:10C1300035FE06463046FFF773FD07463846BDE834
:10C14000F08170B5044600250026D4F8C802F8F73F
:10C1500052FB05462846FFF763FD0646304670BD94
:10C1600090F89C12042903D090F89C1280F89D123C
:10C17000042180F89C12002070472DE9F047044606
:10C180000D4616461F464FF00008C1463B46324654
:10C190002946D4F8C802F7F746FE80464046FFF726
:10C1A0003FFD81464846BDE8F0870A780270491C89
:10C1B0000A784270491C0A784B1C1B7842EA032219
:10C1C0004280891C0A784B1C1B7842EA0322828039
:10C1D0008A78C97842EA0121C180704738B504469F
:10C1E00000200090002914D0C4F8B812D4F8D4026A
:10C1F00004EB8000D0F8B802C16A19B168468847DC
:10C20000C4F8D002D4F8D802401CC4F8D8020020E8
:10C2100038BD032038BD0020704770B504468888BB
:10C22000002821D1C888F8B9488880281CD200F09D
:10C230007F0594F89C0203280DD084F89E5229466D
:10C240002046FFF726FF2046FFF7EBFA45B1022014
:10C2500084F89C0270BD2046BDE87040FFF7ABBA81
:10C26000012084F89C0270BD2046BDE87040FFF7B5
:10C27000A2BA03460020D3F8B822002A02D01268DE
:10C2800018461047704700002DE9F04104460F465C
:10C290000025334EB9783170012906D93946204638
:10C2A000FFF789FA0320BDE8F08194F89C024FF073
:10C2B000020802280DD0032825D039462046FFF772
:10C2C0007AFA31782046FFF745FA03252846BDE87B
:10C2D000F081A1B161602046FFF7CBFF0546280041
:10C2E00006D039462046FFF766FA84F89C82EDE7CF
:10C2F0002046FFF796FA032084F89C02E6E72046E2
:10C30000FFF78FFAE2E7C9B16068884224D0C1B272
:10C310002046FFF71FFA317861602046FFF7A9FF3A
:10C320000546280014D039462046FFF744FA217903
:10C330002046FFF70FFA84F89C82C7E784F89C82B6
:10C3400061602046FFF706FA2046FFF76AFABDE76C
:10C350002046FFF766FAB9E72046FFF762FAB5E72D
:10C36000E20500204A88012A03D0022A06D0FFF7FE
:10C3700022BA0121C0F8A412FFF753BA8988090A2A
:10C3800080F8A012FFF74DBAFFF7DBBE10B500240E
:10C390000A7812F0600211D0202A05D0402A03D07A
:10C3A000FFF709FA204610BDD0F8D42200EB820234
:10C3B000D2F8B822926890470446F3E74A780A2AEE
:10C3C0001CD2DFE802F012181B151B08051B0F0B0F
:10C3D000FFF7D4FAE6E7FFF720FFE3E7FFF754FFA4
:10C3E0000446DFE7FFF7B0FADCE7FFF7D2FBD9E757
:10C3F000FFF7B8FFD6E7FFF7B7F9D3E7FFF7DBF9A9
:10C40000D0E72DE9F04105460E4600273479307813
:10C4100010F060001ED0202808D0402806D03146F9
:10C420002846FFF7C8F93846BDE8F081214628467E
:10C43000FFF7ADF9FF28F6D00028F4D1C5F8D402F3
:10C44000D5F8B8028268002AEDD0314628469047D8
:10C450000746E8E77078002872D0012831D0032819
:10C4600004D031462846FFF7A6F9DCE795F89C0290
:10C47000022806D0032815D031462846FFF79BF93D
:10C48000D1E754B1802C08D021462846FFF746FE5C
:10C4900080212846FFF742FEC5E731462846FFF7D0
:10C4A0008AF9C0E7708840B93CB1802C05D0F0888B
:10C4B00018B921462846FFF731FE2846FFF7B1F9A3
:10C4C000B1E795F89C02022806D0032815D0314622
:10C4D0002846FFF770F9A6E754B1802C08D0214612
:10C4E0002846FFF71BFE80212846FFF717FE9AE734
:10C4F00031462846FFF75FF995E77088002892D10A
:10C5000014F07F0F03D021462846FFF7B3FB2846DF
:10C51000FFF787F921462846FFF739F9FF2882D02F
:10C52000002880D1C5F8D402D5F8B8028268002A64
:10C530003FF479AF314628469047074673E7FFE757
:10C5400095F89C024FF00008022806D0032828D056
:10C5500031462846FFF72FF965E734B1802C04D027
:10C5600031462846FFF727F95DE714F0800F07D022
:10C5700004F07F0000EB800005EB8000143007E042
:10C5800004F07F0000EB800005EB800000F5AA704E
:10C5900080F80E8000F10E0102222846FFF733F9E1
:10C5A00041E714F0800F0DD004F00F0000EB800085
:10C5B00005EB800090F8230068B931462846FFF764
:10C5C000FAF830E704F00F0000EB800005EB800084
:10C5D00090F8630158B114F0800F0DD004F07F0083
:10C5E00000EB800005EB800000F114060CE0314602
:10C5F0002846FFF7E0F816E704F07F0000EB800024
:10C6000005EB800000F5AA764CB1802C07D02146BE
:10C610002846FFF77DFC28B10120B07304E086F8BE
:10C620000E8001E086F80E80022206F10E012846F7
:10C63000FFF7E9F8F7E670B505460E4600243078B6
:10C6400010F0600009D0202807D0402805D03146DE
:10C650002846FFF7B0F8204670BD95F89C020128E7
:10C6600008D0022806D0032804D031462846FFF718
:10C67000A2F8F0E7B088C1B201291ED8C1B228469D
:10C68000FFF787F8FF2800D048B10324F08800287E
:10C69000E1D1002CDFD12846FFF7C3F8DBE7D5F85E
:10C6A000B8128A683AB1C5F8D4028A683146284679
:10C6B00090470446EAE70324E8E731462846FFF7B7
:10C6C0007AF8C8E77047000001460148704700004B
:10C6D0007C15002070B504460B4622461978587820
:10C6E00001282CD140F61C0080581D7805F00F065B
:10C6F0000125B540ADB2284340F61C05A85002F50F
:10C70000106000EB4110006800F40040F0BB188995
:10C71000C0F30A001D7940EA854040EA815040F0AC
:10C72000805040F4004002F5106505EB41152D687E
:10C73000284302F5106505EB411528602DE040F611
:10C740001C0080581D7805F00F060125B540144ED9
:10C7500006EA0545284340F61C05A85002F530605E
:10C7600000EB4110006800F4004078B91889C0F36C
:10C770000A001D7940EA854040F0805040F40040B6
:10C7800002F5306505EB41152D6800E005E0284312
:10C7900002F5306505EB41152860002070BD0000F2
:10C7A0000000FFFF01460A464FF410608058C30A9C
:10C7B000DB024FF41060835040F60400805840F4D0
:10C7C000807340F604008350002070470FB470B5AA
:10C7D00004469DF81900012818D1A06B20F4803080
:10C7E000A063E0681B490840E060E06820F4401066
:10C7F000E0609DF82000012803D1E06840F480103B
:10C80000E060204600F028F8054613E0E06840F0BC
:10C810004000E060204600F01FF805469DF81D002E
:10C8200020B9A06B40F48030A06303E0A06B20F43B
:10C830008030A0639DF81600012807D1A06840F061
:10C840000600A060A06840F02000A060284670BCF0
:10C850005DF814FBBFFFBDFF08B501460020009046
:10C8600000BF0098401C00900098B0F1706F01D993
:10C87000032008BD086900F000400028F1D00A201C
:10C88000009002E00098401E009000980028F9D126
:10C89000086940F00100086100BF0098401C00904A
:10C8A0000098B0F1706F01D90320E2E7086900F049
:10C8B00001000028F1D100BFDBE7000070B504469D
:10C8C0000B46224619785878012848D102F51060A5
:10C8D00000EB4110006800F00040B0F1004F17D1AC
:10C8E00002F5106000EB4110006840F0006502F5B1
:10C8F000106000EB4110056002F5106000EB411084
:10C90000006840F0804502F5106000EB41100560C2
:10C9100040F63C0080581D7805F00F060125B54013
:10C92000ADB2A84340F63C05A85040F61C00805824
:10C930001D7805F00F060125B540ADB2A84340F6BD
:10C940001C05A85002F5106000EB411000682B4D4B
:10C95000284002F5106505EB411528604BE002F513
:10C96000306000EB4110006800F00040B0F1004F73
:10C9700017D102F5306000EB4110006840F000650F
:10C9800002F5306000EB4110056002F5306000EB0D
:10C990004110006840F0804502F5306000EB411026
:10C9A000056040F63C0080581D7805F00F06012513
:10C9B000B540134E06EA0545A84340F63C05A8508D
:10C9C00040F61C008558187800F00F060120B04092
:10C9D0000B4E06EA0040854340F61C00855002F5E8
:10C9E000306000EB41100068064D284002F53065CC
:10C9F00005EB41152860002070BD0000007833EC85
:10CA00000000FFFF0078F3EF01460A46D2F8000E5F
:10CA100020F00300C2F8000E40F60400805820F019
:10CA2000020340F6040083500020704701460A4686
:10CA3000D2F8000E20F00300C2F8000E40F6040009
:10CA4000805840F0020340F60400835000207047F5
:10CA50000FB4F0B5054600272E46002405E000215E
:10CA600005F5827040F82410641C0F2CF7D39DF854
:10CA70002200A0B940F60400805940F0020140F6BF
:10CA800004008151A86B40F40010A863A86B20F447
:10CA90000020A863A86B20F48020A86307E0A86B9F
:10CAA00020F40010A863A86B40F40020A8630020C5
:10CAB000C6F8000E9DF81D0001280CD19DF81B0042
:10CAC00020B90021284600F00AFD08E0012128468F
:10CAD00000F005FD03E00321284600F000FD1021D1
:10CAE000284600F002FC00B10127284600F0D5FBE3
:10CAF00000B1012700214FF401608151001D8151D7
:10CB000040F61C00815100242EE006F5106000EB79
:10CB10004410006800F00040B0F1004F10D13CB963
:10CB20004FF0006106F5106000EB441001600DE06D
:10CB30004FF0904106F5106000EB4410016005E0F5
:10CB4000002106F5106000EB44100160002106F59D
:10CB5000106000EB441001614FF67F3106F5106064
:10CB600000EB44108160641C9DF81800A042CCD8F2
:10CB700000242EE006F5306000EB4410006800F061
:10CB80000040B0F1004F10D13CB94FF0006106F504
:10CB9000306000EB441001600DE04FF0904106F56D
:10CBA000306000EB4410016005E0002106F53060C4
:10CBB00000EB44100160002106F5306000EB4410EA
:10CBC00001614FF67F3106F5306000EB4410816063
:10CBD000641C9DF81800A042CCD84FF40160805925
:10CBE00020F480714FF4016081510020A8616FF042
:10CBF000804068619DF81A0018B9A86940F01000DB
:10CC0000A861A8690A490843A8619DF81E0018B1E7
:10CC1000A86940F00800A8619DF82200012803D10E
:10CC2000A86904490843A8613846F0BC5DF814FBC4
:10CC300000383C80040000400146886820F0010074
:10CC4000886000207047000070B503460C46194606
:10CC50001D6C1848854209D94FF43060405800F0E7
:10CC60000040B0F1004F01D1002070BD0026C1F896
:10CC7000106BD1F8100B40F40026C1F8106BD1F8FE
:10CC8000100B40F01806C1F8106BD1F8100B40F0F3
:10CC9000C046C1F8106B012C09D1C1F8142B4FF418
:10CCA0003060405840F080264FF4306046500020FD
:10CCB000DBE700000A30544F30B504460B462246ED
:10CCC0001978587801281ED102F5106000EB411048
:10CCD000006820F4001502F5106000EB41100560BB
:10CCE0001879032802D0187902282AD102F5106099
:10CCF00000EB4110006840F0805502F5106000EB39
:10CD0000411005601DE002F5306000EB4110006845
:10CD100020F4001502F5306000EB41100560187931
:10CD2000032802D0187902280BD102F5306000EBFD
:10CD30004110006840F0805502F5306000EB411072
:10CD40000560002030BD30B504460B4622461978F8
:10CD50005878012821D102F5106000EB41100068DD
:10CD600000F0004060B959B102F5106000EB4110CD
:10CD7000006820F0804502F5106000EB411005606E
:10CD800002F5106000EB4110006840F4001502F558
:10CD9000106000EB4110056020E002F5306000EB10
:10CDA0004110006800F0004060B959B102F53060F0
:10CDB00000EB4110006820F0804502F5306000EB88
:10CDC0004110056002F5306000EB4110006840F44E
:10CDD000001502F5306000EB41100560002030BD09
:10CDE0002DE9F84381460E4690464D4634787078DA
:10CDF00001287DD1306920BB05F5106000EB44109F
:10CE00000069E649084005F5106101EB441108612D
:10CE100005F5106000EB4410006940F4002105F5B1
:10CE2000106000EB4410016105F5106000EB441048
:10CE30000069C10CC90405F5106000EB44100161E4
:10CE40006FE005F5106000EB44100069C10CC904E7
:10CE500005F5106000EB4410016105F5106000EB72
:10CE600044100069CD49084005F5106101EB4411FB
:10CE7000086194B9B1683069884201D9B0683061FD
:10CE800005F5106000EB4410006940F4002105F541
:10CE9000106000EB4410016135E0B168306908446E
:10CEA000401EB0FBF1F087B205F5106000EB4410B6
:10CEB0000069BA49C94301EAC741084305F5106151
:10CEC00001EB44110861307901281CD105F510608F
:10CED00000EB4410006920F0C04105F5106000EB44
:10CEE0004410016105F5106000EB4410006900E09A
:10CEF00099E04FF0C04101EA4771084305F5106120
:10CF000001EB4411086105F5106000EB4410006965
:10CF10003169C1F31201084305F5106101EB4411B9
:10CF20000861B8F1010F36D1F06928B105F510603C
:10CF300000EB4410F1694161307901281ED140F6BF
:10CF40000800405900F4807060B905F5106000EBEE
:10CF50004410006840F0005105F5106000EB4410EB
:10CF600001600BE005F5106000EB4410006840F034
:10CF7000805105F5106000EB4410016005F510606C
:10CF800000EB4410006840F0044105F5106000EB30
:10CF900044100160FEE005F5106000EB44100068ED
:10CFA00040F0044105F5106000EB44100160307959
:10CFB00001280FD030690028ECD040F634004059E9
:10CFC000317801F00F0201219140084340F634010D
:10CFD0004851DFE040F60800405900F4807060B925
:10CFE00005F5106000EB4410006840F0005105F5B5
:10CFF000106000EB441001600BE005F5106000EBE1
:10D000004410006840F0805105F5106000EB4410BA
:10D010000160CDF80080308A83B232784846F168EA
:10D0200000F0DAFAB6E005F5306000EB4410006974
:10D03000C10CC90405F5306000EB4410016105F531
:10D04000306000EB441000695449084005F5306138
:10D0500001EB4411086104BB306908B1B06830616C
:10D06000B068306205F5306000EB44100069316A49
:10D07000C1F31201084305F5306101EB4411086169
:10D0800005F5306000EB4410006940F4002105F51F
:10D09000306000EB4410016143E03069D0B905F520
:10D0A000306000EB44100069B168C1F3120108431D
:10D0B00005F5306101EB4411086105F5306000EBC6
:10D0C0004410006940F4002105F5306000EB441085
:10D0D000016126E0B16830690844401EB0FBF1F000
:10D0E00087B2B0687843306205F5306000EB4410D9
:10D0F00000692A49C94301EAC741084305F530617F
:10D1000001EB4411086105F5306000EB4410006943
:10D11000316AC1F31201084305F5306101EB441196
:10D120000861B8F1010F07D1F06828B105F530604A
:10D1300000EB4410F1684161307901281ED140F6BE
:10D140000800405900F4807060B905F5306000EBCC
:10D150004410006840F0005105F5306000EB4410C9
:10D1600001600BE005F5306000EB4410006840F012
:10D17000805105F5306000EB4410016005F530602A
:10D1800000EB4410006840F0044105F5306000EB0E
:10D19000441001600020BDE8F8830000FFFF07E0B5
:10D1A00078B503460024009400201A464C78012CE0
:10D1B00035D10C7802F5106505EB4414246804F0B1
:10D1C0000044B4F1004F60D10C7805EB441424689E
:10D1D00044F000660C7805EB441426600C7805EBEF
:10D1E0004414246844F080460C7805EB441426600F
:10D1F00000BF009C641C009442F21075009CAC427D
:10D2000001D901200AE00C7802F5106505EB441401
:10D21000246804F00044B4F1004FEAD035E00C7803
:10D2200002F5306505EB4414246804F00044B4F1C1
:10D23000004F2AD10C7805EB4414246844F00066B2
:10D240000C7805EB441426600C7805EB4414246834
:10D2500044F080460C7805EB4414266000BF009C27
:10D26000641C009442F21075009CAC4201D901206C
:10D270000AE00C7802F5306505EB4414246804F0EC
:10D280000044B4F1004FEAD000BF78BD0146886881
:10D2900040F0010088600020704708B5014600207A
:10D2A000009000BF0098401C00900098B0F1706F93
:10D2B00001D9032008BD086900F000400028F1D022
:10D2C000002000901020086100BF0098401C0090D2
:10D2D0000098B0F1706F01D90320EBE7086900F006
:10D2E00010001028F1D00020E4E708B50246002025
:10D2F000009000BF0098401C00900098B0F1706F43
:10D3000001D9032008BD106900F000400028F1D0C9
:10D3100000200090202040EA8110106100BF00989A
:10D32000401C00900098B0F1706F01D90320E9E72C
:10D33000106900F020002028F1D00020E2E710B5AD
:10D3400001460B4640F60804E45804F006020AB908
:10D35000002006E0022A01D0062A01D1022000E0C6
:10D360000F2010BD0146486900F0010070470146DA
:10D370000B4640F61800C258001DC058024090B23B
:10D38000704701460B4640F61800C258001DC058B1
:10D390000240100C704770B5024613464FF4016608
:10D3A000F45840F63406F55801F00F0625FA06F653
:10D3B00006F0010644EAC61403F5106606EB4116B2
:10D3C000B66806EA040070BD10B50246134603F5C0
:10D3D000306404EB4114A06840F61404E458204083
:10D3E00010BD014648698A69104070472DE9F04137
:10D3F00004460D46274628464FEA920C02F00303E6
:10D4000000210AE04FF4805858F80780C0F80080E7
:10D41000401C401C401C401C491C6145F2D39BB180
:10D4200000214FF4805858F8076000BF4FEAC10848
:10D4300026FA08F880F80080491C401CA3F1010876
:10D440001FFA88F3002BF1D1BDE8F08170B50446D6
:10D450000E460025E06820F0C040E060012E10D1AB
:10D46000E06840F00050E06000BF0A20F6F7F4F8F2
:10D470000A352046FFF776FF012815D0C82DF4D3D2
:10D4800012E07EB9E06840F08040E06000BF0A2012
:10D49000F6F7E2F80A352046FFF764FF20B1C82D01
:10D4A000F5D301E0012070BDC82D01D10120FAE7BC
:10D4B0000020F8E710B502460B461146D1F80008E7
:10D4C00020F4FE60C1F80008D1F800084FF4FE64B3
:10D4D00004EA03142043C1F80008002010BD0246EE
:10D4E0001346D3F800080843C3F80008002070472B
:10D4F00030B503461446022C49D12D48814204D34D
:10D500002C48814201D20F2245E02A48814204D3AF
:10D510002948814201D20E223DE02748814204D3AE
:10D520002648814201D20D2235E02448814204D3AD
:10D530002348814201D20C222DE02148814204D3AC
:10D540002048814201D20B2225E01E48814204D3AB
:10D550001D48814201D20A221DE01B48814204D3AA
:10D560001A48814201D2092215E01848814204D3A9
:10D570001748814201D208220DE01548814204D3A8
:10D580001448814201D2072205E0062203E00CB9CB
:10D59000092200E00922D86820F47050D860D868C9
:10D5A0004FF4705505EA82252843D860002030BD2D
:10D5B000C0ACD800C0E1E4000024F4008073060190
:10D5C000A0491A01002D310140A44C0100366E0122
:10D5D00020ABA6010048E8012DE9F04304460D46C2
:10D5E0001E46DDF81CC0A0462946BCF1000F12D132
:10D5F000F01C870800230CE0D1F8009008F580505B
:10D6000000EB0230C0F80090491C491C491C491C21
:10D610005B1CBB42F0D30020BDE8F08300BFFEE7F7
:10D6200030B52DED108B97B00446B0EE408AF0EE89
:10D63000608A84ED0D8AC4ED098A94ED090AD4ED5F
:10D64000120A30EE600AD4ED050A80EE201A84ED4D
:10D65000111A94ED090AD4ED0D0A30EE600A84ED3A
:10D660000F0A94ED0A0A10EE101A084607F0BCFFE4
:10D6700041EC190B94ED0F0A10EE101A084607F052
:10D68000B3FF41EC1B0BB0EE4B0AF0EE6B0A00F05F
:10D690008FFCB0EE40AAF0EE60AA53EC192B51ECCF
:10D6A0001A0B07F067F90AD294ED080AD4ED060ABE
:10D6B00094ED0F1A00EE810A84ED080A03E09FED55
:10D6C0007A0A84ED080A94ED080AD4ED070AB4EE4C
:10D6D000E00AF1EE10FA04DB94ED070A84ED080A83
:10D6E00010E094ED080AD4ED070AF1EE600AB4EEFA
:10D6F000E00AF1EE10FA05D894ED070AB1EE400AFF
:10D7000084ED080A94ED0F0A84ED130A94ED080ADB
:10D7100010EE101A084607F067FF41EC190B94ED64
:10D72000030AD4ED130A20EE200A10EE101A084660
:10D7300007F05AFFCDE90E0194ED041AF0EE410A0C
:10D7400094ED131AB0EE410AFCF7FEFCD4ED020A88
:10D7500020EE200A10EE105A284607F045FFCDE9CA
:10D760000C01D4ED130AB0EE600A05F085FC10EE52
:10D77000105A284607F038FFCDE9080194ED010A58
:10D7800010EE101A084607F02FFFCDE9040194EDC2
:10D79000130A10EE101A084607F026FFCDE9000123
:10D7A0009DED000B00F004FC8DED020B9DED041BC4
:10D7B0009DED020B00F008FC8DED060B94ED000AC8
:10D7C00010EE101A084607F00FFF41EC1F0B9DEDFD
:10D7D000060B53EC102B07F009F941EC1E0B9DEDE5
:10D7E000080B53EC102B07F001F9CDE90A0194ED79
:10D7F000110A10EE101A084607F0F6FE41EC1D0B58
:10D800009DED0A0B53EC102B06F058FD41EC1C0B60
:10D810009DED0C0B53EC102B06F050FD41EC1B0B57
:10D820009DED0E0B53EC102B06F048FD41EC1A0B4E
:10D8300094ED0C0A10EE101A084607F0D5FE53ECD2
:10D840001A2BCDE910019DED100B51EC100B07F0D8
:10D85000CDF853EC192BCDE912019DED120B51ECD3
:10D86000100B06F02BFDCDE914019DED140B51ECCE
:10D87000100B06F0C1FBA06394ED0B1AF0EE410A09
:10D8800094ED0E1AB0EE410A01F0CCFA94ED0F0AB5
:10D8900084ED100A94ED090A84ED120A94ED0E0A43
:10D8A00017B0BDEC108B30BD0000000010B52DEDA1
:10D8B0000C8B0446B0EE408AF0EE608AB0EE419ADE
:10D8C000B0EE61AAF0EE42AAB0EE62BAF0EE43BA50
:10D8D000B0EE63CAF0EE44CAB0EE64DAF0EE459AF8
:10D8E00050212046F3F798FB84ED008AC4ED018AAD
:10D8F00084ED029A84ED03AAC4ED04AAC4ED05CA1E
:10D9000084ED06DAC4ED079A84ED0BBAC4ED0ABAC9
:10D9100084ED0CCABDEC0C8B10BD00003F48C06804
:10D9200010F5167F05DA3E480068401C3C49086047
:10D930000EE03A48C068B0F5167F09DD3948006846
:10D94000401C3849086038480068401C3649086067
:10D950003248C06810F5167F15DB3048C068B0F556
:10D96000167F10DC3148006810F5167F0BDB2F485E
:10D970000068B0F5167F06DC0020284908742949A4
:10D980000860274908602548C06810F5167F11DB3C
:10D990002248C068B0F5167F0CDC2448006810F5FA
:10D9A000167F07DA1E4800680A2803DA03201B499D
:10D9B00008740BE01948C06810F5167F06DA18489D
:10D9C00000680A2802DB0120144908741348C06863
:10D9D00010F5167F11DB1148C068B0F5167F0CDC1E
:10D9E00012480068B0F5167F07DD0E4800680A2867
:10D9F00003DA0420094908740BE00848C068B0F550
:10DA0000167F06DD074800680A2802DB022003496A
:10DA100008740248C068054908607047C4A6002021
:10DA2000C8050020D0050020CC050020D40500202A
:10DA300003B401984100009850EAC12018BF0420A7
:10DA40004A0D18BF40F0010040F2FF72B2EB515F87
:10DA500008BF40F00200012808BF052002B070474F
:10DA60004100080218BF04200A0E18BF40F0010050
:10DA70004FF07F4232EA010108BF40F00200012866
:10DA800008BF05207047000002480068C0F302206C
:10DA9000704700000CED00E010B5002804DB0A0719
:10DAA000130E054A135406E00A07140E034A00F049
:10DAB0000F031B1FD45410BD00E400E018ED00E07C
:10DAC00010B510EE104A4FF01A402DED028B00EB0E
:10DAD0004400B0F1C85F4AD84FF0FC40B0EB440FAF
:10DAE00022D2B0EEC00AF7EE000A30EEC00AF6EE1F
:10DAF000000A20EE208A18EE100A05F020FB00EE46
:10DB0000100A14F0004F1DBF9FED281ADFED280A00
:10DB1000B1EE400A9FED271A08BFF0EE410AF8EE79
:10DB2000001A20EE210A05E020EE008A9FED221A5D
:10DB3000DFED220ADFED221A9FED222A70EEC00AE5
:10DB400020EE080A08EE212ADFED1F1A48EE021A1D
:10DB50009FED1E2A08EE212ADFED1D1A48EE021A5B
:10DB6000BDEC028B40EE610A30EE810A10BD4FF031
:10DB7000CC40B0EB440F82BF9FED160ABDEC028B88
:10DB800010BD4FF07F40B0EB440F05D2BDEC028BCF
:10DB9000BDE8104001F030B90120F3F7E5FABDEC23
:10DBA000028BBDE8104001F02DB900000000494093
:10DBB00022AA7D3A000000000000C93F22AAFD39D8
:10DBC00024FE1C3DC78AD83C1E67383D1B93993DF7
:10DBD000AFAA2A3EDB0FC93F10B54FF00E402DED26
:10DBE000028BB0EE408A18EE104A00EB4400B0F110
:10DBF000506F4AD84FF0FC40B0EB440F22D2B0EE49
:10DC0000C80AF7EE000A30EEC00AF6EE000A60EE2F
:10DC1000208A18EE900A05F092FA01EE100A14F02C
:10DC2000004F1DBFDFED2D0A9FED2D0AB1EE411A09
:10DC3000DFED2C0A08BF9FED2C0AF8EE001A21EE4A
:10DC4000218A05E0DFED290A68EE088AB0EE600A55
:10DC50009FED271ADFED271A30EE080A48EE811AE9
:10DC60009FED251A08EEA11ADFED241A48EE811A5D
:10DC70009FED231A08EEA11A68EE281ABDEC028B5C
:10DC800001EE810A30EE200A10BD4FF0E440B0EB07
:10DC9000440F0CD918EE100AFFF7E2FE042808BF63
:10DCA00001F0B8F8B0EE480ABDEC028B10BD4FF0A1
:10DCB0007F40B0EB440F07D2B0EE480ABDEC028BB8
:10DCC000BDE8104001F098B80120F3F74DFABDEC23
:10DCD000028BBDE8104001F095B800000000C9BFFC
:10DCE00022AAFDB90000C93F22AAFD3900000000A8
:10DCF00024FE1C3DC78AD83C1E67383D1B93993DC6
:10DD0000AFAA2A3E70B54FF068422DED048BF0EEBD
:10DD1000408A18EE900AB0EE608A18EE101A02EBF4
:10DD20004003B3F1654F3CBF02EB4102B2F1654FD6
:10DD30007DD200BFC0F3C753C1F3C7529A1A1B2A42
:10DD400009DD10F0004F14BF9FED830A9FED830A99
:10DD5000BDEC048B70BD12F11A0F36DA11F0004FD2
:10DD600009D010F0004F0CBF9FED7D0A9FED7D0A9A
:10DD7000BDEC048B70BD88EE889A19EE100AFFF78F
:10DD80006FFE042808BF01F045F818EE900AFFF76F
:10DD900067FE054618EE100AFFF762FE044619EE0C
:10DDA000100AFFF75DFE042D18BF052D08D1042CC5
:10DDB00018BF052C04D1002804BF0220F3F7D4F9C2
:10DDC000B0EE490ABDEC048B70BD4200B2EB410FCE
:10DDD0003AD910F0004F19BFDFED630A9FED630AD7
:10DDE000DFED630A9FED630AB0EE481A0A46B1EE12
:10DDF000688A80F00041F0EE418A10460A1A52000B
:10DE0000B2F1807F34D2484010F0004FDFED5A1A53
:10DE10009FED5A2A1DBFBEEE001A70EEE10A30EEE9
:10DE2000420AB6EE001A08BF70EEA10A00E040E018
:10DE300008BF30EE020AB0EE682A01EE482A08EE6A
:10DE4000818AC2EE081A15E011F0004F04BF9FED61
:10DE50004C0AF0EE400AD1D010F0004F19BFDFEDB0
:10DE6000490A9FED490ADFED490A9FED490AC5E7D6
:10DE7000C8EE881A21EEA11A9FED462ADFED462A48
:10DE800041EE022A9FED452A01EE222ADFED442AC7
:10DE900041EE022A9FED432ABDEC048B01EE222ABB
:10DEA00021EE811A01EE020A30EE210A30EE200A3C
:10DEB00070BD4FF07F42B2EB400F28BFB2EB410F75
:10DEC00009D2F0EE480AB0EE680ABDEC048BBDE85A
:10DED000704000F094BF40EA01035B0008BF41F0CE
:10DEE000FF410BD0B2EB400F08BFB2EB410F08D19E
:10DEF00020F0804008EE900A21F0804108EE101AD0
:10DF000018E7B2EB400F12BF5FEA410340F0FF4059
:10DF100001F000413FF40EAFB2EB410F12BF5FEAD8
:10DF2000400200F0004041F0FF413FF403AF4A00DF
:10DF300092EA40033FF5FEAE002AACBF9FED1A0AFD
:10DF40009FED1A0A68EE808A28EE008A18EE900A81
:10DF500018EE101AEEE60000DB0FC9BFDB0FC93F59
:10DF6000DB0F4940DB0F49C00000C9BF22AAFDB941
:10DF70000000C93F22AAFD390060ED3EC30ACE373A
:10DF800000000000000049C022AA7DBA00004940FC
:10DF900022AA7D3A2DAD65BD8FB8D53D0FB511BE16
:10DFA00061C84C3EA8AAAABE0000804F0000802F86
:10DFB0002DED020B019820F0004001909DED000B2B
:10DFC00002B07047000000002DE9F04D2DED040B6C
:10DFD0002DED0E8B96B0DDE92550279CDDF890A045
:10DFE00025F0004624F00048BAF1000F14BF0121CB
:10DFF000002101EB4502FC4953184A1093422AD3F1
:10E00000002814BF0123002303EB44030B44F7490A
:10E010008B4220D358EA00019FEDF59B76D0DFF8C4
:10E02000D8B35D4503D1BAF1000F05D188E0BAF14C
:10E03000000F08BF002100D0012101EB450111F5BF
:10E04000001F08D8002814BF0121002101EB440162
:10E0500011F5001F0BD99DED261B9DED240B16B06D
:10E06000BDEC0E8B04B0BDE8F04D00F089BE00277A
:10E07000002DBCBFE149884521DAE1498845A8BFA8
:10E0800002271CDAC3451ADCDE4901EB28511429AA
:10E0900008DDC1F1340220FA02F101FA02F28242F3
:10E0A0000DD108E058B9C1F1140228FA02F101FAC1
:10E0B00002F2424503D101F00101C1F1020756EA23
:10E0C0000A0124D1002C22DA002D18BF022F01D022
:10E0D000012F0AD00220F3F747F816B0BDEC0E8BE3
:10E0E00004B0BDE8F04D00F033BE0220F3F73CF879
:10E0F00000F02EFE51EC100B05F072FF41EC100BFE
:10E1000016B0BDEC0E8B04B0BDE8F08D18E09FEDAD
:10E11000BEAB9FEDBF8B002871D1B848804522D19E
:10E1200005F1804010F5801008BFBAF1000F07D04C
:10E13000B3450ADC002CA8BF9DED260BE0DA0DE00C
:10E14000B0EE490AF0EE690ADAE7002C06DA9DED36
:10E15000260B51EC100B05F043FF6FE0AE487844FE
:10E1600090ED000BCCE7D8454DD1002C48DA2EB10C
:10E1700086423AD1BAF1000F42D126E0BAF1000F3F
:10E1800013D00220F2F7F0FF00F016FE8DED020B27
:10E190009DED240B8DED000B10EE900A039961F3B9
:10E1A0001E0003909DED020BAAE78DED02AB9DEDE5
:10E1B000240B1AEE901A10EE900A8DED000B61F30D
:10E1C0001E0003909DED020B9AE78DED028B9DEDF5
:10E1D000240B18EE901A10EE900A8DED000B61F3EF
:10E1E0001E0003909DED020B8AE709DA9DED240BDA
:10E1F00051EC190B53EC102B06F0A0F91EE020E0B7
:10E200009DED240B7CE786421BDAB4F1804F0DD0E4
:10E21000A4F10050B0F1FF5013D1002D11DB9DEDA2
:10E22000240B51EC100B04F053FF07E09DED240B81
:10E2300053EC102B51EC100B00F0C2BC41EC100B56
:10E240005EE79DED240B51EC100B01F0F2FCBAF1EE
:10E25000000FCDE90E0142D19FED710B46B3A6F13F
:10E26000E040B0F17F600CD05E4538D1002D00DA7F
:10E27000A7B3022F0CBF01204FF0FF3006F056FB72
:10E28000DCE7002D01DD002C0DDA002D01DD002C76
:10E290001FDB002D16DA002C14DB012F08BF9FEDC9
:10E2A000620B3FF42DAFB0EE4A0AF0EE6A0A27E7A0
:10E2B000022F18BF002D0CD0012F0AD1002DFFF620
:10E2C0001FAF06E0002DB8BF002C08DA012F3FF485
:10E2D00017AFB0EE480AF0EE680A11E71BE0012024
:10E2E00000EBE57050EA070115D0791EB0EE498ABF
:10E2F000F0EE698A084308BF9FED4D8B4E4800251C
:10E30000804570DD4D494E48884514DDB0420DDB37
:10E31000002C19DB2FE00120F2F726FF16B0BDEC30
:10E320000E8B04B0BDE8F04D00F036BDB34502DC05
:10E33000002C09DC1FE0864202DA002C1BDA03E025
:10E340005E452BDD002C16DD0220F2F70DFF00F0FC
:10E3500033FD8DED020B53EC1A2B51EC180B06F02C
:10E3600045FBCDE900010399019861F31E0003907C
:10E370009DED020BC4E60220F2F7F6FE00F02CFD44
:10E3800010EE901A18EE900A8DED020B8DED008BB9
:10E3900061F31E0003909DED020BB1E69DED0E0BA7
:10E3A00053EC192B51EC100B06F01CFE9FED260BC5
:10E3B000CDE9080153EC102B9DED080B51EC100B2F
:10E3C00006F014FB9FED221B53EC112B06F0DEFC34
:10E3D0009DED081B53EC112B06F008FB9FED1E1B57
:10E3E00053EC112B3CE08CE0FFFF1F00FFFF0F0000
:10E3F000000000000000F03F0000F03F0000F07F50
:10E400000000404301FCFFFF000000000000F07F1F
:10E410000000000000000000468400000000000032
:10E420000000000000000080000000000000F0FF7D
:10E43000000000000000F0BF0000E0410000F043D9
:10E44000FFFFEF3F00000000000000000000D03F91
:10E45000555555555555D53F000000000000E03F8B
:10E4600006F094FC9DED080B41EC1A0B53EC102BBD
:10E4700051EC100B06F0BAFA53EC1A2B06F0B6FA70
:10E4800041EC1A0B9FEDFE0B53EC102B9DED080B8E
:10E4900051EC100B06F0AAFA41EC1B0B9FEDFA0BA6
:10E4A00051EC1A0B53EC102B06F0A0FA41EC1A0BAE
:10E4B0009FEDF70B53EC102B9DED080B51EC100B5F
:10E4C00006F094FA53EC1A2B06F08CFD41EC1A0B73
:10E4D00051EC1B0B53EC1A2B05F0F0FE0690CDE926
:10E4E00006519DED060B53EC1B2B51EC100B06F067
:10E4F00079FD53EC1A2B06F049FC41EC100B00F0AF
:10E50000A1B90020B6F5801F0EDA9FEDE30B53ECA6
:10E51000102B9DED0E0B51EC100B06F067FACDE9B8
:10E520000E016FF034000E4600EB2650A0F2FF37CC
:10E53000C6F31300DA4940F07F6646F04056884241
:10E54000D8BF002408DDD7498142C8BF012403DCBD
:10E550000024A6F580167F1CD348784400EBC40045
:10E560000F9690ED00CB9DED0E0B53EC1C2B51EC58
:10E57000100B06F037FD9DED0E0B41EC1B0B53EC21
:10E580001C2B51EC100B05F099FE41EC100B51ECDB
:10E59000190B53EC102B05F0D1FF41EC1D0B51EC86
:10E5A0001B0B53EC1D2B06F021FA41EC1A0BBF4854
:10E5B0008DED10AB7844109590ED000B4FF00050AE
:10E5C00040EA660000EB84408DED080B00F500206A
:10E5D00009909DED080B53EC1C2B51EC100B06F031
:10E5E00001FD9DED0E1B53EC112B06F0CFFB41EC12
:10E5F000100B53EC102B9DED100B51EC100B06F093
:10E60000F5F99DED080B41EC1C0B53EC102B9DED27
:10E61000100B51EC100B06F0E9F953EC1B2B06F034
:10E62000B5FB53EC1C2B06F0DDFC53EC1D2B06F068
:10E63000DDF941EC1C0B53EC1A2B51EC1A0B06F0D4
:10E64000D5F941EC1B0B9A480621B0EE4B0AF0EECF
:10E650006B0A784400F0FDFAB0EE401AF0EE601A52
:10E66000B0EE41DAF0EE61DA53EC1B2B51EC1B0BF0
:10E6700006F0BCF953EC1D2B06F0B8F99DED100B1C
:10E6800041EC1B0B53EC1A2B51EC100B05F016FE52
:10E6900053EC1C2B06F0AAF953EC1B2B05F00EFED5
:10E6A0009DED100B41EC1B0B53EC102B51EC100BA0
:10E6B00006F09CF941EC1D0B9FED7FEB53EC1E2BFC
:10E6C00005F0FCFD53EC1B2B05F0F8FD0890CDE99F
:10E6D00008519DED080B53EC1E2B51EC100B06F06E
:10E6E00081FC53EC1D2B06F07DFC53EC1B2B06F03C
:10E6F0004DFB9DED080B41EC1D0B53EC102B9DEDDC
:10E70000100B51EC100B06F071F941EC1B0B53ECA4
:10E710001A2B51EC1D0B06F069F99DED080B41EC2D
:10E720001A0B53EC102B51EC1C0B06F05FF953EC59
:10E730001A2B05F0C3FD41EC1A0B51EC1B0B53ECEB
:10E740001A2B05F0BBFD0C90CDE90C519DED0C0B87
:10E7500053EC1B2B51EC100B06F044FC53EC1A2B22
:10E7600006F014FB41EC1B0B9FED550B53EC102BEB
:10E770009DED0C0B51EC100B06F038F941EC1A0B27
:10E780009FED510B51EC1B0B53EC102B06F02EF9A7
:10E7900041EC1B0B9FED4E0B53EC102B9DED0C0B26
:10E7A00051EC100B06F022F953EC1B2B05F086FD03
:10E7B00041EC100B4848784400EBC40090ED001B7E
:10E7C00051EC100B53EC112B05F078FD41EC1B0BB9
:10E7D000384606F0ABF8CDE9080153EC1B2B51ECA1
:10E7E0001A0B05F06BFD41EC100B3C48784400EB34
:10E7F000C40090ED00CB51EC100B53EC1C2B05F03A
:10E800005DFD9DED081B53EC112B05F057FD0690A7
:10E81000CDE906519DED080B53EC102B9DED060B39
:10E8200051EC100B06F0DEFB53EC1C2B06F0DAFB70
:10E8300053EC1A2B06F0D6FB53EC1B2B06F0A6FA72
:10E8400041EC100B9DED261B53EC102B8DED001BA6
:10E8500000959DED260B51EC100B06F0C7F89DEDD1
:10E86000000B41EC1A0B53EC102B9DED260B51ECD9
:10E87000100B06F0B7FB9DED061B53EC112B2FE0A0
:10E88000000000604715F73FFE822B654715F73FF4
:10E8900044DF5DF80BAE543E000000000000404332
:10E8A0008E9803007AB60B00C27F0000F07F000054
:10E8B000FA7E000000000000000000000000084098
:10E8C000000000E009C7EE3FFD033ADC09C7EE3F58
:10E8D000F5015B14E02F3EBE867D0000407D000008
:10E8E00006F084F853EC1A2B05F0E8FC9DED060BBE
:10E8F00041EC1A0B53EC102B9DED000B51EC100B5F
:10E9000006F074F8CDE90C019DED0C0B51EC1A0BDF
:10E9100053EC102B05F0D2FCCDE902010C46AA49BC
:10E920008C422FDB611A084318D19DED0C0B53EC80
:10E93000102B9DED020B51EC100B06F053FB41EC3C
:10E940001B0B9FEDA30B51EC1A0B53EC102B05F096
:10E95000B5FC53EC1B2B06F0E8F92DD20220F2F7A0
:10E9600003FC00F029FA10EE901A18EE900A8DEDD3
:10E97000020B8DED008B61F31E0003909DED020BE9
:10E98000FFF7BEBB944A24F00041914214D393494F
:10E99000214408437FF4EFAC9DED0C0B53EC102B9E
:10E9A0009DED020B51EC100B06F01CFB53EC1A2BE7
:10E9B00006F0BBF97FF6DFAC24F000408849894AB5
:10E9C000002601EB205182422BDA481C4FF48011C3
:10E9D00021FA00F02044844AC0F30A517A44A1F29B
:10E9E000FF3192ED000B814A8DED080BCA4020EA01
:10E9F0000202C0F3130040F48010C1F1140120FAA8
:10EA000001F60992002CB8BF76429DED080B53EC3D
:10EA1000102B9DED0C0B51EC100B06F0E3FACDE939
:10EA20000C019DED0C0B51EC1A0B53EC102B05F067
:10EA300045FC9FED6F0B0890CDE9085153EC102B6E
:10EA40009DED080B51EC100B05F0D0FF41EC1B0BBA
:10EA50009FED690B53EC102B9DED080B51EC100B47
:10EA600005F0C4FF9DED0C0B41EC1C0B53EC102B7F
:10EA70009DED080B51EC100B06F0B4FA53EC1A2B79
:10EA800006F084F99FED5E1B53EC112B05F0AEFFF1
:10EA900053EC1C2B05F012FC41EC1A0B51EC1B0B38
:10EAA00053EC1A2B05F00AFCCDE902019DED020B97
:10EAB00053EC1B2B51EC100B06F094FA53EC1A2B71
:10EAC00006F064F99DED020B41EC1A0B53EC102B90
:10EAD00051EC100B05F08AFFCDE908014A489DED85
:10EAE000080B0521784400F0B4F89DED081B51ECAB
:10EAF000100B53EC112B05F079FF9DED021B53EC2D
:10EB0000112B06F043F9CDE906019DED020B53EC04
:10EB10001A2B51EC100B05F069FF53EC1A2B05F082
:10EB2000CDFB9FED3B0B41EC1A0B53EC102B9DEDF5
:10EB3000060B51EC100B06F055FA9DED060B41EC5F
:10EB40001B0B53EC102B9DED020B51EC100B05F041
:10EB50004DFF53EC1B2B05F0F1FC53EC1A2B06F088
:10EB600041FA9DED021B53EC112B06F03BFA53ECDE
:10EB7000192B06F00BF9CDE9020101EB0650011546
:10EB80000029C8BF039015DC9DED020B324651EC05
:10EB9000100B06F0E1FEFEF74BFF042808BF00F063
:10EBA0001BF932469DED020B51EC100B06F0D4FE22
:10EBB000CDE902019DED020B51EC180B53EC102B2B
:10EBC00005F014FFFFF73ABB000090400000000082
:10EBD000FE822B654715973C00CC904000346F3F78
:10EBE00001FCFFFF0000E03FC87B0000FFFF0F00BB
:10EBF00000000000432EE63F396CA80C615C20BE8B
:10EC0000EF39FAFE422EE63F987A0000000000003D
:10EC1000000000000000004010B52DED028BB1EEA9
:10EC2000C08A18EE100A20F00040C0F1FF40C00F6B
:10EC30000AD010EE100A20F00040C0F1FF40C00FD3
:10EC400004BF0120F2F790FAB0EE480ABDEC028B47
:10EC500010BD70B504462DED028B4D1E00EBC500B6
:10EC6000B0EE408AF0EE608A90ED000B35F00600C1
:10EC700017D053EC182B51EC100B05F0B7FE41ECFC
:10EC8000100B6D1E04EBC50090ED001B51EC100B3A
:10EC900053EC112B05F012FB41EC100B35F0060084
:10ECA000E7D1022D36D0042D1CD0062D1CBFBDECA3
:10ECB000028B70BD53EC182B51EC100B05F096FE37
:10ECC00094ED0A1B53EC112B05F0F8FA53EC182BBA
:10ECD00005F08CFE94ED081B53EC112B05F0EEFAB9
:10ECE00041EC100B53EC182B51EC100B05F07EFE91
:10ECF00094ED061B53EC112B05F0E0FA53EC182BA6
:10ED000005F074FE94ED040B53EC102B05F0D6FACD
:10ED100041EC100B53EC182B51EC100B05F066FE78
:10ED200094ED021B53EC112B05F0C8FA53EC182B91
:10ED300005F05CFE94ED001B53EC112B05F0BEFAC0
:10ED4000BDEC028B41EC100B70BD00000000000018
:10ED50009FED070B10B553EC102B9FED070B51ECFB
:10ED6000100B05F0EBFB41EC100B10BD0000000098
:10ED70000000000000000000000000000000F03F64
:10ED800010B553EC112B51EC100B05F097FA41EC38
:10ED9000100B10BD000000009FED050B10B553ECEB
:10EDA000102B51EC100B05F0C9FB41EC100B10BD02
:10EDB00000000000000000009FED050B10B553ECB3
:10EDC000102B51EC100B05F011FE41EC100B10BD97
:10EDD00000000000000000709FED050B10B553EC23
:10EDE000102B51EC100B05F001FE41EC100B10BD87
:10EDF000000000000000001030EE000A704730EE06
:10EE0000200A7047DFED020A80EEA00A704700007A
:10EE1000000000009FED020A20EE000A704700008B
:10EE200000000010B4EEE00AF1EE10FA02DDB0EEE0
:10EE3000600A0AE0B1EE601AB4EEC10AF1EE10FA0F
:10EE400003D2B1EE601AB0EE410A704710B5F2F786
:10EE5000BDFA8020F2F782FC5520F2F77FFC5520A6
:10EE6000F2F77CFC50490870F2F7A6FA0120F4F79B
:10EE7000F3FBF2F7ABFA8020F2F770FC5520F2F7C3
:10EE80006DFC5520F2F76AFC47490870F2F794FAD6
:10EE90000120F4F7E1FBF2F799FAB6217E20F2F7B0
:10EEA0006FFCF2F789FA5020F4F7D6FBF2F78EFAEE
:10EEB0008020F2F753FC5520F2F750FC5520F2F772
:10EEC0004DFC39490870F2F777FA0120F4F7C4FBDA
:10EED000F2F77CFA8020F2F741FC5520F2F73EFC75
:10EEE0005520F2F73BFC30490870F2F765FA012033
:10EEF000F4F7B2FB2C4800781E2801D0FF2010BD8B
:10EF000000202A49087049E0F2F760FA274A12788F
:10EF100002EB4202264B1A445178244A127802EB43
:10EF20004202985CF2F72CFCF2F746FA0120F4F763
:10EF300093FBF2F74BFA1D49097801EB41011C4A9A
:10EF4000515C41F08000F2F709FC5520F2F706FC15
:10EF50005520F2F703FC14490870F2F72DFA01204E
:10EF6000F4F77AFB1148007800EB400010490844A0
:10EF700040780D49097888420BD00C48007800EBA6
:10EF800040000B49084480780A4909780843094938
:10EF9000087006480078401C04490870034800784F
:10EFA0000628B1DB0020AAE77C0400207D040020B5
:10EFB000880400207E04002010B5F2F71BFA4549B2
:10EFC0000020F2F7BEFBF2F70BFA0120F4F744FB46
:10EFD000F2F710FA3F490020F2F7B3FBF2F700FA1C
:10EFE0000120F4F739FBF2F705FAB6211420F2F705
:10EFF000C7FBF2F7F5F95020F4F72EFBF2F7FAF918
:10F0000034490020F2F79DFBF2F7EAF90120F4F70A
:10F0100023FBF2F7EFF92F490020F2F792FBF2F70A
:10F02000DFF90120F4F718FB2A4800780F2801D0F7
:10F03000FF2010BD00202849087045E0F2F7DAF9FA
:10F04000254A127802EB4202244B1A445178224A94
:10F05000127802EB4202985CF2F792FBF2F7C0F9E9
:10F060000120F4F7F9FAF2F7C5F91B49097801EB29
:10F0700041011A4A505C1749F2F763FBF2F7B0F905
:10F080000120F4F7E9FA1448007800EB4000134936
:10F09000084440780F490978884210D00E4800781B
:10F0A000401E0D4908700846007800EB40000C49EE
:10F0B000084480780B49097808430A4908700648D3
:10F0C0000078401C04490870034800780628B5DB26
:10F0D0000020AEE77C0400207D0400209A0400207C
:10F0E000880400207E04002000B58BB0002006902C
:10F0F0000790012008900020019002900390049056
:10F100000590012009900E200A9001A90548F3F707
:10F11000A3FB0448F4F71DF802210248F3F7E2FAD2
:10F120000BB000BD3409002000B58BB00E20069056
:10F130000020079001200890002001900290039089
:10F1400004900120059009900E200A9001A906481C
:10F15000F3F782FB0448F3F7FCFF10210248F3F7B2
:10F16000C1FA0BB000BD00005C0900202A4880797C
:10F170002A4908802A480088022847D10846008882
:10F18000012843D12748007801281ED1264890ED58
:10F19000010ADFED260AB4EEE00AF1EE10FA06D31A
:10F1A00090ED010AB5EEC00AF1EE10FA03DD02207F
:10F1B000194988712AE00120174988711948007897
:10F1C00080F001001749087020E016480078E8B97F
:10F1D000154890ED010ADFED160AB4EEE00AF1EEF3
:10F1E00010FA06DC90ED010AB5EEC00AF1EE10FA55
:10F1F00003D202200849887108E00120064988717D
:10F200000848007880F001000649087002488079BB
:10F21000034908807047000098060020A2060020DD
:10F22000A0060020A406002030A400209A9919BF4F
:10F230009A99193F094890F8260018B10120084909
:10F24000C8710AE0054890F8420018B1022004494C
:10F25000C87102E000200249C8717047C4A60020AE
:10F2600098060020002100EB4002024B43F83210C8
:10F2700070470000BCA500202DE9F0472DED068B5E
:10F280008AB082460C46B0EE40AAB0EE608AF0EE3C
:10F29000418AB0EE619AF0EE429A1020B2EE091A5D
:10F2A000FAEE090AB0EE4A0A00F0A4FD85B20C207D
:10F2B000B3EE0E1AFBEE0E0AB0EE480A00F09AFD0D
:10F2C00086B20C209FED2E1ADFED2E0AB0EE680AF2
:10F2D00000F090FD87B20C20B1EE041ADFED290A90
:10F2E000B0EE490A00F086FD1FFA80F80C20B2EE5D
:10F2F000041AFAEE040AB0EE690A00F07BFD1FFA68
:10F3000080F90494002006900790082008902812A5
:10F310008DF80800E8B28DF80900C6F307108DF8E3
:10F320000A003007000E40EA27208DF80B00F8B2E3
:10F330008DF80C00C8F307108DF80D004FEA087027
:10F34000000E40EA29208DF80E0009F0FF008DF82C
:10F350000F0001AB02AA04A95046F3F7D8F90A49F5
:10F36000087008460078012804D108480068401C4D
:10F37000064908600AB0BDEC068BBDE8F0870000C6
:10F380000000FA43000000002405002028050020AA
:10F3900010B503460C46002003E0215C264A1154B8
:10F3A000401C0828F9DB207800F00F001880207836
:10F3B00000095880A078617840EA01205860E07820
:10F3C0000001217940EA211098606079217901F0EB
:10F3D0000F0140EA0120D860A0791874E0795874D0
:10F3E0001021DFED160A9FED160A586804F03AF86E
:10F3F00083ED050A0C21DFED130A9FED130A9868CF
:10F4000004F030F883ED060A0C21F3EE020ABBEE9D
:10F41000020AD86804F026F883ED070A93ED050A7E
:10F42000DFED0A0A20EE200ADFED040A80EE201A42
:10F4300083ED081A10BD00009C050020D00F494044
:10F44000D00F49C000003442000034C200003443F1
:10F4500030B589B005460C4603940020059006900F
:10F4600008200790FF208DF80A008DF809008DF81C
:10F4700008008DF807008DF806008DF805008DF85E
:10F480000400FB208DF80B006B4601AA03A9284657
:10F49000F3F73DF90149087009B030BD240500209B
:10F4A00030B589B005460C460394002005900690BF
:10F4B00008200790FF208DF80A008DF809008DF8CC
:10F4C00008008DF807008DF806008DF805008DF80E
:10F4D0000400FD208DF80B006B4601AA03A9284605
:10F4E000F3F715F90149087009B030BD2405002073
:10F4F00030B589B005460C4603940020059006906F
:10F5000008200790FF208DF80A008DF809008DF87B
:10F5100008008DF807008DF806008DF805008DF8BD
:10F520000400FC208DF80B006B4601AA03A92846B5
:10F53000F3F7EDF80149087009B030BD240500204B
:10F5400010B586B00024182219496846F1F708FD65
:10F5500000BF24E0642004EB4401164A42F8310065
:10F560003DF8140004EB440102EBC10148600120A6
:10F5700004EB440102EBC1010872002004EB4401DA
:10F5800002EBC101C86004EB440102EBC101086158
:10F5900004EB440102EBC1014861601CC4B20B2CB6
:10F5A000D8DB05480349C8600448486106B010BD6F
:10F5B000005D0108BCA50020BD9E0008A59D0008B7
:10F5C00010B525484078B0B92348807898B12348D1
:10F5D000408810B12248408868B903212148FFF7CC
:10F5E00087FF012004F070F804211E48FFF780FF18
:10F5F000012004F069F818484078012816D11A480B
:10F60000007A98B91548408810B11548408868B903
:10F6100003211448FFF76CFF012004F055F8042182
:10F620001048FFF765FF012004F04EF80A48807883
:10F6300018B10D48007A01280DD103210948FFF7C0
:10F640002FFF012004F040F804210648FFF728FFAF
:10F65000012004F039F810BD980600202CA50020E8
:10F6600008A5002034090020BCA5002010B50288A0
:10F6700042804A780B7842EA032212B20280CA78AA
:10F680008B7842EA032212B282804A790B7942EAED
:10F69000032212B2C2808A790272B0F90020B0F956
:10F6A0000230D21AB2F5805F03DDC268521EC2601A
:10F6B0000AE0B0F90020B0F90230D21A12F5805FEA
:10F6C00002DAC268521CC260B0F90030C26803EBB3
:10F6D0004232038CD21A02614FF4B474036903FB03
:10F6E00004F2D31702EBD3435B13436110BD000058
:10F6F000816900EE101A816A00EE901A20EE200A4D
:10F70000B5EEC00AF1EE10FA65DD816900EE101A5F
:10F71000B5EEC00AF1EE10FA03DD816900EE101AB1
:10F7200004E0816900EE101AB1EE400A416D00EE6E
:10F73000901AB4EEE00AF1EE10FA00D87047016DAD
:10F7400000EE101A416D00EE901A70EE200A8169E9
:10F7500000EE101AB5EEC00AF1EE10FA03DD816971
:10F7600000EE101A04E0816900EE101AB1EE400AB2
:10F77000F4EEC00AF1EE10FA28DB016D00EE901AEB
:10F78000816900EE101AB5EEC00AF1EE10FA03DD41
:10F79000816900EE101A04E0816900EE101AB1EEE2
:10F7A000400A70EEC00A416D00EE101A30EE801A69
:10F7B000016D00EE101AC1EE000A016B00EE101A86
:10F7C00020EE800A10EE101A016304E09FED030A98
:10F7D00010EE101A016300BFB0E700000000000047
:10F7E00050F82C1F00EE101A416E00EE901A60EED9
:10F7F000201A016B00EE101A416E00EE901A30EEE6
:10F80000200A81EE801A016900EE101A016B00EEE9
:10F81000901A60EE201A00EE101A416E00EE901A57
:10F8200030EE200AC1EE800A31EE200A10EE101AE6
:10F8300040F82C19704710B50446D4F8940090BBDA
:10F84000B4F86000022817DD206901EE100AB1EE5D
:10F85000411AF0EE410AD4F8900000EE100A04F1CB
:10F860006200F9F745FDE06800EE900A20EE200AFC
:10F8700010EE100AE06257E0606900EE100A20699D
:10F8800000EE900A70EE600AE06800EE100A20EECA
:10F89000801AD4F8900000EE100AC1EE000A10EEB3
:10F8A000900AE06240E0FFE7B4F8600002281EDD45
:10F8B000206901EE100AB1EE411AF0EE410AD4F8C7
:10F8C000900000EE100A04F16200F9F711FDE06803
:10F8D00000EE900AD4F89400806801EE100A70EEF1
:10F8E000810A20EE200A10EE100AE0621CE0E068B7
:10F8F00000EE100AD4F89400806800EE900A30EE12
:10F90000201A606900EE100A206900EE900A30EEBD
:10F91000600A21EE001AD4F8900000EE900A81EE01
:10F92000200A10EE100AE06210BD0000816A00EEAD
:10F93000101A016B00EE901A30EE200A344981ED66
:10F94000000A416A00EE101A816A00EE901A70EE09
:10F95000200AC16A00EE101A30EE800A2D4981EDAE
:10F96000000A91ED000AB5EEC00AF1EE10FA02DDD0
:10F9700091ED000A04E0274991ED000AB1EE400A3A
:10F98000016C00EE901AB4EEE00AF1EE10FA11DD0F
:10F99000816900EE101A816A00EE901A20EE200AAA
:10F9A000B5EEC00AF1EE10FA04DD9FED1B0A10EE71
:10F9B000101A0163416C00EE101A1549D1ED000ACE
:10F9C000B4EEE00AF1EE10FA06D29FED130A10EE43
:10F9D000101A0163416C8162416C00EE101AB1EEA5
:10F9E000400A0B49D1ED000AB4EEE00AF1EE10FA3C
:10F9F0000CDD9FED090A10EE101A0163416C00EE58
:10FA0000101AB1EE400A10EE101A81627047000021
:10FA100054040020500400200000000050F8341F5F
:10FA200000EE101AC16D00EE901A60EE201A416AC5
:10FA300000EE101AC16D00EE901A30EE200A81EE31
:10FA4000801A416800EE101A416A00EE901A60EECA
:10FA5000201A00EE101AC16D00EE901A30EE200A46
:10FA6000C1EE800A31EE200A10EE101A40F8341967
:10FA70007047416B00EE101A016C00EE901AB4EE64
:10FA8000E00AF1EE10FA01DD016C4163416B00EE1A
:10FA9000101A016C00EE901AF1EE600AB4EEE00A62
:10FAA000F1EE10FA07D2016C00EE101AB1EE400A26
:10FAB00010EE101A4163704710B5416B00EE101A3A
:10FAC000016C00EE901A9FED261A60EE810AB4EEEA
:10FAD000E00AF1EE10FA0BD3016800EE101AB0EE56
:10FAE000C00ADFED200AB4EEE00AF1EE10FA00D20F
:10FAF00010BD016800EE101A016900EE901A30EE98
:10FB0000600AF0EEC00A016800EE101AB0EEC00AFA
:10FB100080EE801A9FED140AB4EEC01AF1EE10FACE
:10FB200009DD50F8994F4168631C41F10001036001
:10FB30004160993804E00022C0F89920C0F89D2067
:10FB4000D0F89940D0F89D304FF4FA720021121B82
:10FB5000994102D20122A1210A5400BFC8E7000046
:10FB60006F12833A17B7D1383333733F416A00EECF
:10FB7000101A016C00EE901AB4EEE00AF1EE10FAE1
:10FB800001DD016C4162416A00EE101A016C00EE69
:10FB9000901AF1EE600AB4EEE00AF1EE10FA07D224
:10FBA000016C00EE101AB1EE400A10EE101A41621C
:10FBB0007047D0F89410D1B9816900EE101AC1696C
:10FBC00000EE901A30EE200AB0EE001AC0EE010AE4
:10FBD000816800EE101A60EE800AD0F8901000EEF6
:10FBE000101A20EE800A10EE101A016320E08169DD
:10FBF00000EE101AC16900EE901A30EE200AF0EE05
:10FC0000000A80EE201A816800EE101AD0F89410D5
:10FC1000496800EE901A30EE200A61EE000AD0F832
:10FC2000901000EE101A20EE800A10EE101A0163F8
:10FC3000704782B0CDE9000121F0004001909DEDB8
:10FC4000000B02B051EC100B70470000F0EE400AC0
:10FC50001E4991ED000AB7EE001A30EE010A81ED5F
:10FC6000000AC0ED000A90ED030A90ED001A20EEA4
:10FC7000010A80ED050A90ED050A90ED061AB4EE32
:10FC8000C10AF1EE10FA04DD90ED060A80ED050AD6
:10FC900010E090ED050A90ED061AB1EE411AB4EEAF
:10FCA000C10AF1EE10FA05D290ED060AB1EE400A53
:10FCB00080ED050A90ED010A80ED020A90ED000A40
:10FCC00080ED010A90ED050A70470000A8050020AC
:10FCD00010B52DED048B0446B0EE409AB0EE608A6C
:10FCE000F0EE418A1C212046F1F796F984ED039A43
:10FCF00084ED048AC4ED068ABDEC048B10BDF0EEE1
:10FD0000400A10EE901A0160816800EE101AC16876
:10FD100001EE101A70EE011A816800EE101A80EEE2
:10FD2000211A416800EE101A21EE000A816801EEE6
:10FD3000101AC16801EE901A31EE212A01EE101A54
:10FD4000C1EE021A016801EE101A01EE810A10EEEE
:10FD5000101A4160416800EE101A704710EE102A28
:10FD6000C2600A688260DFED050A10EE902A026028
:10FD7000DFED020A10EE902A42607047000000009A
:10FD8000F0EE401AF4EEE01AF1EE10FA02D2B0EE04
:10FD9000600A7047F4EEC11AF1EE10FA02DDB0EE1F
:10FDA000410AF6E7B0EE610AF3E70000FDEEC00A93
:10FDB0000E48C0ED000AD0ED000AF8EEE00A70EE41
:10FDC000600A0B48C0ED000AD0ED000AB6EE001A3A
:10FDD000F4EEC10AF1EE10FA04DD04480068401C9C
:10FDE0000249086001480068704700001C010020BB
:10FDF00020010020014671EE602AF0EE621AB0EE9A
:10FE0000602A30EE423A01208840401E02EE900AFD
:10FE1000F8EEE22A63EE222A82EEA13AFDEEC32A30
:10FE200012EE900A7047000010B52DED048B2D489E
:10FE300090ED050ADFED2C0A30EE600A10EE101A84
:10FE4000084605F0D1FB41EC190BB0EE490AF0EE83
:10FE5000690AFEF7ADF8B0EE408AF0EE608A9FEDD9
:10FE6000230B53EC102B51EC180B04F083FD03D241
:10FE700001202049088702E000201E49088719490F
:10FE800091ED050ADFED1C0A30EE600ADFED1B0A7A
:10FE9000B4EEE00AF1EE10FA01D2012100E00021F7
:10FEA000084604F043FD41EC190BB0EE490AF0EEB0
:10FEB000690AFEF77DF8B0EE408AF0EE608A9FEDA9
:10FEC000100B53EC102B51EC180B04F0F5FC03D085
:10FED00001200849C88602E000200649C886BDEC1A
:10FEE000048B10BD08A5002048E1FA3F000000A0E7
:10FEF0009999A93F58A70020C3F5A83FCDCC4C3D08
:10FF000000000000000000001A484078022802D0DB
:10FF10000020194908601748807803280BD117483A
:10FF2000008F40B91548C08E28B913480068401C9E
:10FF30001149086008E010480068401E0E4908603A
:10FF4000022801D2002008600B480068B0F5FA6F63
:10FF50000AD90A48008F38B90848C08E20B9012054
:10FF60000649A1F8420003E000200449A1F842003C
:10FF700070470000980600209406002058A7002033
:10FF800010B535480079012804D141F6C81033492D
:10FF9000086202E00020314908622F4800790128F8
:10FFA0000FD12E4890ED080AB8EEC00AD0ED050A30
:10FFB00030EE200AD0ED060A30EE200A80ED070A66
:10FFC00004E09FED270A254880ED070A234890EDBD
:10FFD000071AB1EE411ADFED231A21EE211AF0EED5
:10FFE000410A2148B0F9040001EE100AB8EEC11A26
:10FFF000DFED1C1A21EE211AB0EE410A1B48FDF775
:020000040801F1
:100000000FFBDFED1B0A20EE200ABDEEC00A1348ED
:1000100080ED090A90ED071ADFED121A21EE211A80
:10002000F0EE410A1348B0F9040001EE100AB8EEF0
:10003000C11ADFED0C1A21EE211AB0EE410A0E486A
:10004000FDF7EEFADFED0A0A20EE200ABDEEC00A47
:10005000024880ED0A0A10BD9806002058B0002022
:10006000000000007077D63D74A50020FCB0002091
:1000700094DD4C4798A500204CB100204A780B78BD
:1000800042EA032212B20280028802847047000012
:1000900010B59FEDF30AF34880ED000A9FEDF20AD8
:1000A00080ED010A9FEDF10A80ED020A9FEDF00A52
:1000B00080ED030A0020EF498870EF49C8848884E6
:1000C000012088850020488701208887EB499FED23
:1000D000EC0AEC48FFF742FEEB499FEDE90AEB48DA
:1000E000FFF73CFEF2EE060A9FEDE90AE948F7F752
:1000F00077FFB6EE001ADFEDDD0A9FEDE70AE7486D
:10010000FFF7E6FDB3EE091ADFEDD80AB1EE0E0AED
:10011000E348FFF7DDFD9FEDE31ADFEDD40A9FED25
:10012000E20AE248FFF7D4FDB1EE041ADFEDCF0A90
:10013000B0EE000ADE48FFF7CBFD9FEDCC1ADFEDF5
:10014000CB0A9FEDCA0ADB48FFF7C2FDB1EE042AD5
:10015000DFEDC61A9FEDC51ADFEDC40A9FEDD60A82
:100160000021D648F9F7F4FD9FEDD52AF2EE041AE6
:100170009FEDBE1ADFEDBD0AB3EE0E0A0021D14895
:10018000F9F7E6FDB1EE042ADFEDB81A9FEDB71AD4
:10019000DFEDB60A9FEDCC0A0021CC48F9F7D8FD77
:1001A0009FEDC72ADFEDB11A9FEDB01ADFEDAF0A60
:1001B000B3EE040A0021C648F9F7CAFDB1EE0C2AD5
:1001C000DFEDAA1A9FEDA91ADFEDA80A9FEDBA0A82
:1001D0000021C048F9F7BCFDB1EE042ADFEDA31AF7
:1001E0009FEDA21ADFEDA10A9FEDB30A0021BA48E4
:1001F000F9F7AEFDB1EE0C2ADFED9C1A9FEDA41AC3
:10020000DFED9A0A9FEDB00A0021B448F9F7A0FD8E
:10021000B1EE042ADFED951A9FED941ADFED930AF3
:100220009FEDAF0A0021AF48F9F792FDB1EE0C2A1D
:10023000F7EE001A9FED8D1ADFEDAB0AB3EE020A5E
:100240000021AA48F9F784FDB1EE042ADFED871AF0
:100250009FED861ADFED850A9FEDA50A0021A548CE
:10026000F9F776FDB1EE002ADFED801A9FED7F1AD7
:10027000DFED7E0AB6EE000A00219F48F9F768FD1F
:10028000B0EE082ADFED791A9FED781ADFED770AD4
:100290009FED9A0A00219A48F9F75AFDB1EE0C2A0F
:1002A000DFED721A9FED711ADFED700A9FED820A81
:1002B00000219448F9F74CFDB0EE082ADFED6B1AE7
:1002C0009FED6A1ADFED690A9FED7B0A00218E48D7
:1002D000F9F73EFDB1EE0C2ADFED641A9FED631ACB
:1002E000DFED620A9FED7E0A00218848F9F730FDB4
:1002F000B1EE042ADFED5D1A9FED5C1ADFED5B0ABB
:100300009FED830A00218348F9F722FDB2EE042A0B
:10031000DFED561A9FED551ADFED7F0A9FED6A0A51
:1003200000217E48F9F714FDB1EE002ADFED4F1AE7
:100330009FED4E1ADFED780AB7EE000A00217848EB
:10034000F9F706FDB1EE042ADFED481A9FED471AD2
:10035000DFED740AB6EE000A00217348F9F7F8FCE5
:10036000B0EE082ADFED411A9FED401ADFED6F0A6B
:100370009FED670A00216E48F9F7EAFCB1EE0C2AFE
:10038000DFED3A1A9FED391ADFED630A9FED540A4B
:1003900000216848F9F7DCFCB0EE082AF7EE001AF5
:1003A0009FED321ADFED5C0A9FED470A002162489B
:1003B000F9F7CEFCB1EE0C2AF7EE001A9FED2B1ADE
:1003C000DFED550A9FED5D0A00215D48F9F7C0FC9D
:1003D000B0EE082ADFED251A9FED241ADFED230A7F
:1003E0009FED580A00215848F9F7B2FCB1EE0C2AEB
:1003F000DFED1E1A9FED1D1ADFED1C0A9FED2E0A80
:1004000000215248F9F7A4FCB1EE042ADFED171AD7
:100410009FED161ADFED150A9FED270A00214C48C3
:10042000F9F796FCB1EE0C2ADFED101A9FED181AC1
:10043000DFED0E0A9FED240A00214648F9F788FCFB
:10044000B1EE042ADFED091A9FED081ADFED070A65
:100450009FED230A00214048F9F77AFC10BD000007
:10046000E63F243DB8A700200C93293E0000000081
:10047000BDE3943D9806002058A700207006002098
:10048000295C8F3E14A800207406002004A80020D8
:10049000CDCCCC3DD4A700208FC2F53D24A80020B0
:1004A00040A80020CDCC4C3F17B7513A5CA80020A3
:1004B00078A8002094A800203333333FB0A8002050
:1004C00000004842ECA80020CDCCCC3E28A900205A
:1004D00064A90020A0A90020DCA9002018AA0020FF
:1004E0009A99193F54AA00200AD7233C90AA0020C9
:1004F0007B142E3ECCAA002008AB00209A99993E8E
:1005000044AB002080AB0020BCAB0020F8AB002047
:100510006666663F34AC00206F12833A70AC0020F0
:10052000ACAC0020A69B443BE8AC00204260E53B1D
:1005300024AD002060AD00209CAD00206666E63E44
:10054000D8AD00209A99993F14AE002050AE0020FB
:100550008CAE0020C8AE002004AF002010B51148BA
:1005600090ED1E0A104880ED000A0E4890ED1D0A1D
:100570000D4880ED010A9FED0D0A80ED110AD0EDC6
:10058000010AB0EE600A01F0AFFA074880ED010AF7
:10059000D0ED000AB0EE600A03F000FD024880EDE5
:1005A000000A10BDB8A2002058A70020C3F5A83F3C
:1005B00010B52DED048BFB48807805287AD2DFE852
:1005C00000F0F003EFF1ED00F6484078002873D119
:1005D000F54890ED011AF0EE410AF44890ED1D1A2D
:1005E000B0EE410AF248F9F7D3FAF14890ED081A53
:1005F000F0EE410AED4890ED051AB0EE410AED48E3
:10060000F9F7C6FAF0EE408A00F070FB38EE800A87
:10061000E54880ED080A808D012825D1E24890ED5B
:10062000001AF0EE410AE14890ED1E1AB0EE410AC0
:1006300002F0FAFCB0EE408AF0EE480A9FEDDE0AC6
:10064000DE48F9F7A5FADD4890ED081AF0EE410A08
:10065000D64890ED061AB0EE410AD948F9F798FA53
:10066000D14880ED070A98E0CF4890ED001AF0EEEF
:10067000410ACE4890ED1E1AB0EE410A02F0D4FCB9
:10068000B0EE408AF0EE480A9FEDCB0ACD48F9F76C
:100690007FFACC4890ED081AF0EE410AC34890ED7D
:1006A000061AB0EE410AC848F9F772FABE4880ED62
:1006B000070A72E0BDE2FFE7BB4890ED051AF0EED5
:1006C000410ABA4890ED1D1AB0EE410AB848F9F750
:1006D0005FFAB74890ED081AF0EE410AB34890ED82
:1006E000051AB0EE410AB348F9F752FAF0EE408A23
:1006F00000F0FCFA38EE800AAB4880ED080A808DE5
:10070000012825D1A84890ED041AF0EE410AA74827
:1007100090ED1E1AB0EE410A02F086FCB0EE408A5F
:10072000F0EE480A9FEDA40AA448F9F731FAA3486D
:1007300090ED081AF0EE410A9C4890ED061AB0EED2
:10074000410A9F48F9F724FA974880ED070A24E008
:10075000954890ED041AF0EE410A944890ED1E1A67
:10076000B0EE410A02F060FCB0EE408AF0EE480ABA
:100770009FED910A9348F9F70BFA924890ED081A09
:10078000F0EE410A894890ED061AB0EE410A8E4813
:10079000F9F7FEF9844880ED070A4BE240E001E0FA
:1007A0007CE03CE2804890ED051AF0EE410A7F487B
:1007B00090ED1D1AB0EE410A7D48F9F7E9F97C4841
:1007C00090ED081AF0EE410A784890ED051AB0EE67
:1007D000410A7848F9F7DCF9734880ED080A90ED92
:1007E000001AF0EE410A7948B0F9000001EE100A53
:1007F000B8EEC11AB0EE410A7548F9F7C9F9744864
:1008000090ED081AF0EE410A684890ED061AB0EE35
:10081000410A6B48F9F7BCF9634880ED070A09E221
:10082000614890ED051AF0EE410A604890ED1D1AFE
:10083000B0EE410A6748F9F7ABF9664890ED081A3F
:10084000F0EE410A594890ED051AB0EE410A6248AF
:10085000F9F79EF9544880ED080A90ED001AF0EE81
:10086000410A5A48B0F9000001EE100AB8EEC11A68
:10087000B0EE410A5948F9F78BF9584890ED081A3B
:10088000F0EE410A494890ED061AB0EE410A54488C
:10089000F9F77EF9444880ED070ACBE14148C0787A
:1008A00000287CD0012804D0022879D0032878D1F0
:1008B0005FE03D4890ED011AF0EE410A3B4890EDB3
:1008C0001D1AB0EE410A4748F9F762F9454890ED24
:1008D000081AF0EE410A354890ED051AB0EE410ACB
:1008E0004148F9F755F9F0EE408A00F0FFF938EE8B
:1008F000800A2D4880ED080A90ED001AF0EE410ABA
:100900002A4890ED1E1AB0EE410A02F08DFBB0EEBF
:10091000408AF0EE480A9FED280A3448F9F738F982
:100920003348D0F81F0000EE100A3248FFF78EF966
:100930002E48D0ED080A30EE200AF0EE408A1B481F
:10094000D0ED060AB0EE600AF0EE680A2A48F9F720
:100950001FF9B0EE409A2648D0F8270000EE100AA2
:100960002648FFF773F939EE000A0F4880ED070AB1
:1009700053E10D4890ED011AF0EE410A0B4890ED5D
:100980001D1AB0EE410A1E48F9F702F91C4890ED15
:10099000081AF0EE410A054890ED051A32E0ACE085
:1009A00063E0F2E09806002058A70020B8A20020DB
:1009B00018AA002054AA002000000000A0A90020CE
:1009C000DCA9002080AB0020BCAB0020E4A4002008
:1009D00090AA0020C8AE002004AF002050AE002036
:1009E0008CAE0020E8AC002024AD002070AC0020CC
:1009F000F8AF002024A80020ACAC00205CA80020A8
:100A0000D8AD0020B0EE410A8C48F9F7C1F8F0EEFD
:100A1000408A00F06BF938EE800A894880ED080AB8
:100A200090ED001AF0EE410A864890ED1E1AB0EEE5
:100A3000410A02F0F9FAB0EE408AF0EE480A1FEDE2
:100A4000220A8148F9F7A4F87F4890ED081AF0EEE1
:100A5000410A7C4890ED061AB0EE410A7B48F9F74E
:100A600097F8774880ED070AD7E0754890ED011AAE
:100A7000F0EE410A734890ED1D1AB0EE410A744839
:100A8000F9F786F8724890ED081AF0EE410A6D48C1
:100A900090ED051AB0EE410A6848F9F779F8F0EEE2
:100AA000408A00F023F938EE800A654880ED080A94
:100AB00090ED001AF0EE410A624890ED1E1AB0EE79
:100AC000410A02F0B1FAB0EE408AF0EE480A1FED9A
:100AD000460A5D48F9F75CF85B4890ED081AF0EEBD
:100AE000410A584890ED061AB0EE410A5748F9F706
:100AF0004FF8534880ED070A8FE0514890ED051AF2
:100B0000F0EE410A4F4890ED1D1AB0EE410A5148EF
:100B1000F9F73EF84F4890ED081AF0EE410A4948BF
:100B200090ED051AB0EE410A4B48F9F731F8F0EEB6
:100B3000408A00F0DBF838EE800A414880ED080A70
:100B400090ED001AF0EE410A3E4890ED1E1AB0EE0C
:100B5000410A02F069FAB0EE408AF0EE480A1FED51
:100B60006A0A3E48F9F714F83C4890ED081AF0EE8E
:100B7000410A344890ED061AB0EE410A3848F9F7B8
:100B800007F82F4880ED070A47E02D4890ED051A39
:100B9000F0EE410A2B4890ED1D1AB0EE410A2D48A7
:100BA000F8F7F6FF2B4890ED081AF0EE410A2548B9
:100BB00090ED051AB0EE410A2748F8F7E9FFF0EE8C
:100BC000408A00F093F838EE800A1D4880ED080A4C
:100BD00090ED001AF0EE410A1A4890ED1E1AB0EEA0
:100BE000410A02F021FAB0EE408AF0EE480A1FED09
:100BF0008E0A1A48F8F7CCFF184890ED081AF0EE64
:100C0000410A104890ED061AB0EE410A1448F8F770
:100C1000BFFF0B4880ED070A00BF00BF0AE01FEDD1
:100C20009A0A074880ED070A1FED9D0A80ED080A21
:100C300000E000BF00BFBDEC048B10BD14AE00206F
:100C400058A70020B8A2002060AD00209CAD002075
:100C5000D8AD002018AA002054AA0020A0A9002086
:100C6000DCA90020FFF714FA0A2002F02DFD00BFD6
:100C70001A48007878B91948407810B1012806D18F
:100C800002E000F0C7FA05E000F00EF902E000F023
:100C9000C1FA00BF0BE01148407810B902F01AF811
:100CA00005E00E484078022801D101F073FDFFF7FE
:100CB000BBF8FFF729F9FFF77BFC03F073F802F0AC
:100CC000E9F906488078064988840648006806499C
:100CD0000860012002F0F8FCCAE700009806002036
:100CE00058A70020980500207806002010B52DEDAB
:100CF000028B0B4890ED1D0A9FED0A1AC0EE010A07
:100D00009FED090A20EE800AB0EE408AEFF730FB33
:100D1000DFED060A20EE200ABDEC028B10BD0000BC
:100D2000B8A2002000003443DB0F49403333F3BF47
:100D300000B52448007A012805D0234890F83200F5
:100D400000F0010018B100202049887131E01F48EF
:100D5000807858B31E48808D70B91E4890F82700DF
:100D600030B1F0F759FE18B102201849887120E01F
:100D70000020164988711CE0164890F8270030B111
:100D8000F0F74AFE18B102201049887111E01148AD
:100D900090F8270030B9F0F73FFE18B101200B4959
:100DA000887106E000200949887102E000200749A7
:100DB0008871084890F8430007490870FEF7D6F993
:100DC00000BD0000BCA5002030A400209806002033
:100DD00058A70020C4A60020A506002000B52C4876
:100DE000007A012809D02B48807A022805D02A48A9
:100DF00090F8320000F0010018B1002027498871F6
:100E00002DE02648807838B32248807A012804D023
:100E1000022818D003281AD10AE0F0F7FDFD18B116
:100E200001201E49887102E000201C49887112E0EF
:100E3000F0F7F2FD18B101201849887102E0002096
:100E40001649887107E000201449887103E00020EA
:100E50001249887100BF02E00020104988711048D3
:100E6000007801280DD00B48807A012809D10D485F
:100E70000078401CC0B20B490870022801DB00203A
:100E80000870FEF773F90348807A0549087000BDC1
:100E9000BCA50020C4A6002030A400209806002095
:100EA000A6060020A506002010B50D48807830B1B8
:100EB000012807D0022808D003280CD108E0FFF74A
:100EC0004DFB0BE000F05CF808E000F0FFF805E0F7
:100ED00000F008F802E0FFF741FB00BF00BF10BDC3
:100EE0009806002010B59FED200A204880ED000AEA
:100EF00001201E49A1F840001D480088A0F57A7025
:100F000000B21C4908800846B0F90000B0F5805FC7
:100F100006DD08460088A0F5005000B208800CE00D
:100F20001448B0F9000010F5805F06DA1148008817
:100F300000F5005000B20F4908800E49B1F90000D9
:100F4000002801DB014600E041422D2904DA9FED33
:100F50000A0A064880ED110A9FED080A034880ED51
:100F6000010A02F05FF910BD00007A4458A7002082
:100F7000E4A400208206002048E1FA3F00000000BF
:100F800010B54948B0F8400001280DD1474890ED10
:100F90001E0A454880ED000A9FED450A80ED010AD2
:100FA00000204149A1F8400002F03CF93E48408F42
:100FB000C0B93D48C08DA8B93B48808D012811D1EA
:100FC0003C49B1F9140000F0EFFC00EE100AF8EE15
:100FD000C00A354890ED000A9FED371A00EEC10AAD
:100FE00080ED000A3048408F01281ED12E48C08D68
:100FF000D8B92D48808D012817D12E49B1F9140098
:1010000000F0D2FC00EE100AB8EEC00ADFED2A0AAA
:1010100020EE200AB0EE081AC0EE010A224890ED38
:10102000000A30EE600A80ED000A1F48D0ED000A89
:10103000B0EE600A02F0B2FF1B4880ED000AD0ED6E
:10104000000AB0EE600A1D48FEF759FE164880ED12
:10105000040A9FED1B0A80ED110A1649B1F916002A
:1010600000F0A2FC00EE100AF8EEC00A0E4890ED67
:10107000010A9FED141A00EEC10A80ED010AD0EDBD
:10108000010AB0EE600A00F02FFD074880ED010A6A
:10109000D0ED010AB0EE600A0B48FEF730FE0248C0
:1010A00080ED050A10BD000058A70020B8A200205E
:1010B00000000000C4A6002052499D3914A8002059
:1010C000C3F5A83F52491D3A04A8002010B54A486C
:1010D000B0F84000012809D1484890ED1E0A464862
:1010E00080ED000A00204449A1F84000F5F76AFBB2
:1010F000F0B34348C078012809D13F4890ED020A77
:1011000080ED000A90ED030A80ED010A5CE03C48A6
:10111000C078022803D03A48C078032809D136485D
:1011200090ED020A80ED000A90ED030A80ED010ABD
:101130004AE03449B1F9140000F036FC00EE100A20
:10114000F8EEC00A2C4890ED000A9FED2F1A00EE31
:10115000C10A80ED000A2B49B1F9160000F024FC09
:1011600000EE100AF8EEC00A234890ED010A00E0F4
:1011700006E09FED261A00EEC10A80ED010A23E089
:101180002049B1F9140000F00FFC00EE100AF8EE4F
:10119000C00A194890ED000A9FED1B1A00EEC10A23
:1011A00080ED000A1749B1F9160000F0FDFB00EED2
:1011B000100AF8EEC00A104890ED010A9FED131ACC
:1011C00000EEC10A80ED010A9FED110A0A4880ED88
:1011D000110AD0ED000AB0EE600A02F0DFFE064808
:1011E00080ED000AD0ED010AB0EE600A00F07CFC50
:1011F000014880ED010A10BD58A70020B8A20020C8
:1012000098060020C4A6002052499D3952491D3A33
:10121000C3F5A83F10B50D48807830B1012807D03C
:10122000022808D003280CD108E0FFF797F90BE05B
:1012300000F05AF808E000F0B5F805E000F008F812
:1012400002E0FFF78BF900BF00BF10BD9806002039
:101250009FED1F0A1F4880ED000A01201D49A1F8DB
:1012600040001D480088A0F57A7000B21B49088034
:101270000846B0F90000B0F5805F06DD084600883A
:10128000A0F5005000B208800CE01448B0F900004E
:1012900010F5805F06DA1148008800F5005000B2B2
:1012A0000E4908800D49B1F90000002801DB014614
:1012B00000E041422D2904DA9FED090A054880ED3E
:1012C000110A9FED080A034880ED010A70470000EB
:1012D00000007A4458A70020E4A4002080060020E3
:1012E00048E1FA3F0000000010B52748B0F8400080
:1012F00001280DD1254890ED1E0A234880ED000AF3
:101300009FED230A80ED010A00201F49A1F840004B
:101310001D48408F80B91C4890ED000A1D48B0F967
:10132000040000EE900AF8EEE00A9FED1B1A00EEB2
:10133000C10A154880ED000A9FED180A124880ED99
:10134000110A90ED010A1348B0F9060000EE900A68
:10135000F8EEE00A9FED121A00EEC10A0A4880ED8D
:10136000010AD0ED000AB0EE600A02F017FE06484E
:1013700080ED000AD0ED010AB0EE600A00F0B4FB87
:10138000014880ED010A10BD58A70020B8A2002036
:1013900000000000C4A6002052491D3AC3F5A83F32
:1013A00017B7D13810B53548B0F84000012809D139
:1013B000334890ED1E0A314880ED000A00202F4985
:1013C000A1F84000F5F7FEF9F8B12E48C0780128E1
:1013D00009D12A4890ED020A80ED000A90ED030A37
:1013E00080ED010A32E02748C078022803D0254862
:1013F000C07803282AD1214890ED020A80ED000A26
:1014000090ED030A80ED010A20E01C4890ED000AEF
:101410001D48B0F9040000EE900AF8EEE00A9FEDD6
:101420001B1A00EEC10A154880ED000A90ED010A72
:101430001548B0F9060000EE900AF8EEE00A9FEDBC
:10144000141A00EEC10A0D4880ED010A9FED110A41
:101450000A4880ED110AD0ED000AB0EE600A02F0F1
:101460009DFD064880ED000AD0ED010AB0EE600A4D
:1014700000F03AFB014880ED010A10BD58A700209A
:10148000B8A2002098060020C4A6002052491D3AA8
:1014900017B7D138C3F5A83F10B52748007A0128FF
:1014A00002D001F0F7FD18B10020244988701DE03A
:1014B0002348C07E58B9224890F83C0018B9012052
:1014C0001E49887012E003201C4988700EE01D48F8
:1014D000808D01280AD119488078032806D0194840
:1014E000C08E012802D1022014498870144890F857
:1014F0003100012802D11349C88402E000201149BB
:10150000C8840F4890F82A00012810D10D48808D1A
:1015100001280CD109488078012803D00748807839
:10152000032804D101200749C88500208885034885
:1015300080780449888410BDBCA50020980600204E
:10154000C4A6002058A7002010B52148007A012821
:1015500002D001F09FFD10B100201E4988701C4888
:10156000007A80BB01F096FD68BB1B48C07A012859
:101570000BD01948807A012803D0012015498870C2
:1015800006E001201349887002E0022011498870AA
:101590001148C07A01280DD11048808C032809D148
:1015A0000E48C08E18B901200A49887002E0022056
:1015B000084988700948808C28B90648807810B19D
:1015C00001200649C884034880780449888410BDF6
:1015D000BCA5002098060020C4A6002058A7002023
:1015E000064890F83200C0F3800018B90020044982
:1015F000087002E0012002490870704730A4002002
:1016000098060020094890F83D0001280AD10848B2
:10161000007A38B907488078032803D001200549AB
:10162000087102E00020034908717047C4A6002039
:10163000BCA50020980600200948C07A022807D0DF
:101640000848007A012803D007488078032803D18E
:1016500000200549087102E0012003490871704724
:10166000C4A60020BCA500209806002049480078A8
:10167000002846D14848007A012802D10020454977
:1016800048704648C068B0F5167F03DB002041492A
:10169000487007E04148C06810F5167F02DC012061
:1016A0003C4948703B48807810B90020394988711E
:1016B0003848407810B1012821D110E03748C0687F
:1016C00010F5167F0ADC012032494870002088712D
:1016D000087188704871C8703149087010E02F484F
:1016E000C068B0F5167F09DB00202A494870887170
:1016F000087188704871C8702949087000E000BFFF
:1017000046E02548007A012802D10020214948708E
:101710002248C068B0F5167F03DB00201D494870E1
:1017200007E01E48C06810F5167F02DC0220194948
:1017300048701848807810B90020164988711548FB
:10174000407810B1022821D110E01448C06810F58B
:10175000167F0ADC02200F4948700020887108714A
:1017600088704871C8700E49087010E00B48C06856
:10177000B0F5167F09DB00200649487088710871B2
:1017800088704871C8700649087000E000BF00BF4B
:101790007047000098060020BCA50020C4A60020C9
:1017A000A50600200F48007A012803D100200E4929
:1017B000C87016E00C488078022812D10B4890F8C7
:1017C000300018B102200849C8700AE0074890F8B4
:1017D0002D0018B103200449C87002E0012002491D
:1017E000C8707047BCA5002098060020C4A6002041
:1017F0000F48007A012803D100200E49C87015E077
:101800000D48807A032803D101200A49C8700DE0F1
:101810000948807A012802D10649C87006E00648C6
:10182000807A022802D101200249C8707047000066
:10183000BCA5002098060020C4A60020F0EE400AB7
:10184000F6EE001A60EEA11AB0EE611AB0EE600A70
:1018500010EE100A0749A1EB600000EE100A21EE1D
:10186000002AF7EE081A42EE401A61EE801AB0EE36
:10187000610A7047865A375FF2F724F8F8F7D6FC0A
:10188000F7F7ECFAF7F7EEF9F7F748FCF7F76AFC29
:10189000F7F7A0F9F7F7C2F9F7F7C6FCF7F7E2FC9C
:1018A000F7F796FCF7F720FCF7F7F8FC00F098FD47
:1018B000012211030B48F1F7EDFFFDF715FCFDF7D1
:1018C00033FCA820F0F720FD00BF01210648EFF708
:1018D000D9FE0028F9D1F7F721FA00F07FF800BF10
:1018E000FEE70000001C0240A40900200146002081
:1018F000842901D0CA1C104470470000002006490A
:1019000008704870C8718871887008714871C87013
:10191000012002490872704798060020BCA50020EB
:10192000FFF7ECFF0A2001F0CFFE00BFFFF758FEE3
:101930001C48007848BBFFF799FE1A48407850B918
:10194000FFF74CFAFFF700FEFFF752FFFFF774FEB8
:10195000FDF770FC21E01348407801280AD1FFF719
:10196000E7F9FFF799FDFFF71DFFFFF74BFEFDF7C6
:1019700061FC12E0FFF732FAFFF7E6FDFFF738FFF0
:10198000FFF75AFEFDF756FC07E001F041F800F0C2
:101990001FFF01F0BFF901F0E7F9012001F094FE0B
:1019A000C4E7000098060020B0F57A6F02DD4FF41E
:1019B0007A6003E010F57A6F00DA014870470000A2
:1019C00060F0FFFF70B5044625460DB1294600E0E2
:1019D0000121084601F078FE002070BD10B501F02D
:1019E000A1FE002010BD7FB504460D46606998B188
:1019F000A06988B1B4F90800FFF778FF0646D4E97A
:101A00000510CDE9006102902B462269D4E900104F
:101A100002F01CF8039013E0B4F90800FFF766FF2A
:101A2000064603A8CDE90060238A9AB22B46D4E982
:101A3000001001F0D9FF012802D0002004B070BDD1
:101A40000398FBE710B523488078E8B1224890ED71
:101A5000080AB0EE402ADFED211A9FED201ADFEDD3
:101A60001F0A9FED1E0A04211D48FDF705FC1A48B8
:101A7000D0ED110AB0EE600AF2EE040A40F2031152
:101A80001748F0F78CFB19E09FED142ADFED131ACD
:101A90009FED121ADFED110A9FED100A0421104884
:101AA000FDF7EAFB0C48D0ED110AB0EE600ADFED5D
:101AB0000B0A40F203110A48F0F771FB094890F84D
:101AC0002800012804D140F203110548FDF7C0FCAD
:101AD00010BD00009806002058A70020000000005C
:101AE00034090020C4A6002010B52DED068BB0EE01
:101AF000408AB3EE030AB4EEC08AF1EE10FA04DDB8
:101B0000B3EE030AB0EE408A4EE03849B1F9001056
:101B1000A1F57A7002F00AFF41EC1A0BB0EE4A0A06
:101B2000F0EE6A0AFCF744FAB0EE409AF0EE609AE2
:101B30009FED2F0B53EC102B51EC190B02F01AFFF9
:101B40000BD29FED2D0AB4EEC08AF1EE10FA04D24A
:101B50009FED290AB0EE408A26E02449B1F9001031
:101B6000A1F57A7002F0E2FE41EC1A0BB0EE4A0ADF
:101B7000F0EE6A0AFCF71CFAB0EE409AF0EE609ABA
:101B80009FED1B0B53EC102B51EC190B03F0CDF810
:101B90000AD8BBEE030AB4EEC08AF1EE10FA03D203
:101BA000BBEE030AB0EE408A144890ED010AF2EE53
:101BB0000E0AB4EEE00AF1EE10FA04DD4FF0FF3049
:101BC0000E49C8870CE00D4890ED010ADFED0A0AC6
:101BD000B4EEE00AF1EE10FA02D201200749C887FC
:101BE000B0EE480ABDEC068B10BD0000E4A4002056
:101BF0000000000000488040000014C258A70020E8
:101C00002DE9F04105460E461C4807681C4800684F
:101C1000001D01F041FC50B91948006890F82C10E3
:101C20000120884017490968814316480160681CF3
:101C300038B936B112480168091D134801F08AFC11
:101C40001AE07C190E4800684460BC4207D20C4878
:101C50000168091D0D48006801F062FC0CE00848AD
:101C60000168091D0A48006801F05AFC094800682B
:101C7000844201D207480460BDE8F081C000002022
:101C8000AC000020C4000020C02A0020B4000020C6
:101C9000B0000020DC00002010B5044601F066FC16
:101CA00024480068401C234908602348006840B964
:101CB000214804600846006801280DD100F046F96B
:101CC0000AE01E48006838B91B480068C06AE16A2B
:101CD000884201D81848046019480068401C184917
:101CE000086008460068606494F82C100120884061
:101CF00014490968084313490860E16A01EB81014E
:101D0000114A02EB8100211D01F024FC01F058FC76
:101D10000A48006868B108480068C06AE16A8842F9
:101D200007D24FF0805009490860BFF34F8FBFF3CF
:101D30006F8F10BDBC000020AC000020C800002048
:101D4000D8000020C4000020E429002004ED00E0B9
:101D500010B516E001F00AFC0C48C068C468201DEC
:101D600001F09AFB0A480068401E094908600948CA
:101D70000068401E0749086001F022FC204600F080
:101D80000BF8044800680028E4D110BDAC2A0020FC
:101D9000BC000020B800002010B5044694F859009B
:101DA00030B9206B01F02AFC204601F027FC1AE034
:101DB00094F85900012803D1204601F01FFC12E0DD
:101DC00094F85900022801D1012000E0002050B908
:101DD00000BF502080F31188BFF34F8FBFF36F8F88
:101DE00000BF00BFFEE710BD30B547F230531748C3
:101DF00000F007042CB1C01D20F00700134C041B99
:101E00001B1B0246124C22600024114D6C60D0183E
:101E1000083820F007000F4C206000240D4D2D687D
:101E20006C600C4D2D682C601146441A4C60094CB6
:101E300024680C60084D4C682C60084D4C682C6080
:101E40004FF00044064D2C6030BD0000D42A002025
:101E5000E8000020F0000020F8000020F40000203E
:101E60000401002000BFFFF773FF06480068012847
:101E7000F9D94FF0805004490860BFF34F8FBFF38A
:101E80006F8FF0E7E429002004ED00E02DE9F05F1A
:101E900082460E4690469B460A9F0C9C4FEA88015C
:101EA000A522206BEFF78EF8A8F10100216B01EB62
:101EB000800929F0070909F0070008B9012000E0AE
:101EC000002050B900BF502080F31188BFF34F8F1E
:101ED000BFF36F8F00BF00BFFEE786B1002507E0AC
:101EE000715D04F134004155705D00B902E06D1C74
:101EF000102DF5D300BF00214320015502E0002042
:101F000084F83400072F00D30627E762E764002037
:101F10002065201D01F001FB04F1180001F0FDFA1D
:101F20002461C7F10700A06164620020606584F845
:101F300058005A465146484600F05CF920600B981C
:101F400008B10B980460BDE8F09F000010B50024B4
:101F500007E004EB84010F4A02EB810001F0D0FAA4
:101F6000641C072CF5D30C4801F0CAFA0B4801F0A9
:101F7000C7FA0B4801F0C4FA0A4801F0C1FA0A484E
:101F800001F0BEFA0448094908600448084908609D
:101F900010BD0000E4290020702A0020842A0020BF
:101FA000982A0020AC2A0020C02A0020B00000207F
:101FB000B400002010B50146164800E00068036830
:101FC0008B42FBD30246436813448B4204D14368DF
:101FD0004C682344436001460A464B681344046836
:101FE000A34211D10C4C03682468A34208D04B686B
:101FF0000468646823444B6003681B680B6005E059
:10200000054B1B680B6001E003680B60884200D041
:10201000016010BDE8000020F00000200A490968B6
:10202000096809B9012100E0002121B14FF0FF3119
:10203000064A116006E004490968C968C868034A8D
:102040004168116070470000B0000020DC000020F3
:102050000246002101E0521C491C1078A528FAD044
:10206000890888B2704700000E480068401C08B913
:10207000012000E0002050B900BF502080F31188FB
:10208000BFF34F8FBFF36F8F00BF00BFFEE700BFEE
:10209000502080F31188BFF34F8FBFF36F8F00BFC5
:1020A00000BFFEE7080100202DE9F04104464FF093
:1020B000000801F08FFB4948006808B9FFF794FE5B
:1020C000474800682040002870D1D4B1083404F09B
:1020D0000700B0B104F00700C0F10800044404F0A8
:1020E000070008B9012000E0002050B900BF5020CF
:1020F00080F31188BFF34F8FBFF36F8F00BF00BF16
:10210000FEE7002C52D03748006884424ED8364E45
:102110003046056801E02E462D686868A04202D26C
:1021200028680028F7D12D48006885423ED03068E5
:1021300000F10808286830606868001B102819D969
:102140002F1907F0070008B9012000E0002050B95E
:1021500000BF502080F31188BFF34F8FBFF36F8F04
:1021600000BF00BFFEE76868001B78606C603846FF
:10217000FFF720FF1B4968680968081A19490860B9
:102180000846006819490968884203D21548006862
:1021900016490860124968680968084368600020A9
:1021A000286013480068401C1149086001F050FD88
:1021B00008F0070008B9012000E0002050B900BF76
:1021C000502080F31188BFF34F8FBFF36F8F00BF94
:1021D00000BFFEE74046BDE8F0810000F0000020AF
:1021E00004010020F4000020E8000020F800002096
:1021F000FC000020001F4FF080730360001F21F0DF
:1022000001030360001F054B036014380260001FC8
:102210006FF0020303602038704700006920010856
:1022200010B58CB00446207801287CD1002035E020
:10223000411C615C0BAA115400F10B01615C0AAAFC
:102240001154C11D615C09AA115400F10F01615CB8
:1022500008AA115400F11301615C07AA115400F19E
:102260001701615C06AA115400F11B01615C05AA0B
:10227000115400F11F01615C04AA115400F1230103
:10228000615C03AA115400F12701615C02AA115498
:1022900000F12B01615C01AA1154401C0428C7DB2A
:1022A00049490B98C1F801000A98C1F80B00099838
:1022B000C1F807000898C1F80F000798C1F813008B
:1022C0000698C1F817000598C1F81B000498C1F8DA
:1022D0001F000398C1F823000298C1F82700019855
:1022E000C1F82B0060794871A079887194F82700B3
:1022F00081F82F0008464079A0B30846D0F80B00BB
:1023000000EE100ADFED310AB4EEE00AF1EE10FA49
:102310000DDC0846D0F80B0000EE100ADFED2C0AA9
:10232000B4EEE00A00E04CE0F1EE10FA06D22948E3
:1023300090ED1E0A284880ED020A04E02248D0F8F9
:102340000B00254988602048D0F8070000EE900A6D
:10235000F1EE600AB0EE600AFFF7C6FB1E4880EDA2
:10236000030A0CE0FFE71B4890ED1E0A1A4880EDB7
:10237000020A184890ED1D0A174880ED030A164816
:10238000D0ED170A1048D0F80B0000EE100AF4EE5A
:10239000400AF1EE10FA05D110480068401C0F49C0
:1023A000086002E000200D4908600C480068B0F5A4
:1023B000FA7F03DD01200849088302E00020064976
:1023C00008830CB010BD0000F8AF002000003443BB
:1023D000000034C3B8A2002058A70020C80600207F
:1023E00010B524220249A1F12400F7F719FD10BD10
:1023F00034A7002000B503460A4603B102B900BD68
:102400001878597840EA0120C0F30A001080587803
:10241000C010997840EA4110C0F30A0050809878C3
:102420008011D97840EA8100197940EA8120C0F30F
:102430000A00908018794010597940EAC110C0F321
:102440000A00D0805879C0F30111D1725879001177
:1024500080089072187C597C40EA0120D0609879FD
:10246000D97940EA012000B29082187A597A40EA7C
:10247000012001B2D182987AD97A40EA012001B2D2
:102480001183197B9176597BD176987BD97B40EA71
:1024900001201084987B00F0010122208154987B58
:1024A000C0F3400123208154987BC0F38001242095
:1024B0008154987BC0F3C00125208154987BC0F3E0
:1024C000001126208154987BC0F3401127208154AD
:1024D000987BC0F3801128208154987BC109292062
:1024E0008154D87B00F001012A208154D87BC0F3AD
:1024F00040012B208154D87BC0F380012C208154D3
:10250000D87BC0F3C0012D208154D87BC0F30011CB
:102510002E208154D87BC0F340112F208154D87BCA
:10252000C0F3801130208154D87BC10931208154FF
:102530001088A0F5806000B210805088A0F58060FF
:1025400000B250809088A0F5806000B29080D08862
:10255000A0F5806000B2D080D068A0F58060D06027
:102560002D20805C01280AD13220805C38B93B20C4
:10257000805C08B9012100E000213B2081542D201E
:10258000815C322081542E20805C01280AD13320C6
:10259000805C38B93C20805C08B9012100E0002152
:1025A0003C2081542E20815C332081542F20805C7C
:1025B00001280AD13420805C38B93D20805C08B9FC
:1025C000012100E000213D2081542F20815C342036
:1025D00081543020805C01280AD13520805C38B9D4
:1025E0003E20805C08B9012100E000213E2081549A
:1025F0003020815C352081542720805C01280AD15D
:102600003620805C38B93F20805C08B9012100E0A9
:1026100000213F2081542720815C362081542820CE
:10262000805C01280AD13720805C38B992F84000DC
:1026300008B9012100E0002182F840102820815CC7
:10264000372081542C20805C01280AD13820805CFE
:1026500038B992F8410008B9012100E0002182F860
:1026600041102C20815C382081542920805C012875
:102670000AD13920805C38B992F8420008B90121AA
:1026800000E0002182F842102920815C3920815429
:102690002B20805C01280AD13A20805C38B992F85E
:1026A000430008B9012100E0002182F843102B20EB
:1026B000815C3A208154FBF731F9F5F75FFC00BFEC
:1026C0009DE600001E2000F0FFFF00BFFCF778FF32
:1026D0000948007838B901F03DFBFFF7B3F9012054
:1026E00000F0F2FF03E0EFF793FFEFF76FFF012039
:1026F00000F0EAFFEAE700007805002010B5234863
:1027000000F06AFE22482149097801701F49D1F87A
:102710000110C0F801101D49D1F80510C0F80510CE
:102720001A49D1F80910C0F809101849D1F80D104C
:10273000C0F80D101549D1F81110C0F81110134947
:10274000D1F81510C0F815101049D1F81910C0F8BB
:1027500019100E49D1F81D10C0F81D100B49D1F801
:102760002110C0F821100949D1F82510C0F8251012
:102770000649D1F82910C0F82910044991F82D1004
:1027800080F82D102E21EFF72BF910BD28B0002076
:102790006BAF002010B50D48807830B102280DD005
:1027A000032805D004280CD105E0FDF7D7FE0BE087
:1027B00000F07EF808E000F043F805E000F050FA81
:1027C00002E0FDF7CBFE00BF00BF10BD9806002061
:1027D00000B51848407810B9FEF700FB00BD154859
:1027E000807910B103281ED111E01348007A012826
:1027F00005D0124890F8320000F0010018B1002016
:102800000C49887102E003200A4988710FE00A48E8
:10281000007A012803D100200649887102E00320D4
:102820000449887103E000200249887100BF00BF9D
:1028300000BFD3E798060020BCA5002030A40020EC
:1028400010B5194890ED000AB0F93C0000EE900A6E
:10285000F8EEE00A9FED151A00EE810A124880EDAD
:10286000000A90ED010AB0F93E0000EE900AF8EE81
:10287000E00A9FED0E1A00EE810A0B4880ED010A76
:10288000D0ED000AB0EE600A01F088FB064880ED4A
:10289000000AD0ED010AB0EE600AFFF725F9024800
:1028A00080ED010A10BD000058A700200AD7233C84
:1028B00010B52DED048B49488078032806D148488F
:1028C000808C032802D00020464908704448B0F8A4
:1028D000420030B100204249A1F8420001204149A4
:1028E00008704048007801282FD19FED3F0A3C48EE
:1028F00080ED110A9FED3D0A80ED010A3C4890ED04
:10290000050ADFED390A30EE600A10EE101A0846AB
:1029100002F06AFE41EC190BB0EE490AF0EE690ACA
:10292000FBF746FBB0EE408AF0EE608A9FED310B7C
:1029300053EC102B51EC180B02F01CF802D20220C1
:1029400028490870BDEC048B10BD9FED2C0A24486B
:1029500080ED000A01202249A1F8400028480088A3
:10296000A0F57A7000B2274908800846B0F9000047
:10297000B0F5805F06DD08460088A0F5005000B283
:1029800008800CE01F48B0F9000010F5805F06DAFF
:102990001C48008800F5005000B21A490880194907
:1029A000B1F90000002801DB014600E041422D2979
:1029B00004DA9FED150A0A4880ED110A0848008FD5
:1029C00028B19FED120A064880ED010A04E09FED50
:1029D000070A034880ED010A00BFB3E7980600200C
:1029E00058A7002086060020C3F5A83F000000007D
:1029F00008A50020000000A09999A93F00007A4492
:102A0000E4A400208406002048E1FA3F00000CC343
:102A100010B58F48007A012802D000F03BFB08B1C6
:102A2000012000E0002004468A484078002870D148
:102A30008848807805286DD2DFE800F003526D20C9
:102A400039001CB100208349887016E08248807AE2
:102A5000012803D103207F4988700EE07E48807AE8
:102A6000032807D17C48C07A022803D00420794982
:102A7000887002E001207749887071E01CB1002065
:102A80007449887012E07448807A012803D10320C9
:102A9000704988700AE07048807A032803D10420C6
:102AA0006C49887002E001206A49887058E01CB1C6
:102AB00000206849887012E06748807A012803D1B5
:102AC0000320644988700AE06348807A032803D1B0
:102AD00004206049887002E001205E4988703FE070
:102AE0001CB100205B49887012E05B48807A0128A5
:102AF00003D10320574988700AE05748807A032899
:102B000003D104205349887002E0012051498870A4
:102B100026E027E020E01CB100204E4988701AE032
:102B20004D48C07A012803D102204A49887012E03A
:102B30004948807A012803D10320464988700AE079
:102B40004548807A032803D104204249887002E076
:102B500001204049887003E000203E49887000BF92
:102B600000BF10BD3B48407802286FD139488078BB
:102B700030B102284BD003281CD0042861D12CE0AE
:102B80001CB100203349887013E0344890F83200BB
:102B9000C0F3801018B103202E49887009E0F3F7C4
:102BA00011FE18B102202B49887002E00420294947
:102BB00088704AE01CB10020264988700CE0274844
:102BC00090F83200C0F3801018B1032021498870BA
:102BD00002E004201F49887037E01CB100201D4925
:102BE000887013E01D4890F83200C0F3801018B1CF
:102BF00003201849887009E0F3F7E4FD18B10220BA
:102C00001449887002E00420124988701DE01CB14C
:102C100000201049887013E0104890F83200C0F38B
:102C2000801018B103200B49887009E0F3F7CAFD42
:102C300018B102200749887002E004200549887015
:102C400003E000200349887000BF00BF00BF88E791
:102C5000BCA5002098060020C4A6002030A40020B7
:102C600010B51948B0F84000012809D1174890ED77
:102C70001E0A154880ED000A00201349A1F8400003
:102C8000114890ED020A80ED000A90ED030A80EDF4
:102C9000010A9FED0F0A80ED110AD0ED000AB0EE97
:102CA000600A01F07BF9084880ED000AD0ED010AC6
:102CB000B0EE600AFEF718FF034880ED010A01201C
:102CC00001498887C88710BD58A70020B8A20020F6
:102CD000C3F5A83F10B50E488078052813D2DFE869
:102CE00000F00306090C0F00FDF738FC0EE0FEF7BC
:102CF000FBFA0BE0FEF756FB08E0FEF7A9FA05E049
:102D0000FFF79EFD02E0FDF729FC00BF00BF10BDEC
:102D1000980600201148007A012803D100201049AC
:102D2000087170470E48407848B90E48C07A0228AA
:102D300001D0012000E00020094908710CE008489A
:102D40004078022808D106488078032801D0012065
:102D500000E000200249087100BFE2E7BCA50020A6
:102D600098060020C4A600200548007A012803D157
:102D700000200449C87002E001200249C870704771
:102D8000BCA50020980600202DE9F04389B08146BB
:102D90000E4614461D46DDE9107803960020059086
:102DA000069008200790200A8DF80400E0B28DF804
:102DB0000500280A8DF80600E8B28DF80700380AE9
:102DC0008DF80800F8B28DF809004FEA18208DF848
:102DD0000A0008F0FF008DF80B006B4601AA03A95A
:102DE0004846EFF794FC0249087009B0BDE8F0834B
:102DF0002405002010B59FED272ADFED271A9FED4F
:102E0000261ADFED250AB1EE040A00212348F6F761
:102E10009FFF9FED202ADFED201A9FED1F1ADFEDA7
:102E20001E0AB1EE040A00211D48F6F791FF9FED3E
:102E30001A5ADFED1C4A9FED1C4ADFED1C3A9FED4C
:102E40001C3ADFED1C2A9FED1C2AF2EE041A9FEDBE
:102E50001B1ADFED1B0A9FED1B0A1B48FAF726FD24
:102E60009FED0D5ADFED0F4A9FED0F4ADFED0F3A50
:102E70009FED0F3ADFED0F2A9FED142AF2EE041AB0
:102E80009FED0E1ADFED0E0A9FED0E0A1048FAF7BD
:102E90000DFD10BD00401C460000000084B0002065
:102EA000C0B0002095BFD6336F12833A233ABA37A9
:102EB000000048429A99993E0000F04200806D451A
:102EC0003333333F00001643FCB000200000C842FB
:102ED0004CB100200448B0F90400B0F57A6F01DA73
:102EE000002070470120FCE774A500200448B0F9D9
:102EF000040010F57A6F01DD002070470120FCE727
:102F000098A5002000B5F7F74DF82349C968884215
:102F100010D0224890ED040AB0EE401A1E4814303A
:102F20009FED1F2AF3EE041AF3EE060AB3EE070A2A
:102F300000F038F8184890ED000AB5EEC00AF1EE3E
:102F400010FA1ED090ED010AB5EEC00AF1EE10FAAB
:102F500017D090ED020AB5EEC00AF1EE10FA10D0CB
:102F600090ED000AD0ED010A30EE200AD0ED020A01
:102F700030EE200AF0EE080A80EE201A80ED041AE6
:102F800004E0B3EE060A044880ED040AF7F70AF8F5
:102F90000149C86000BD000058B0002030A40020E6
:102FA0000000A0421749D1ED012AC1ED022AD1ED5E
:102FB000002AC1ED012A81ED001AD1ED002AF4EEBC
:102FC000E02AF1EE10FA0ED2D1ED002AB2EE043A68
:102FD000F4EEC32AF1EE10FA05DDD0ED002A72EE10
:102FE000A12AC0ED002A0749D1ED002AF4EEC02A3B
:102FF000F1EE10FA05DDD0ED002A72EEC22AC0ED26
:10300000002A704758B00020FFF7F4FE0A2000F0B5
:103010005BFB00BF00F0B2F8FFF774FFFCF7B0FFF6
:10302000012000F051FBF5E7B0EE401A70EEC11A36
:10303000B0EE610ADFED0D1AB4EEE10AF1EE10FA1E
:1030400006DDDFED0B1A70EE611AB0EE610A0CE0DE
:10305000DFED081AB4EEE10AF1EE10FA05D2DFED69
:10306000041A70EE211AB0EE610A70470000344372
:103070000000B443000034C3F0EE400AF5EEC00A8D
:10308000F1EE10FA02DBB7EE000A7047BFEE000A5D
:10309000FBE700000B4800680B490968884205D12E
:1030A0000A480068401C0949086002E000200749FE
:1030B000086006480068B0F57A7F01D901207047A2
:1030C0000020FCE7780600209805002090060020EC
:1030D00000B52DED048B83B041EC190B01F07EFEA1
:1030E00041EC180B18EE100A18EE901A8DED008BBB
:1030F000002818BF0120084320F00040C0F17F6085
:1031000000F1E040C00F14D019EE101A19EE900A29
:103110008DED009B002918BF0121084320F00040DD
:10312000C0F17F6000F1E040C00F04BF0120EEF766
:103130001BF851EC180B03B0BDEC048B00BD10B5AF
:1031400000EE100A2DED028BB1EEC08A18EE100AC7
:1031500020F00040C0F1FF40C00F0AD010EE100A6E
:1031600020F00040C0F1FF40C00F04BF0120EDF788
:10317000FBFF18EE100ABDEC028B10BDDFED201A2C
:10318000B0EE611ADFED1E1AB0EE610ADFED1D1A16
:10319000F0EE610A1C49097A1C4A127A881800EB81
:1031A000D071491001EE901AF8EEE11AF0EE610AC2
:1031B000F4EEC00AF1EE10FA04D2DFED121A144850
:1031C000C0ED061AF4EEC00AF1EE10FA0ADD30EE98
:1031D000C02AC2EE011A9FED0F2A61EE821A0C4836
:1031E000C0ED061A70EE011AF4EEE01AF1EE10FAD4
:1031F00004D2DFED081A0648C0ED061A7047000039
:1032000000000C420000000074A5002098A50020DA
:1032100058B00020000028C310B500BF0120FEF701
:10322000D1FBFBE710B50B48C08D01280FD1094831
:10323000808D60B908488078012808D1054890ED54
:10324000000ADFED060A30EE200A80ED000A00F0E9
:1032500007F810BD58A7002098060020000034434E
:1032600010B52DED048B56488078012851D1554872
:10327000808D002826D15349C885534890ED1E0AF9
:103280000846D0ED000A30EE600A10EE101A08462B
:1032900002F0AAF941EC190BB0EE490AF0EE690A06
:1032A000FAF786FEB0EE408AF0EE608A9FED470B9B
:1032B00053EC102B51EC180B01F05CFB03D80120F0
:1032C0004049888578E0404890ED1E0A3D48D0EDA1
:1032D000000A30EE600A10EE101A084602F084F977
:1032E00041EC190BB0EE490AF0EE690AFAF760FEFC
:1032F000B0EE408AF0EE608A9FED340B53EC102B59
:1033000051EC180B01F011FD56D200202D49888593
:1033100052E02B48807803284ED12A48808D30BB5C
:1033200000202849C8852B4890ED030AD0ED020AF9
:1033300030EE600A10EE101A084602F055F941EC22
:10334000190BB0EE490AF0EE690AFAF731FEB0EE59
:10335000408AF0EE608A9FED1D0B53EC102B51EC70
:10336000180B01F007FB03D801201649888523E0DC
:10337000184890ED030AD0ED020A30EE600A10EE14
:10338000101A084602F030F941EC190BB0EE490A68
:10339000F0EE690AFAF70CFEB0EE408AF0EE608AB1
:1033A0009FED0A0B53EC102B51EC180B01F0BDFCF8
:1033B00002D2002003498885BDEC048B10BD0000BB
:1033C0009806002058A70020B8A2002000000000A6
:1033D0000000144030A4002010B504460220641CF4
:1033E00004F8010CF0F75CFA20601B48806F606005
:1033F000194890ED1D0AB1EE400A10EE100AA060C7
:103400001548006FE060144880692061124890ED13
:10341000050AB1EE400A10EE100A60610E4800691C
:10342000A0619FED0E0A10EE100AE0619FED0B0AFD
:1034300010EE100A20629FED090A10EE100A606279
:1034400007480069A062064890F83200C0F34000C7
:1034500084F82C00641E10BDB8A2002000000000FB
:1034600030A40020B0EE401A30EEC10AF0EE401A4F
:10347000B0EE412A00EE100AB8EEC00A60EE212A32
:1034800001228A40521E00EE102AB8EEC03A82EEA7
:10349000830A30EE020A704701460A69D1E9013019
:1034A0009860D1E9010358605068884201D188686A
:1034B0005060002008611068401E1060106870475E
:1034C0002DE9F041044614B90648006800E02046A2
:1034D00007463D6B2846FEF7BBFD06463046BDE875
:1034E000F0810000AC000020034B0360034B0B6035
:1034F0008023136070470000D806002034070020A6
:1035000000F1080141604FF0FF31816000F10801D6
:10351000C1600161002101607047002101617047B5
:1035200010B502460B685C1C0CB9106907E002F18B
:10353000080000E04068446824689C42FAD9446866
:103540004C604C68A160886041600A611468641C2A
:10355000146010BD42684A6093688B60936859603C
:103560009160086103685B1C0360704700BF5020D6
:1035700080F31188BFF34F8FBFF36F8F00BF0E48EA
:103580000068401C0C49086008460068012812D1F8
:103590000A480068C0B208B9012000E0002050B914
:1035A00000BF502080F31188BFF34F8FBFF36F8FA0
:1035B00000BF00BFFEE770470801002004ED00E0F7
:1035C0000D48006850B900BF502080F31188BFF348
:1035D0004F8FBFF36F8F00BF00BFFEE70648006844
:1035E000401E054908600846006820B9002080F3A5
:1035F000118800BF00BF70470801002070B5064663
:103600003546002E44D0083D2C46224960680968A2
:10361000084008B1012000E0002050B900BF502050
:1036200080F31188BFF34F8FBFF36F8F00BF00BFD0
:10363000FEE7206808B9012000E0002050B900BF73
:10364000502080F31188BFF34F8FBFF36F8F00BFFF
:1036500000BFFEE70F49606809680840C0B12068F4
:10366000B0B90C49606809688843606000F0B2F83E
:103670000949606809680844074908602046FEF760
:1036800099FC06480068401C0449086000F0E0FA14
:1036900070BD000004010020F400002000010020A3
:1036A00000204FF0E02108618861064800684FF46F
:1036B0007A71B0FBF1F0401E4FF0E0214861072025
:1036C00008617047A800002070B504460025D4B1F9
:1036D0001248006808B9012000E0002050B900BF7E
:1036E000502080F31188BFF34F8FBFF36F8F00BF5F
:1036F00000BFFEE700F06EF800212046FEF780FADA
:1037000000F0A6FA05463DB94FF080500449086024
:10371000BFF34F8FBFF36F8F70BD0000E400002038
:1037200004ED00E010B586B000200590049003AAD7
:1037300004A905A8FFF7D8FE0022DDE9041013460E
:10374000CDE9002102901CA11D48039A00F07EF9EA
:103750001C4908600846006808B1012400E0002404
:10376000012C15D100BF502080F31188BFF34F8F7B
:10377000BFF36F8F00BF4FF0FF3013490860012087
:103780001249086000201249086000F079F810E042
:10379000601C08B1012000E0002050B900BF50209B
:1037A00080F31188BFF34F8FBFF36F8F00BF00BF4F
:1037B000FEE706B010BD000049444C450000000083
:1037C000651E0108E0000020DC000020C800002089
:1037D000C000002002480068401C01490860704792
:1037E000E40000201D48006818B101201C49086051
:1037F00032E000201A4908601A480068B0FA80F0E8
:10380000C0F11F0101EB8100174A52F8200008B1F6
:10381000012000E0002050B900BF502080F3118843
:10382000BFF34F8FBFF36F8F00BF00BFFEE701EB09
:1038300081020D4B03EB820042685268426000F146
:1038400008024368934202D142685268426042686B
:10385000D268064B1A6000BF70470000E4000020E9
:10386000D0000020C4000020E4290020AC0000208B
:1038700000BFFEF743FF0220FFF726FFF9E7000035
:103880001CB5524800685249884201D0012000E02E
:10389000002050B900BF502080F31188BFF34F8F34
:1038A000BFF36F8F00BF00BFFEE74848006848497C
:1038B000491E884201D0012000E0002050B900BF1D
:1038C000502080F31188BFF34F8FBFF36F8F00BF7D
:1038D00000BFFEE73F49084600780190FF200A46F6
:1038E00010700846007800909DF8000000F0F0008D
:1038F0009DF80020904201D1012000E0002050B945
:1039000000BF502080F31188BFF34F8FBFF36F8F3C
:1039100000BF00BFFEE79DF8000000F050002E4AF7
:10392000107007202D4A106009E02C480068401EE6
:103930002A4A10609DF800004006000E00909DF895
:10394000000000F080008028EFD024480068C0F11B
:103950000700042801D1012000E0002050B900BF79
:10396000502080F31188BFF34F8FBFF36F8F00BFDC
:1039700000BFFEE7194800680002184A10601046B0
:10398000008800F4E0601060124A019810700F483F
:103990002030006840F470000C492031086008466F
:1039A000006840F070400860FFF77AFE00200C4984
:1039B0000860ECF781FC0B48006840F04040094982
:1039C0000860ECF765FC00201CBD000000ED00E085
:1039D00071C20F4100E400E00C0100201001002042
:1039E0000801002034EF00E02DE9FF4F85B080464C
:1039F00089461746DDE912ABB800FEF755FB0646CF
:103A000056B15C20FEF750FB04460CB1266304E07F
:103A10003046FFF7F3FD00E000248CB1002084F86D
:103A20005900CDE900ABCDE902403A46494640464F
:103A3000089BFEF72BFA2046FEF72EF9012501E040
:103A40004FF0FF35284609B0BDE8F08F2DE9F04F63
:103A500085B00746884691469A46DDE90EB6109C29
:103A60000EB1012000E0002050B900BF502080F3CB
:103A70001188BFF34F8FBFF36F8F00BF00BFFEE70A
:103A80000CB1012000E0002050B900BF502080F3AD
:103A90001188BFF34F8FBFF36F8F00BF00BFFEE7EA
:103AA0005C20039003985C2801D1012000E00020F5
:103AB00050B900BF502080F31188BFF34F8FBFF380
:103AC0006F8F00BF00BFFEE700BFB4B1AEB12546A7
:103AD0002C462E63022085F85900002004A9534685
:103AE0004A46CDE900B1CDE9025041463846FEF7DD
:103AF000CDF92846FEF7D0F801E0002004900498A4
:103B000005B0BDE8F08F00002DE9F0414FF000084E
:103B10004448006800287CD143480068451C42485E
:103B2000056015BB41480068006808B9012000E045
:103B3000002050B900BF502080F31188BFF34F8F91
:103B4000BFF36F8F00BF00BFFEE7384807683848F3
:103B50000068364908603648076036480068401CEF
:103B600034490860FEF75AFA00BF334800688542BE
:103B70003CD300BF2D480068006808B9012000E070
:103B8000002020B14FF0FF302B4908602DE027487E
:103B90000068C068C4686668B54202D226480660FC
:103BA00023E0201DFFF778FCA06A18B104F118008B
:103BB000FFF772FC94F82C10012088401F49096817
:103BC00008431E490860E16A01EB81011C4A02EBCF
:103BD0008100211DFFF7BEFC1A49E06A0968C96A25
:103BE0008842C7D34FF00108C4E700BF15480068FA
:103BF000C06A00EB8000124951F82000012801D969
:103C00004FF001081048006808B14FF0010805E0C6
:103C1000FFE70E480068401C0C4908604046BDE8BC
:103C2000F0810000E4000020C0000020B00000206F
:103C3000B4000020D4000020DC000020C4000020DC
:103C4000E4290020AC000020D0000020CC0000209F
:103C500070B5002400263648006850B900BF5020D7
:103C600080F31188BFF34F8FBFF36F8F00BF00BF8A
:103C7000FEE7FFF77BFC2E480068401E2C490860D9
:103C80000846006800284FD12A48006800284BD019
:103C900024E02948C068C46804F11800FFF7FCFB61
:103CA000201DFFF7F9FB94F82C10012088402349D0
:103CB0000968084321490860E16A01EB8101204A53
:103CC00002EB8100211DFFF745FC1E49E06A0968EF
:103CD000C96A884202D301201B490860164800685F
:103CE00008B9012000E000200028D2D00CB1FEF776
:103CF00095F91648056865B100BFFFF705FF10B1DB
:103D00000120114908606D1E002DF6D100200F49D9
:103D100008600D48006838B1012630070C4908607A
:103D2000BFF34F8FBFF36F8FFFF74AFC304670BD74
:103D3000E4000020BC000020982A0020C4000020DD
:103D4000E4290020AC000020D0000020CC0000209E
:103D500004ED00E01CB51048807890B10F4890ED5C
:103D6000070ABDEEC00A10EE100A00B200210B4691
:103D70000A46CDE9001040F2FF110948FFF704F8A8
:103D800009E0002000900346024640F2FF11019036
:103D90000348FEF7F9FF1CBD9806002058A7002035
:103DA0005C09002010B52DED048B6B48B0F90000C4
:103DB000A0F57A7000EE100AB8EEC00A674880EDF0
:103DC000000A674890ED000A6648D0ED1E0A30EE02
:103DD000600A654880ED000A604890ED000ADFED5A
:103DE000630AB4EEE00AF1EE10FA08DD90ED000A85
:103DF000DFED5F0A30EE600A80ED000A11E05748FF
:103E000090ED000ADFED5B0AB4EEE00AF1EE10FA85
:103E100007D290ED000ADFED560A30EE200A80ED61
:103E2000000A514890ED000ADFED530AB4EEE00AB3
:103E3000F1EE10FA08DD90ED000ADFED500A30EEE9
:103E4000600A80ED000A11E0474890ED000ADFEDBE
:103E50004C0AB4EEE00AF1EE10FA07D290ED000A37
:103E6000DFED460A30EE200A80ED000A3B4800688C
:103E700001F0BAFB41EC190BB0EE490AF0EE690A09
:103E8000FAF796F8B0EE408AF0EE608A9FED3D0BAF
:103E900053EC102B51EC180B00F047FF18D33248AD
:103EA000006801F0A1FB41EC190BB0EE490AF0EEFD
:103EB000690AFAF77DF8B0EE408AF0EE608A9FED6D
:103EC000330B53EC102B51EC180B00F02EFF03D2E8
:103ED00001202349488702E00020214948872048E3
:103EE000808F012818D11D4890ED000ADFED290AC6
:103EF000B4EEE00AF1EE10FA09DC1B4890ED000A7E
:103F0000DFED240AB4EEE00AF1EE10FA20DD4FF006
:103F1000FF30134988871BE01148B0F93C00401C72
:103F2000B0B90E4890ED000ADFED1B0AB4EEE00ACE
:103F3000F1EE10FA09D30C4890ED000ADFED160AF5
:103F4000B4EEE00AF1EE10FA02D2012004498887AB
:103F5000BDEC048B10BD0000E4A400208806002006
:103F600058A70020B8A200208C0600200000804541
:103F700000000046000080C5000034430000B44348
:103F8000000034C30000000000009040000000006A
:103F90000000444000002042000020C2DFED0D0A76
:103FA000B4EEE00AF1EE10FA06DDDFED0B0A70EE7A
:103FB000600AB0EE600A0CE0DFED080AB4EEE00A39
:103FC000F1EE10FA05D2DFED040A70EE200AB0EE31
:103FD000600A7047000034430000B443000034C35B
:103FE00081F00041704780F00040704721F00041AF
:103FF000704720F00040704721F00042A2F160526B
:10400000B2F5801F01F0004328BFD2F17E6C51D978
:10401000F1EE10CA1CF4400F14D15FEAC00C43EA61
:10402000C20202EB507008BF70475FEA4C0C40F1CF
:104030000000DFF880C241F0E18128BF20F00100DC
:1040400001F0DCB9C30001F0004343EAC20202EB15
:10405000507008BF70471B4248BF4FEA4C0C1CF41D
:10406000000F08BF401CDFF84CC201F0C7B9C30005
:1040700001F0004343EAC20202EB507204BF104653
:1040800070471B4248BF4FEA4C0C1CF4000FDFF88E
:1040900024C218BF104641F0B18108BF521C12F46F
:1040A000000F08BF104601F0A98121F0004201F085
:1040B000004330E050EA410C04BF084670475FEA15
:1040C000125CBCF1FE0F1ED1F1EE10CA1CF4400FC1
:1040D000CDD15FEAC00C9BD05FEA001C4FEAC20C56
:1040E0004CEB507C04BFC2002CEAD27C1CF4000FC5
:1040F00004BF4CEA0300DFF8BCC101F07F8121F06E
:104100000042A2F16052B2F5801F4FEA410C2ADB57
:104110001CF5001F16D2F1EE10CA1CF4806F06D0F9
:104120002CF0005C4CF0805CA1F140612AE04FF083
:104130007F40DFF884C143EA500001F05FB90846D0
:1041400001F00DBB70B500F031FD00BF000000B9FB
:1041500088000004FFF7F3BF21F0704243EA50707B
:1041600040EAC2007047F1EE10CA2CF0805C4CF0BF
:10417000005C1CF4006F25D04B00B3F5001F51D339
:1041800001F140611CF4400F40F07E800CF0405C77
:10419000C3004CF0880C11D05CF0404C10F0805FF4
:1041A0000CD0034610F1005041F10001020108BF9C
:1041B00020F00050834218BF2CF0004C00F060400B
:1041C00001F054BC1CF4400F1AD01B4248BF4FEA08
:1041D0004C0C1CF4000F13D112F1406248BF22F0C6
:1041E0007F424FEAC00CBCF1010F43EAC20242EB2E
:1041F00050704FF0880228BF42F0804201F0B4BAFC
:1042000012F1406248BF22F07F425FEAC00C43EAED
:10421000C20242EA50704FF0880218BF42F040429A
:1042200001F0A2BA01F0004321F00041094214D08C
:10423000B1FA81FCACF10B0CCCF1200201FA0CF1CB
:1042400020FA02F241EA02014FEA0C5200FA0CF0A5
:10425000A1EB020181EA03010FE0B0FA80F200FA5B
:1042600002F002F115024FEAD0214FEA0252A1EB0F
:1042700002014FEA405081EA0301F1EE10CA2CF02E
:10428000805C4CF0005C7BE762460CF0405CC30055
:104290004CF0880C92D05CF0404C094248BF520070
:1042A00012F4000F8AD110F1005041F100012CF0FE
:1042B000004C83D1880000408800001010B5DFF862
:1042C00040E211F5801C13F580141EEA4C0F18BF54
:1042D0001EEA440F00F0C88091EA030F48BF83F044
:1042E000004300F19486841A71EB030C05D2121975
:1042F00043EB0C03001B61EB0C014FEA1154A4EBE0
:10430000135C23EA6E0321EA045143F48013DCF1C9
:10431000200E53D322FA0CFE10EB0E0023FA0CFEF3
:1043200041EB0E01CCF1200E03FA0EFE10EB0E0055
:1043300051F10001B1F5801FCCF1200E53D201EBF9
:10434000045112FA0EF2BDE8104008BF7047F1EEBA
:1043500010CA1CF4400F1ED14FF0110C92F0000F48
:104360004CF0804C41F14A80401C38BF5FEA420269
:1043700041F04480002814BF20F0010041F1000109
:104380004FEA410313F5001F24BF4CF0805CA1F1FC
:10439000C04101F033B811F0004F54BF1CF4000FBE
:1043A0001CF4800F4FF0110C4CF0804C41F0268033
:1043B000401CC1F0238041F10001E1E7012A43EBF9
:1043C0000302ACF1200CDCF11F0E32BF4FF0000EE7
:1043D00023FA0CF310EB030041EB0451B4EB115F33
:1043E000AFD0A1EB045101F5801149085FEA30001C
:1043F00002FA0EF242EA420201EB04515FEA320293
:1044000013D0BDE81040F1EE10CA1CF4400F1AD1D1
:104410004FF0110C92F0000F4CF0804CB0D5401CC6
:1044200038BF5FEA4202ABD1A4E7BDE810404FEAD3
:10443000410313F5001F38BF7047DFF8C8C0A1F172
:10444000C04100F0DBBF11F0004F54BF1CF4000F5F
:104450001CF4800F4FF0110C4CF0804C90D1401C9C
:104460008ED341F100018BE74EF4001E3EEA410479
:1044700018BF3EEA430439D091EA030F48BF83F0E6
:10448000004300F1BF86841A71EB030C05D21219A8
:1044900043EB0C03001B61EB0C0152EA430E4FEAA5
:1044A0001154A4EB135C13D05FEA445E21EA04517B
:1044B0001CBF23F00043ACF1010C7FF428AFBDE832
:1044C00010404FF0110C801841EB030100F081BE49
:1044D0005FEA445EBDE8104018BF704750EA410CE7
:1044E00008BF70474FF0110C00F073BEBDE81040DC
:1044F00070B500F05BFB00BF64FBBE3E1100000422
:104500000000C0FF1100001011F4002F08BF4CF490
:10451000804C00F073870CF04F02482A41F0C281B2
:1045200000F06CBF491058BFC1F140415B1058BF4B
:10453000C3F140438B42EFF3008070472DE9C04147
:1045400030B4DFF864C33CEA111418BF3CEA13141A
:1045500000F04B8181EA03051CEA111444EAD5748A
:1045600018BF1CEA131500F01D81A4EB05044FF0E1
:10457000004545EAC12145EAC32341EA505143EAD7
:10458000525304F17F74994204F500344FEAC0207D
:104590004FEAC22208BF904200F0D0804FEA136574
:1045A0000FF20426765D4FEA134506FB05F7C7F1C7
:1045B000807706FB07F74FEAD737A7FB03687642F9
:1045C000C8F58038A7FB06CE38BFA8F1010807FB65
:1045D00008E64FF0000EA6FB028CE6FB03CEDCF1F2
:1045E000000CCEF1004E38BFAEF1010EA6FB0C5808
:1045F0004FF000074FF00005E6FB0E87A1FB08C651
:10460000A0FB07CE16EB0E0645F10005E1FB0765A2
:1046100015F1E04E7EBFA4F580345FEA46066D4199
:1046200016F18007F1EE10CA45F100054FEA172791
:1046300047EA05671CF4400F4FEA152536D14FEACB
:104640004666A6F15E46B6F1085F2FD9B4F1FE6F5B
:104650002CD8384624F0010C05EBC471BCF1FE6F78
:1046600001EB0C11DFF844C202D8F0BCBDE80041F8
:1046700040F2C48624425CBF01F5801E9EEAC47FDE
:1046800002D4F0BCBDE8004140F1B886244277D4A2
:10469000DFF81CC256EA080EA1F1C04118BF4CF069
:1046A000804CF0BCBDE8004100F0A8BE4FEAD22229
:1046B00042EA43524FEAD323A7FB02864FEAD020B7
:1046C00040EA415007FB03661EEA0E0F4FEAD12174
:1046D00005FB026658BFA6EB0056B6EB00564FEA44
:1046E000520E4EEAC37E18EB0E0E56EB530E05D556
:1046F00018EB02085E417F1C55F1000556EA080ED2
:1047000024D01CF4400FA4D014F0010F18BF4FEABE
:104710004C0C1CF4000F08D036429AD4B8EB0208B7
:104720009E417F1E75F1000593E7364291D518EB47
:1047300002085E417F1C55F100058AE74FF48015A1
:104740004FF000074FF000064FF0000824F0010C76
:10475000384605EBC471BCF1FE6F01EB0C1102D8B9
:10476000F0BCBDE800811CEA0C0F5CBF01F5801EA7
:104770009EEAC47F02D4F0BCBDE80081244287D504
:1047800056EA080C01F1C0411CBF06F0004C4CF089
:10479000804C4CF0005CF0BC4CF0140CBDE80041C7
:1047A00000F06EBD50EA410E0CEA13150BD052EA30
:1047B000430E13D000F07BFA641B86EA46062404FD
:1047C00044EAD674D3E652EA430E00F02680F0BCE9
:1047D00081EA030101F00041BDE80081F0BCBDE8C1
:1047E0000041DFF8D0C000F009BEF0BCBDE80041D8
:1047F00070B500F0DBF900BF097EFC3E1400000438
:1048000000F007B881EA03014FF0000001F0004119
:10481000704781EA030100F082BAF0BCBDE80041B4
:104820005FF828C000F0EABDFFFDFBF9F7F5F4F2F0
:10483000F0EEEDEBE9E8E6E4E3E1E0DEDDDBDAD83B
:10484000D7D5D4D3D1D0CFCDCCCBCAC8C7C6C5C499
:10485000C2C1C0BFBEBDBCBBBAB9B8B7B6B5B4B3B0
:10486000B2B1B0AFAEADACABAAA9A8A8A7A6A5A49B
:10487000A3A3A2A1A09F9F9E9D9C9C9B9A9999985F
:104880009797969595949393929191908F8F8E8E02
:104890008D8C8C8B8B8A898988888787868585848F
:1048A00084838382828181800000FF07140000409E
:1048B000140000101400000851EA030C11D41CF578
:1048C000801F00F10680994218BF704708BF9042D0
:1048D000704711F5801F58BF13F5801F18D49942F7
:1048E00070471CF5801F09D550EA410C0EBF52EAF3
:1048F000430C8B42704708BF824270474FF4001C44
:104900001CEB410F38BF1CEB430F01D28B427047A9
:1049100070B500F04BF900BF922449381900120419
:104920004FF000514FF08053FFF7FCBD10F00042F4
:1049300048BF4042B0FA80F310FA03F10AD0C3F145
:104940001D0303F580634FEA415002EB035202EB73
:10495000D12170474FF000007047B1FA81F201FA9F
:1049600002F1C2F11D024FEA415003EB025303EB87
:10497000D121704751EA030C11D41CF5801F00F1BE
:104980000680994218BF704708BF9042704711F5E2
:10499000801F58BF13F5801F18D4994270471CF52B
:1049A000801F09D550EA410C0EBF52EA430C8B42DE
:1049B000704708BF824270474FF4001C1CEB410F48
:1049C00038BF1CEB430F01D28B42704770B500F02B
:1049D000EDF800BF0000003F19001604FFF7A2BD6C
:1049E0004FF000514FF08053FFF79CBDDFF8B4C18A
:1049F00070B51CEA111E1EBF1CEA13159EEA0C0FAF
:104A000095EA0C0F00F0948081EA030421EA4C112E
:104A10004EEAD47E23EA4C13AE4441F4801143F4B1
:104A20008013A1FB024CA0FB0365AEF17F7E36191B
:104A300055EB0C05A1FB034C4CF10003A0FB021C41
:104A400016EB0C06654153F10003094218BF46F00E
:104A5000010613F4007F0BD14FEA03314FEA053012
:104A6000340341EA155140EA16506FF003020AE0A0
:104A70004FEAC3214FEAC520F40241EA555140EA0A
:104A800056506FF00202264602EB2E4201EB025511
:104A900085EACE7127D0F1EE10CA05461CF4400C11
:104AA00014D15FEA440C18BF24F0004450F1000018
:104AB00041F1000120EAD47040F2FD7C624517D23A
:104AC000BDE87040DFF8E0C000F098BC5FEACE744B
:104AD00054BF1CF4000F1CF4800F08BF10F101003C
:104AE00041F10001E8E740F2FE7C624504D270BD6E
:104AF00008BF11F4801FE3D0A84214BF4FF08044D8
:104B00004FF04044002E08BF0024BEF1806FD8BF94
:104B100001F1C041A8BFA1F1C04144F0130CA8BFEE
:104B20004CF0805CBDE8704040F3AA8300F066BCA6
:104B30009EEA0C0F0CEA131518BF95EA0C0F19D05A
:104B400091EA030F48BF4EF0010E50EA410418BF2E
:104B500052EA430409D000F0AAF8641986EA46062E
:104B60004FEA044E4EEAD67E5BE74FEACE714FF035
:104B7000000070BD00F01AF88900013E1300000427
:104B800000F005B800F007B852EA430C06D081EAFD
:104B9000030100F0C4B850EA410CF8D15FF824C01A
:104BA00000F02CBC0000FF07130000400EF1020EC5
:104BB0002EF0030E01285EF8086B41EB010414F59A
:104BC000001418BFB4F5801F23D3364208D4012A3D
:104BD00043EB030515F5001518BFB5F5801F18D375
:104BE00001EB010C1CF5801F16D2364204D403EBF6
:104BF000030C1CF5801F0FD2002C10D14FEAD17C82
:104C0000002D0CEB4C0C0CF1020C08BF4CEBD37CD0
:104C100007E04FF0090C04E04FF0080C01E04FEA08
:104C2000D37C0CEB4C0526FA05F606F00706B6F128
:104C3000040C06D20EEB860CBDE870404CF0010C63
:104C40006047DFE80CF0222413025EF804CC1B2D31
:104C500008D1002C88BFB4F5801F34BF4CF4804CC1
:104C60004CF4004CBDE8704000F0C8BB002C88BF7D
:104C7000B4F5001F24BF1946104670BD4FF0000068
:104C80004FF00041A1F5002170BD194610460128E2
:104C900051EB010418BFD4F5001484BF5EF804CCB6
:104CA0002CF0806CBDE8704000F28783704780B5BF
:104CB0004FF003065C004FEA03334FEA3606640DFB
:104CC0004FEA133318BF43F480131CD153EA125E2A
:104CD00004F1010402BF13460022203C1B4202BF24
:104CE000130B1205143CB3FA83FEAEF10B0ECEF19A
:104CF000200C03FA0EF322FA0CFC02FA0EF2A4EBDB
:104D00000E0443EA0C030FB416F0010F0CBC03BCF5
:104D100018BF2546CED180BD80B50126F3E708082F
:104D2000A0F500114FEA3101704753EA010C11D48C
:104D30001CF5801F00F106808B4218BF704708BF2A
:104D40008242704713F5801F58BF11F5801F18D499
:104D50008B4270471CF5801F09D552EA430C0EBFE9
:104D600050EA410C9942704708BF904270474FF497
:104D7000001C1CEB430F38BF1CEB410F01D29942C2
:104D800070470FB40CBC03BCFFF720BE10B5DFF8B2
:104D900048E011F5801C13F580141EEA4C0F18BF73
:104DA0001EEA440F09D091EA030F81F000413FF55C
:104DB0009AAA83F0004300F02AB981EA030180EA4D
:104DC000020083EA010382EA000281EA030180EA29
:104DD000020000F008BA00BF0000C0FF2DE9F0415A
:104DE00001F5801CBCF5001FC0F2DC804FEA115CAD
:104DF00021EA0C5141F480110CF1FD0C5FEA5C0CCE
:104E00000CF5C07C01D34000494135A4890241EA38
:104E1000905187028E0E0A0CA45D04FB04F602FB7F
:104E200006F6C6F14046A4FB0662F60D46EA4226A7
:104E300006FB06F4A4FB01235242C3F1404338BFF2
:104E40005B1EA6FB02420024E6FB0324D20B42EACF
:104E50004446A6FB0623A1FB02E2A3FB07E4E3FB17
:104E600061426442C2F1404E38BFAEF1010EA6FB72
:104E700004234FF00002E6FB0E32A2FB034634008F
:104E8000E2FB6264A1FB06E6A4FB07E8E4FB6168C1
:104E90007642C8F1405838BFA8F10108A2FB06E4E9
:104EA000A3FB08E5E2FB6854A1FB05E6A7FB04E8C9
:104EB000E1FB648618F12005F1EE104A56F1000678
:104EC000A809B10914F4400F40EA866028D1A8F17E
:104ED0001B0808F01F08B8F10A0F21D9BDE8F041FE
:104EE00001EB0C514FF0170C4CF0804C00F086BADF
:104EF000FCF5EEE8E2DDD8D3CFCBC7C3C0BDB9B671
:104F0000B4B1AEACA9A7A5A3A19F9D9B9A98969575
:104F10009392908F8D8C8B898887868584838281FC
:104F2000A0FB006800FB01F208EB4208B8EB872801
:104F300058EA060215D014F4400F16D118EA080FEB
:104F400007D5341858EB0104C8D5401C51F10001B5
:104F5000C4E7341A78EB0104C0D4401E71F100019B
:104F6000BCE701EB0C51BDE8F08114F4000F0CD14B
:104F700018EA080FB2D5361858EB0108401C51F159
:104F80000001361858EB0108F2E718EA080FA5D41B
:104F9000361A78EB0108401E71F10001361A78EBE1
:104FA0000108F2E75FEA4C0C5FEA9C5C14D10AD37B
:104FB00050EA013C01D1BDE8F08109420CD4FFF771
:104FC000ABFEA44618E7BDE8F04170B5FFF7EEFD73
:104FD0006DDBFFBE17000004BDE8F0415FF80CC0B8
:104FE00000F00CBA10B5DFF894E211F5801C13F54F
:104FF00080141EEA4C0F18BF1EEA440F00F0F38025
:1050000091EA030F48BF83F000433FF56CA9841A6F
:1050100071EB030C07D212198CF0004C43EB0C031C
:10502000001B61EB0C0152424FEA1154A4EB135CDC
:1050300023EAAE0321EA0451C3EBAE0338BF5B1E83
:10504000DCF1200E48D322FA0CFE10EB0E0043FADE
:105050000CFE41EB0E01CCF1200E03FA0EFE10EB1C
:105060000E0051F10001CCF1200E4CD412FA0EF2D8
:1050700001EB0451BDE8104008BF7047F1EE10CAC3
:105080001CF4400F14D14FF0120C92F0000F4CF0B2
:10509000804C40F1B381401C18BFB2F1004F40F08A
:1050A000AD8100280CBF491C20F0010000F0A6B91A
:1050B00011F0004F54BF1CF4000F1CF4800F4FF090
:1050C000120C4CF0804C40F09981401C40F09681CD
:1050D00041F1000100F092B912EB020E43EB030222
:1050E00018BF4FF0010E4EEA4202ACF1200CDCF189
:1050F0001E0E4BD943FA0CFE10EB0E0051F1FF319E
:10510000CCF11E0EB2D50EF1010E12FA0EFE404188
:1051100041EB010101EB445C5FEA5C5C06D95FEAAC
:105120000E0201EB0451BDE81040A5E73BD24FEA67
:10513000D42C11F5001124F400641AD0B1FA81F2D4
:105140000B3AA41AA41ED2F12003914030FA03F3C3
:105150001943904001EBCC71002C01EB0451BDE8E8
:105160001040A8BF704701F1C0414FF0120C00F091
:1051700087B8B0FA80F310FA03F101D1BDE810400E
:1051800019D0E41A173C4805C90AE3E701EB0451BA
:10519000BDE81040401E61F100015FF0FF326BE797
:1051A00001EB045110BD491001EB0451BDE8104062
:1051B0004FEA30000BE0F1EE10CA4FF000010CF4A2
:1051C000400CBCF5000F08BF4FF0004170474FF096
:1051D000120C4A0008BF0042EDD0B2F5001F28BFF4
:1051E000704700F0EAB84EF4001E3EEA410418BFD2
:1051F0003EEA430434D091EA030F48BF83F00043F2
:105200003FF541A9841A71EB030C07D212198CF0F7
:10521000004C43EB0C03001B61EB0C0152EA033E14
:105220004FEA1154A4EB135C14D05FEA445E21EA08
:10523000045109D023F000435242ACF1010CC3F1F8
:10524000000338BF5B1EFBE6BDE81040801A61EB2F
:105250000301BCE7BDE8104050EA410CB7D1AAE712
:10526000BDE8104070B5FFF7A1FC00BF40DFF63E7F
:105270001100000483F00041104670470000C0FF99
:10528000F1EE103A13F0807F1EBF01F000410020C4
:10529000704713F4006F40F0AA80094248BF4CF4F5
:1052A000803C4FF4C0634FEA115203F1010321EA3D
:1052B000025122F400629A1A48BF6FF0FE0241F4D4
:1052C0008011352A3CD830D0152A1ED3203A0CD96B
:1052D0000028C2F1200321FA02F001FA03F218BFFC
:1052E00042F001024FF0000130E0C2F1000302F190
:1052F000200201FA03F120FA02F241EA020100FA67
:1053000003F208464FF0000120E0C2F1200310B480
:1053100000FA03F401FA03F320FA02F021FA02F191
:10532000224610BC43EA000010E050EA01324FF080
:1053300000004FF000014FF0004218BF521C05E082
:105340004FF001024FF000014FF000001CF4803FCD
:105350002CF4803C18BF41F0004112421ED0F1EE07
:10536000103A13F4400F20D1520003D30CD0401C4C
:1053700041F10001F1EE103A4CF0804C43F008038B
:10538000E1EE103A00F03AB85FEAAC72EFD4F1D136
:10539000401C41F1000120F00100EBE71CF0804FC0
:1053A00008BF70472CF0004CE4E7094254BF13F4E7
:1053B000000F13F4800FDDD1D9E7F1EE103A13F0AE
:1053C000807F1EBF01F000410020704713F4006F82
:1053D00008BF70472DE9F050FFF79EFC04F5C0644C
:1053E000A4F10104314301EB0451BDE8F0504CF04D
:1053F000005C4CF0800C00F039BB00001CF0700F1A
:1054000008BF0A460FB4F1EE101A0CF0405030EA13
:10541000814318BF4CF0804C4FEA4C0310EA814F97
:105420004FEAD36323EA112318BF23F0100341EAA4
:10543000030101F0E073E1EE101A4CEA030C0CF0EA
:105440000F030A2B1DBF082B0CF070034CEAC30C92
:105450004FF4003304BF33EA0C034CF4400C1CF04F
:10546000005F14D11CF0805F0BD11CF0804F31D154
:105470001CF0006F12D111F4807F0FBC62D000F0DD
:10548000F5BA11F4806F0FBC2BD000F0EFBA11F415
:10549000006F0FBC08BF704700F0E8BA11F4007F3E
:1054A0000FBC40F0E3821CF0400F1EBF4FF00040E5
:1054B00040F0010070471CF0100F14BF81EA030296
:1054C00042400CF00F000A2808BF4FF0FF324FF0A7
:1054D000000326E011F4805F0FBC08BF704700F0A6
:1054E000C5BAF1EE103A2CF0805C1CF0800F14BFAE
:1054F00001F0004200F0004212420CBF12EA336F8A
:1055000012EAF35F0DD31CF0100F1DBF30A003C8CB
:105510001143314808BF104313F4805F40F0A68266
:1055200070471CF0100F02F000421DBF0FF29400F4
:1055300003C81143254808BF104313F4805F40F0AF
:10554000958270471CF0400F40F028801CF4404FBB
:105550001BD01CF4004F1CBF194610460CF480727F
:1055600018BF8CEA520C1CF0800F0CBF40F4800076
:1055700041F400218CEADC0313F0100F1CBF2CF067
:105580000F0C4CF0080C00F08DB91CF0100F1ABF76
:1055900012A393E80300134800F084B91CF0800FB5
:1055A00014BF01F0004200F000421CF0100F1BBFBE
:1055B0000AA393E803000B48114308BF104300F00F
:1055C00071B900BF000000000000F07F0000807F84
:1055D000FFFFFFFFFFFFEF7FFFFF7F7F0000000067
:1055E0000000F87F0000C07F43004FEAD30C4FEA71
:1055F0003C0C43401FBF40070CF1605113F0FE4FBD
:1056000070471CF0006F14D133F0004004BF1946FE
:10561000704783EA830383EA430303F0070343EA03
:10562000CC010CF0004303F15A5303F54013FFF78C
:1056300094B90CF0004343EA507010B540EACC0036
:1056400000F00FF8000000BA180000044FEA000153
:10565000FFF765BB4FEAE0024FEA407042F0E041DD
:1056600070470EF1020E2EF0030E4FEA40025EF874
:10567000084B12F1807218BFB2F5000F22D32442FA
:1056800007D44FEA410313F1807318BFB3F5000F3D
:1056900018D34FEA400C1CF5000F16D2244204D454
:1056A0004FEA410C1CF5000F0FD2002A10D14FEA2F
:1056B000D07C002B0CEB4C0C0CF1020C08BF4CEB1B
:1056C000D17C07E04FF0090C04E04FF0080C01E03A
:1056D0004FEAD17C0CEB4C0324FA03F404F00704EA
:1056E000B4F1040C06D20EEB840CBDE810404CF073
:1056F000010C6047DFE80CF01F2013025EF804CCB9
:105700001B2B08D1002A88BFB2F5000F34BF4CF420
:10571000804C4CF4004CBDE81040FFF76FBE002AEF
:1057200088BFB2F1807F28BF084610BD4FF000400F
:10573000A0F5800010BD0846420018BFD2F180726B
:1057400084BF5EF8042C22F08062BDE8104000F2B5
:105750008A8070474FF00000E1EE100A7047FF2189
:1057600041EAD050C0057047F1EE101A11F0807F69
:105770001CBF00F00040704711F4006F40F08E80B5
:1057800000F0004343EAD05323F48073C3F1C10314
:1057900023F00041172941D8C3F1200310FA03F187
:1057A000C3F1200320F07F4040F4000020FA03F012
:1057B00003F0004340EA030019D00B46F1EE101A43
:1057C00041F00801E1EE101A11F4400F1CD159000C
:1057D00009D318BF401C06D17FEAE27398BF401C72
:1057E00038BF20F0010042F0804CFFF707BE12F0F6
:1057F000804F08BF7047F1EE101A944641F008013F
:10580000E1EE101AFFF7FABD10F0004F14BF5FEA87
:10581000F1535FEA316338BF401CE4E7182903EB1A
:10582000912318BF6FF000410131F1EE101A41F0E1
:105830000801E1EE101A11F4400F18BF03F0004008
:10584000E2D168BF03F0004009D6400203F00040F7
:1058500000F1010004BF12F0004F20F001004FF0F2
:10586000804CFFF7CBBDF1EE101A11F0807F1CBF0A
:1058700000F00040704711F4006F08BF704700F05F
:10588000004120F00040B0FA80F3A3F1080341F09A
:10589000C04100FA03F0A1EBC351084442F0005CA0
:1058A00000F0E4B80CF00F03092B08BF082000F04B
:1058B000EF800A2B32D0082B18BF704708BF1CF0AE
:1058C000400F31D01CF4803F23D11CF0200F11D1A8
:1058D0001CF0100F0BBF02460A466FF000406FF03D
:1058E000004118BF4FF0FF3012F0004F1CBFC04303
:1058F000C94370471CF0100F0CBF02460A4612F055
:10590000004F4FF0FF304FF0FF311CBFC043C94381
:1059100070474FF000004FF0000170471CF0400F3F
:1059200018BF4FF0004070471CF0100F08D020F057
:10593000704300F07F4242EAD3014FEA4370704760
:1059400000F0604021F07F4242EA000201F07F4017
:1059500040EA7270704700004FF0FF0C4CF4E06CAE
:105960001CEA11531CBF9CEA030C9445C2BFDA42E7
:1059700001EB02517047002B39D0BCF1000F68D009
:10598000A1EB035112F5646F0EDDB2F5646FB8BF81
:10599000D218A2F500635B1C15DA002AC4BF41EAE5
:1059A0000251704712F5C062DFBF01F000410020D4
:1059B00041F0FE4141F47801C8BF41EA02514FF085
:1059C0001B0CFFF75DBCA2F5C062A2F500635B1C77
:1059D000B1BF41EA025101F00041002041F0FE4117
:1059E000A8BF41F47801DFF880C0FFF707BD50EA97
:1059F000013308BF70475FEA013C1BD0BCFA8CF34F
:105A000002B50CFA03FCC3F1140320FA03F14CEACB
:105A1000010CBDE80240C3F114034FEA4C0C00FA3C
:105A200003F001F0004141EA1C314FEA4000C3F1AC
:105A30000003A7E7B0FA80FC0CF1140300FA0CF0A5
:105A400041EAD021C3F100034FEA405021F4801114
:105A500098E750EA01334FF09B0C18BF4CF0806C74
:105A60007EF452AD704700BF9B0000102DE900503E
:105A70002DE90050EBF7A0FBBDE80050BDE8005059
:105A80000CF00F0393F0090F18BF7047AFF30080BD
:105A90001CF4801F24D01CF4E02F09D010F0080F54
:105AA00002D1D0F1020070476FEACC314900704753
:105AB0004FF0604111EA407028BF40F04050F1EED5
:105AC000103A23F0704343EA0003E1EE103AEFF39B
:105AD000008222F0704242EA000282F3008870479E
:105AE0001CEA004018BF012070470000046601084E
:105AF000650C010802000000000000000004000026
:105B00000000000000000000FC650108DDA10008A5
:105B1000020000000000000000040000000000007F
:105B200000000000D4650108C5260108020000003D
:105B30000000000000020000000000000000000063
:105B4000BC650108211901080100000000000000E7
:105B500000020000000000000000000010660108C4
:105B6000713801080100000000000000000400007E
:105B70000000000000000000F0650108219F0008FF
:105B80000100000000000000000200000000000012
:105B9000000000002C660108791F000801000000C9
:105BA00000000000000100000000000000000000F4
:105BB000E4650108EFA100080100000000000000FA
:105BC000000100000000000000000000C86501089E
:105BD0000930010800000000000000000002000081
:105BE00000000000000000001C660108FDA5000880
:105BF00001000000000000000004000000000000A0
:105C000000000000B0650108193201080100000021
:105C10000000000000020000000000000000000082
:105C2000000610160006101600000000000000001C
:105C30000102030406070809000000000102030432
:105C40000000803F00000000000000000000000095
:105C50000000000000000000000000000000803F85
:105C60000000000000000000000000000000000034
:105C700000000000000000000000803F0000000065
:105C80000000000000000000000000000000000014
:105C9000000000000000803F000000000000000045
:105CA00000000000000000000000000000000000F4
:105CB0000000803F00000000000000000000000025
:105CC0000000000000000000000000000000803F15
:105CD0000000803F00000000000000000000000005
:105CE0000000803F000000000000000000000000F5
:105CF0000000803F0000000000000000C3F51C41D0
:105D000064003200320032003200320032003200D1
:105D1000320032002C01000000000000920E493CCD
:105D2000B10AC93C2BC3163D2EFB483D752B7B3D6C
:105D300004A9963D80B6AF3D36BDC83D2FBCE13DC0
:105D400073B2FA3D87CF093E8340163EB5AB223E83
:105D5000A2102F3ECF6E3B3EC2C5473E0115543EBA
:105D6000135C603E7F9A6C3ECCCF783EC07D823E15
:105D7000938E883E229A8E3E32A0943E86A09A3E12
:105D8000E59AA03E128FA63ED47CAC3EEF63B23EB5
:105D90002A44B83E491DBE3E15EFC33E53B9C93E25
:105DA000CA7BCF3E4136D53E80E8DA3E4F92E03E98
:105DB0007533E63EBBCBEB3EEA5AF13ECBE0F63E16
:105DC000275DFC3EE4E7003F3D9C033F824B063FDE
:105DD0009BF5083F6B9A0B3FDA390E3FCDD3103F4E
:105DE0002A68133FD9F6153FC07F183FC6021B3FF4
:105DF000D17F1D3FCBF61F3F9967223F25D2243F1D
:105E00005636273F1594293F4AEB2B3FDE3B2E3F6A
:105E1000BB85303FC9C8323FF304353F233A373F93
:105E20004268393F3B8F3B3FF9AE3D3F67C73F3F3D
:105E300070D8413F01E2433F03E4453F65DE473F01
:105E400012D1493FF8BB4B3F029F4D3F207A4F3F55
:105E50003D4D513F4918533F31DB543FE595563F87
:105E60005348583F6AF2593F1A945B3F532D5D3FA8
:105E700005BE5E3F2146603F97C5613F5A3C633F88
:105E800059AA643F880F663FD86B673F3CBF683FA5
:105E9000A7096A3F0C4B6B3F5E836C3F93B26D3F2B
:105EA0009ED86E3F73F56F3F0809713F5213723FE2
:105EB0004714733FDD0B743F0BFA743FC6DE753F2A
:105EC00007BA763FC58B773FF853783F9812793FF2
:105ED0009DC7793F02737A3FBE147B3FCDAC7B3FB9
:105EE000283B7C3FC9BF7C3FAC3A7D3FCCAB7D3F7C
:105EF00023137E3FB0707E3F6DC47E3F580E7F3FC0
:105F00006D4E7F3FAB847F3F0FB17F3F97D37F3F85
:105F100043EC7F3F11FB7F3F0000803F11FB7F3F41
:105F200043EC7F3F97D37F3F0FB17F3FAB847F3FF1
:105F30006D4E7F3F580E7F3F6DC47E3FB0707E3FF9
:105F400023137E3FCCAB7D3FAC3A7D3FC9BF7C3F46
:105F5000283B7C3FCDAC7B3FBE147B3F02737A3F36
:105F60009DC7793F9812793FF853783FC58B773FAB
:105F700007BA763FC6DE753F0BFA743FDD0B743F00
:105F80004714733F5213723F0809713F73F56F3F17
:105F90009ED86E3F93B26D3F5E836C3F0C4B6B3F60
:105FA000A7096A3F3CBF683FD86B673F880F663FD1
:105FB00059AA643F5A3C633F97C5613F2146603F01
:105FC00005BE5E3F532D5D3F1A945B3F6AF2593F19
:105FD0005348583FE595563F31DB543F4918533FEE
:105FE0003D4D513F207A4F3F029F4D3FF8BB4B3F05
:105FF00012D1493F65DE473F03E4453F01E2433F9D
:1060000070D8413F67C73F3FF9AE3D3F3B8F3B3FB5
:106010004268393F233A373FF304353FC9C8323F1E
:10602000BB85303FDE3B2E3F4AEB2B3F1594293F8B
:106030005636273F25D2243F9967223FCBF61F3F94
:10604000D17F1D3FC6021B3FC07F183FD9F6153FC9
:106050002A68133FCDD3103FDA390E3F6B9A0B3FBE
:106060009BF5083F824B063F3D9C033FE4E7003F22
:10607000275DFC3ECBE0F63EEA5AF13EBBCBEB3E61
:106080007533E63E4F92E03E80E8DA3E4136D53E3B
:10609000CA7BCF3E53B9C93E15EFC33E491DBE3E34
:1060A0002A44B83EEF63B23ED47CAC3E128FA63E8B
:1060B000E59AA03E86A09A3E32A0943E229A8E3E59
:1060C000938E883EC07D823ECCCF783E7F9A6C3ED8
:1060D000135C603E0115543EC2C5473ECF6E3B3E49
:1060E000A2102F3EB5AB223E8340163E87CF093E1D
:1060F00073B2FA3D2FBCE13D36BDC83D80B6AF3D21
:1061000004A9963D752B7B3D2EFB483D2BC3163DC8
:10611000B10AC93C920E493C00000000920E49BCF5
:10612000B10AC9BC2BC316BD2EFB48BD752B7BBD68
:1061300004A996BD80B6AFBD36BDC8BD2FBCE1BDBC
:1061400073B2FABD87CF09BE834016BEB5AB22BE7F
:10615000A2102FBECF6E3BBEC2C547BE011554BEB6
:10616000135C60BE7F9A6CBECCCF78BEC07D82BE11
:10617000938E88BE229A8EBE32A094BE86A09ABE0E
:10618000E59AA0BE128FA6BED47CACBEEF63B2BEB1
:106190002A44B8BE491DBEBE15EFC3BE53B9C9BE21
:1061A000CA7BCFBE4136D5BE80E8DABE4F92E0BE94
:1061B0007533E6BEBBCBEBBEEA5AF1BECBE0F6BE12
:1061C000275DFCBEE4E700BF3D9C03BF824B06BFDA
:1061D0009BF508BF6B9A0BBFDA390EBFCDD310BF4A
:1061E0002A6813BFD9F615BFC07F18BFC6021BBFF0
:1061F000D17F1DBFCBF61FBF996722BF25D224BF19
:10620000563627BF159429BF4AEB2BBFDE3B2EBF66
:10621000BB8530BFC9C832BFF30435BF233A37BF8F
:10622000426839BF3B8F3BBFF9AE3DBF67C73FBF39
:1062300070D841BF01E243BF03E445BF65DE47BFFD
:1062400012D149BFF8BB4BBF029F4DBF207A4FBF51
:106250003D4D51BF491853BF31DB54BFE59556BF83
:10626000534858BF6AF259BF1A945BBF532D5DBFA4
:1062700005BE5EBF214660BF97C561BF5A3C63BF84
:1062800059AA64BF880F66BFD86B67BF3CBF68BFA1
:10629000A7096ABF0C4B6BBF5E836CBF93B26DBF27
:1062A0009ED86EBF73F56FBF080971BF521372BFDE
:1062B000471473BFDD0B74BF0BFA74BFC6DE75BF26
:1062C00007BA76BFC58B77BFF85378BF981279BFEE
:1062D0009DC779BF02737ABFBE147BBFCDAC7BBFB5
:1062E000283B7CBFC9BF7CBFAC3A7DBFCCAB7DBF78
:1062F00023137EBFB0707EBF6DC47EBF580E7FBFBC
:106300006D4E7FBFAB847FBF0FB17FBF97D37FBF81
:1063100043EC7FBF11FB7FBF000080BF11FB7FBF3D
:1063200043EC7FBF97D37FBF0FB17FBFAB847FBFED
:106330006D4E7FBF580E7FBF6DC47EBFB0707EBFF5
:1063400023137EBFCCAB7DBFAC3A7DBFC9BF7CBF42
:10635000283B7CBFCDAC7BBFBE147BBF02737ABF32
:106360009DC779BF981279BFF85378BFC58B77BFA7
:1063700007BA76BFC6DE75BF0BFA74BFDD0B74BFFC
:10638000471473BF521372BF080971BF73F56FBF13
:106390009ED86EBF93B26DBF5E836CBF0C4B6BBF5C
:1063A000A7096ABF3CBF68BFD86B67BF880F66BFCD
:1063B00059AA64BF5A3C63BF97C561BF214660BFFD
:1063C00005BE5EBF532D5DBF1A945BBF6AF259BF15
:1063D000534858BFE59556BF31DB54BF491853BFEA
:1063E0003D4D51BF207A4FBF029F4DBFF8BB4BBF01
:1063F00012D149BF65DE47BF03E445BF01E243BF99
:1064000070D841BF67C73FBFF9AE3DBF3B8F3BBFB1
:10641000426839BF233A37BFF30435BFC9C832BF1A
:10642000BB8530BFDE3B2EBF4AEB2BBF159429BF87
:10643000563627BF25D224BF996722BFCBF61FBF90
:10644000D17F1DBFC6021BBFC07F18BFD9F615BFC5
:106450002A6813BFCDD310BFDA390EBF6B9A0BBFBA
:106460009BF508BF824B06BF3D9C03BFE4E700BF1E
:10647000275DFCBECBE0F6BEEA5AF1BEBBCBEBBE5D
:106480007533E6BE4F92E0BE80E8DABE4136D5BE37
:10649000CA7BCFBE53B9C9BE15EFC3BE491DBEBE30
:1064A0002A44B8BEEF63B2BED47CACBE128FA6BE87
:1064B000E59AA0BE86A09ABE32A094BE229A8EBE55
:1064C000938E88BEC07D82BECCCF78BE7F9A6CBED4
:1064D000135C60BE011554BEC2C547BECF6E3BBE45
:1064E000A2102FBEB5AB22BE834016BE87CF09BE19
:1064F00073B2FABD2FBCE1BD36BDC8BD80B6AFBD1D
:1065000004A996BD752B7BBD2EFB48BD2BC316BDC4
:10651000B10AC9BC920E49BC000000800000000016
:10652000000000000000F03F000000000000F83F05
:1065300000000000000000000000004003B8E23F3F
:10654000000000000000000006D0CF43EBFD4C3EF1
:10655000033333333333E33FFFAB6FDBB66DDB3FE6
:106560004D268F515555D53F01411DA96074D13F2E
:1065700065DBC9934A86CD3FEF4E454A287ECA3F28
:106580003E5555555555C53F93BDBE166CC166BFAA
:106590002CDE25AF6A56113FF16BD2C541BDBBBEA3
:1065A000D0A4BE726937663E000000000000000003
:1065B000545249474745525441534B004D4F44456F
:1065C0005F5441534B00000053484F4F545F5441B8
:1065D000534B000063757272656E745F73656E6411
:1065E00000000000564F46415461736B00000000EC
:1065F000524546455245455461736B00494E5354CC
:1066000061736B0047494D42414C5F5461736B00AD
:10661000566973696F6E5461736B00005472616EDA
:10662000736D69745461736B000000006465746578
:1066300063745F7461736B0058660108000000208A
:10664000D8060000C4010008D0670108D806002061
:10665000282B0100200200080130136DB81B08B57B
:10666000041AC5041AF1041331B91B0839081A7D3C
:10667000041312011402020216408304405726023A
:1066800001020301071A040309041A03137D191BED
:106690000879041A35041AA1041AD504C132101954
:1066A0004721035D24F41AAA01C102180708081241
:1066B00050C347CDCCCC3D0409531C110B1AC84222
:1066C0001C01464B4040041159040B14803F1C2907
:1066D00018691C39080911347924091118A91409F9
:1066E0002A30290439847995C918A904092AC4696A
:1066F0001C094AC4A9A8E918E91CE9C46930E9D011
:106700006918691C0912E409169CA988A9040120CA
:10671000A990E980A984A970A9E0011A80093333FE
:10672000EB3A58A08B3A3201157D04017C100F0220
:1067300040AB034101055308065804070F16081023
:10674000810911160A15800B16450C18010D03243A
:10675000701703E4204202270114810182130A0604
:1067600032022A4034140902431302011DC03209C7
:1067700004451A020B130524161001052401100903
:1067800001042402020524061701070582030815E7
:106790001009040133020A2E0705010240072A816D
:1067A000071113F1B314085DB21408F1B542081AC9
:1067B000F50C13A7B11B081F08C11A75281A390454
:1067C0001AB5041A2D042D6666E63F040952E8C185
:040000050800018965
:00000001FF
