:020000040800F2
:1000000040FE00203103000819980008E16A00084A
:1000100015980008471A0008F907010800000000B9
:100020000000000000000000000000007102000855
:100030004925000800000000CD0200080DA90008B5
:100040004B0300084B0300084B0300084B03000858
:100050004B0300084B0300084B0300084B03000848
:100060004B0300084D260008572600084B030008E4
:100070007D2100084B0300084B0300084B030008D8
:100080004B0300084B0300084B0300085D1A0008EF
:100090004D1A00084B0300084B03000861260008B6
:1000A0004B0300084B0300084B0300084B030008F8
:1000B00009AA00084B0300084B0300084B03000883
:1000C0004B0300084B0300084B0300084B030008D8
:1000D0004B0300087DDF00084B0300084B030008BA
:1000E0004B0300084B0300084B0300084B030008B8
:1000F0004B0300084B0300084B0300084B030008A8
:100100004B0300084B0300084B0300084B03000897
:100110004B0300084B0300084B0300084B03000887
:100120008D2100089D210008AD210008BD21000897
:100130004B0300084B0300084B0300087D1A00081E
:100140004B0300086D1A00084B030008419C00088F
:100150004B030008CD210008DD210008A1E00008C4
:100160004B0300084B0300084B0300084B03000837
:100170004B0300084B0300084B030008000000007D
:100180004B0300084B03000800F002F800F060F891
:100190000AA090E8000C82448344AAF10107DA45E2
:1001A00001D100F055F8AFF2090EBAE80F0013F0D4
:1001B000010F18BFFB1A43F0010318470CA30100FD
:1001C0002CA301000A444FF0000C10F8013B13F07F
:1001D000070408BF10F8014B1D1108BF10F8015BA0
:1001E000641E05D010F8016B641E01F8016BF9D193
:1001F00013F0080F1EBF10F8014BAD1C0C1B09D1EA
:100200006D1E58BF01F801CBFAD505E014F8016B5B
:1002100001F8016B6D1EF9D59142D6D370470000ED
:100220000023002400250026103A28BF78C1FBD8FF
:10023000520728BF30C148BF0B6070471FB519F087
:1002400087F89DE8030000F099FF1FBD10B510BDB1
:1002500001F018F81146FFF7F1FF14F0CBFA01F0A6
:1002600036F803B4FFF7F2FF03BC01F06DF80000AD
:100270002C4B19680868B0E8F04F80F30988BFF389
:100280006F8F4FF0000080F311887047000000006E
:1002900008480068006880F308884FF0000080F389
:1002A000148862B661B6BFF34F8FBFF36F8F00DF64
:1002B00000BF00BF08ED00E0DFF80C00016841F46A
:1002C00070010160704700BF88ED00E0EFF3098026
:1002D000BFF36F8F134B1A681EF0100F08BF20ED8D
:1002E000108A20E9F04F106009B44FF0500080F3FD
:1002F0001188BFF34F8FBFF36F8F17F005F94FF0E1
:10030000000080F3118809BC19680868B0E8F04F54
:100310001EF0100F08BFB0EC108A80F30988BFF3FD
:100320006F8F7047AC000020EFF30580704700002E
:100330000948804709480047FEE7FEE7FEE7FEE779
:10034000FEE7FEE7FEE7FEE7FEE7FEE704480549B5
:10035000054A064B70470000F5A90008890100080E
:1003600040BE002040FE002040DE002040DE002095
:100370009FED1A1AF5EE000A40EE010ABDEEE00A02
:10038000F5EEC00A10EE100AF1EE10FA38BF401E6A
:1003900000EE100A1349F7EE001AB8EEC00A30EE6C
:1003A000C00ADFED0F0A20EE200AFCEEC00A10EEB4
:1003B000900AC0F3080000EE900A01EB8000F8EE0E
:1003C000600A90ED011A70EE600A90ED000A71EE7D
:1003D000E01A21EE800A00EE810A704783F9223E7E
:1003E00000000044E89A0108B5EEC00AF1EE10FAE8
:1003F00007D2DFED1E0AB4EEE00AF1EE10FAA8BF54
:100400007047DFED1B0AB5EEC00A60EE200ABDEEB4
:10041000E01A11EE100AF1EE10FA38BF401E00EE9D
:10042000100A1549F7EE001AB8EEC00A30EEC00AFD
:10043000DFED100A60EE200ABCEEE00A10EE100AB2
:10044000C0F3080000EE100A01EB8000B8EE400A8D
:1004500090ED011A70EEC00A90ED000A71EEE01AFC
:1004600021EE800A00EE810A70470000CD024CB4F4
:1004700083F9223E00000044E89A010870B4058820
:100480000E884468D1F804C05368B54208D140884A
:100490004988884201BF11888D425188884203D023
:1004A00070BC6FF00200704705FB00F1880827D090
:1004B00094ED001ADCED000A94ED010ADCED011A5E
:1004C00031EE201AD4ED020A70EE211A9CED020AD8
:1004D00083ED001AC3ED011A94ED031ADCED031A43
:1004E00030EE800A401E71EE210A83ED020A04F10B
:1004F0001004C3ED030A03F110030CF1100CD7D163
:1005000011F0030030D0B0F1004F30D200282BDDC5
:10051000211F1B1FACF1040210F0010F0AD091ED56
:10052000010AD2ED010A091D121D30EE200A83EDE9
:10053000010A1B1D400817D091ED010AD2ED010AF6
:10054000401E30EE200A83ED010A91ED020AD2ED41
:10055000020A01F1080102F1080230EE200A83EDDF
:10056000020A03F10803E7D170BC00207047B4EC25
:10057000010A401EFCEC010A30EE200AA3EC010A3D
:10058000F5D1F1E701804280436070472DE9F34FD8
:1005900084B0049840680090486801900498B0F8CE
:1005A00000E04588DFEDFE0A00200290B0EE600A10
:1005B000AE4506D108884988884204BF7146864501
:1005C00004D06FF0020006B0BDE8F08F01985FEA3A
:1005D000010C18BFB7EE001A3DD000BFBEEB0C01F6
:1005E00017D0B1F1004F80F01F82002911DD021FEA
:1005F00011F0010F1CBFC2ED010A121D4B1006D0F5
:10060000C2ED010AC2ED020A08325B1EF8D100EB0E
:100610008100BCF10102A0EC011A19D0B2F1004F27
:1006200080F00882002A13DD031F12F0010F1CBFA7
:10063000C3ED010A1B1D511008D000BFC3ED010A14
:10064000C3ED020A491E03F10803F7D100EB820053
:10065000BCF1010CC2D14FF000080395002D14BF6E
:10066000B0EE602A002000F0BF8100BF009908FBB7
:1006700005F001EB800B0199DBED002A01EB800016
:100680000346F0EE421AC64552D9AEEB0802ABEB78
:10069000850112F0010F17D001EB850191ED000AE1
:1006A000B5EEC00AF1EE10FA07DDB4EEE10AF1EEA4
:1006B00010FA09DDF0EE401A06E0B1EE400AF4EE61
:1006C000C01AF1EE10FAF5D3521031D001EB850CBF
:1006D0009CED000AB5EEC00AF1EE10FA05DDB4EEAD
:1006E000E10AF1EE10FA09DD06E0B1EE400AF4EE9F
:1006F000C01AF1EE10FA01D2F0EE401A01EBC5017A
:1007000091ED000AB5EEC00AF1EE10FA05DDB4EE87
:10071000E10AF1EE10FA09DD06E0B1EE400AF4EE6E
:10072000C01AF1EE10FA01D2F0EE401A521ECDD1ED
:10073000F5EEC01AF1EE10FA00F07381F5EEC02A62
:100740000126F1EE10FA0099D4BFB1EE620AB0EEC4
:10075000620AB4EE610AF1EE10FA1CBFAEEB0802B9
:10076000B2F1010C47D005FB08F201EB820292EDD9
:10077000001A00BFB0EE410A05FB06F4B5EEC00A50
:1007800000EB8404F1EE10FACCBFF0EE400AF1EE7B
:10079000400AF4EE610AF1EE10FA28D1B5EB080C2C
:1007A00011D0BCF1004F7DD2BCF1000F0BDD00BFBA
:1007B00092ED000AD1ED000ABCF1010CE2EC010A55
:1007C000A1EC010AF4D129000ED0B1F1004F6AD298
:1007D000002909DD94ED000AD0ED000A491EE4EC81
:1007E000010AA0EC010AF5D1012002900BE0761C71
:1007F000BCF1010CBED10298012804D0F5EEC02A4C
:10080000F1EE10FA7ED09BED000AB5EB08009A4697
:100810005946064622D0B0F1004F74D200281DDDA3
:10082000091F10F0010F06D0F0EE400A80EEA01A6A
:1008300081ED011A091D401010D000BFD1ED010A51
:10084000401E80EE801A81ED011A91ED021AC1EE70
:10085000000AC1ED020A01F10801EFD1280026D0FB
:10086000B0F1004F7ED2002821DDAAF1040110F082
:10087000010F06D0D1ED010A80EE801A81ED011A38
:10088000091D401013D000BFD1ED010A401E80EEBB
:10089000801A81ED011AD1ED020A80EE801A81EDF5
:1008A000021A01E0CBE0D6E001F10801ECD1DDE96C
:1008B00000124FF000095FEA0E0773D0C14504BF74
:1008C00001EB860102EB850274D091ED000ADC4653
:1008D0005046331E35D01C46B6F1004F7ED2002C58
:1008E0002FDD0B1FABF1040C16F0010F0FD0F0EE53
:1008F000400ADCED011AB0EE601A00EEE11A83ED59
:10090000011A01E08DE0B1E01B1D0CF1040C741024
:1009100015D000BFD3ED010A9CED011A40EE410A4B
:10092000C3ED010AD3ED020A9CED021A0CF1080C8A
:1009300040EE410AC3ED020A0833641EEAD101EB1E
:1009400086012B0036D0B3F1004F72D2002B31DD7F
:10095000A2F1040CAAF1040013F0010F0CD0DCED9D
:10096000010A00E08BE090ED011A001D40EE410A03
:10097000CCED010A0CF1040C5C1019D0DCED010A7D
:1009800090ED011A40EE410ACCED010ADCED020ABD
:1009900090ED021A083040EE410ACCED020A03E065
:1009A000000000000DE005E0641E0CF1080CE5D12C
:1009B00002EB830201EB88017F1E09F101097FF43C
:1009C0007DAF009808F10108001D00900398401EBB
:1009D00003907FF44BAE0299012900E058E004BF78
:1009E00006B0BDE8F08F00BFB5EEC00AF1EE10FA18
:1009F0007FF4E9AD04990EFB05F3002B4A684FF034
:100A000000010BD902EB810C9CED000AB5EEC00A87
:100A1000F1EE10FA02D1491C8B42F3D88B427FF4DD
:100A2000D2AD6FF00400CEE5E0EC010A491EFBD127
:100A3000EFE538E0E0EC010A521EFBD108E692ED4A
:100A4000000AD1ED000ABCF1010CE2EC010AA1ECB4
:100A5000010AF4D1B7E694ED000AD0ED000A491E70
:100A6000E4EC010AA0EC010AF5D1BDE6D1ED000AE3
:100A7000401E80EE801AA1EC011AF7D1EEE6D3ED0C
:100A8000000A401E80EE801AA3EC011AF7D10EE78F
:100A9000BCEC011AD1ED000A5B1E40EE410AE1EC0C
:100AA000010AF5D14DE7B0EC011AD2ED000A5B1E48
:100AB00040EE410AE2EC010AF5D17BE72DE9F04F67
:100AC00082B0466853680193058847884B880020A8
:100AD00000900888874201BFB2F800C0654552887F
:100AE00093421EBF6FF0020002B0BDE8F08F9FED91
:100AF000412A4FEA970EC7F3400B00BFDDE9000221
:100B000002EB800A4A6898464FF00009B0EE420AAC
:100B1000B4465FEA0E0025D092ED001ADCED001A13
:100B200002EB8302DCED010A01EE810A92ED001A6C
:100B300002EB8302401ED2ED001A02EB830200EEAC
:100B4000810A9CED021ADCED030A00040CF1100C82
:100B5000000C01EE210A92ED001A02EB830200EE76
:100B6000810AD9D117F0030026D0ACF10404A2EB1E
:100B7000830210F0010F08D002EB8302D4ED010ACA
:100B800092ED001A241D00EE810A5FEA0B0013D0DB
:100B900002EB830CD4ED010A9CED001A02EBC302B8
:100BA000401E00EE810AD4ED020A92ED001A04F113
:100BB000080400EE810AEBD109F10100AAEC010A58
:100BC0001FFA80F9486800EB8902A8F101001FFABA
:100BD00080F8B8F1000F99D1009806EB8706184409
:100BE00080B20090681E05042D0C87D102B0002051
:100BF000BDE8F08F0000000070B405880E884468DE
:100C0000D1F804C05368B54208D140884988884269
:100C100001BF11888D425188884203D070BC6FF0AB
:100C20000200704705FB00F1880827D094ED001AF8
:100C3000DCED000A94ED010ADCED011A31EE601AD8
:100C4000D4ED020A70EE611A9CED020A83ED001ADF
:100C5000C3ED011A94ED031ADCED031A30EEC00A5D
:100C6000401E71EE610A83ED020A04F11004C3ED27
:100C7000030A03F110030CF1100CD7D111F003009B
:100C800030D0B0F1004F30D200282BDD211F1B1FC8
:100C9000ACF1040210F0010F0AD091ED010AD2ED7F
:100CA000010A091D121D30EE600A83ED010A1B1DA9
:100CB000400817D091ED010AD2ED010A401E30EE36
:100CC000600A83ED010A91ED020AD2ED020A01F1F8
:100CD000080102F1080230EE600A83ED020A03F116
:100CE0000803E7D170BC00207047B4EC010A401E35
:100CF000FCEC010A30EE600AA3EC010AF5D1F1E741
:100D00002DE9F04F02884768B0F802804888D1F892
:100D1000049082B04FF0000A1646824207BF09884D
:100D200088456FF0020002B018BFBDE8F08F4FEAAF
:100D3000980B02EB42000190C8F34000CDF8000090
:100D400009EB8A01BBF1000F33D0019801EB820C53
:100D500001EB80043B46E64601EBC2054FEA0B007F
:100D600093ED000A401E81ED000A93ED010A01EBAC
:100D700002118CED000A93ED020A0CEB021C85EDCA
:100D8000000A93ED030A05EB021584ED000A04EB5B
:100D9000021403F11003E3D10EEB820000EB82009A
:100DA00000EB8201ABF10100504307EB0B1701EBA5
:100DB000001118F0030C21D03B1FA1EB82011CF0A5
:100DC000010F06D093ED010A01EB82011B1D81ED9D
:100DD000000A009880B100BF93ED010A01EB820484
:100DE00001EBC20184ED000A93ED020A401E81ED81
:100DF000000A03F10803EFD107EB8C070AF10100A9
:100E00001FFA80FA701E0604360C99D102B0002039
:100E1000BDE8F08F70B5064600F094F9056806F15C
:100E20000B0020F00704B4429CBF002070BD2B468D
:100E30006A68BAB11068A04210D304F10801884270
:100E40003CBF5068586007D3516810194160116861
:100E5000091B016058601460101D70BD1346526874
:100E6000002AE7D12146284600F074F90028DED197
:100E700070BD70B50446051F00F064F90068002CD1
:100E800014BF446870BD002C18BFAC423CBF204664
:100E90006468F8D301680A18AA4218BF456003D1F4
:100EA0002A6805461144016028684119A1421CBF07
:100EB0006C6070BD6168696021680844286070BD1D
:100EC00053EA020C00F069802DE9F04B4FF0000668
:100ED000002B1FBFB3FA83F503FA05F424FA05F6D5
:100EE0005E4012BF1643B2FA82F502FA05F4C5F16C
:100EF00020051EBF22FA05FC44EA0C04203556EA00
:100F0000044C4FEA144418BF641C4FF000084FF023
:100F10000009904271EB030C39D3002919BFB1FAD3
:100F200081F701FA07F6B0FA80F700FA07F6C7F181
:100F300020071EBF20FA07FC46EA0C062037B6FB46
:100F4000F4FCA7EB0507103F07F01F0BCBF12006C1
:100F50000CFA0BFB2CFA06F644BFB3460026202FF2
:100F6000A4BF5E464FF0000B5BEA060C08BF4FF0D3
:100F7000010B19EB0B09ABFB027C48EB0608C01B0D
:100F800006FB02CC0BFB03CC71EB0C01C1E70B465B
:100F9000024641464846BDE8F08B13B54FF00000CD
:100FA0004FF00001AFF30080BDE81C407047032AFA
:100FB00040F2308010F0030C00F0158011F8013B76
:100FC000BCF1020F624498BF11F801CB00F8013B5D
:100FD00038BF11F8013BA2F1040298BF00F801CB21
:100FE00038BF00F8013B11F0030300F02580083AF8
:100FF000C0F0088051F8043B083A51F804CBA0E84F
:101000000810F5E7121D5CBF51F8043B40F8043BA3
:10101000AFF30080D20724BF11F8013B11F801CBD8
:1010200048BF11F8012B24BF00F8013B00F801CBA9
:1010300048BF00F8012B704710B5203AC0F00B8074
:10104000B1E81850203AA0E81850B1E81850A0E8CC
:101050001850BFF4F5AF5FEA027C24BFB1E8185026
:10106000A0E8185044BF18C918C0BDE810405FEA96
:10107000827C24BF51F8043B40F8043B08BF704712
:10108000D20728BF31F8023B48BF11F8012B28BF17
:1010900020F8023B48BF00F8012B704702F0FF0325
:1010A00043EA032242EA024200F002B84FF0000293
:1010B0000429C0F0128010F0030C00F01B80CCF16A
:1010C000040CBCF1020F18BF00F8012BA8BF20F8D8
:1010D000022BA1EB0C0100F00DB85FEAC17C24BF2C
:1010E00000F8012B00F8012B48BF00F8012B7047D6
:1010F0004FF0000200B5134694469646203922BFB1
:10110000A0E80C50A0E80C50B1F12001BFF4F7AFFB
:10111000090728BFA0E80C5048BF0CC05DF804EBDD
:10112000890028BF40F8042B08BF704748BF20F84B
:10113000022B11F0804F18BF00F8012B7047704749
:101140007047704700487047E8BD002070477047FF
:101150007047704738B504460A4600206946AFF329
:101160000080002808BF38BD02460099204600F0E4
:101170004FF8012038BD012000F07CB8F8B5AFF37E
:101180000080054600200C46102000BF0646A81926
:10119000A0420DD9324669460020AFF30080070017
:1011A00008BF00F067F80098A04218BF0546C419B0
:1011B000FFF7C8FF05600746F01D20F0070046193D
:1011C000284600F00AF8B44208BFF8BDA21B314619
:1011D0003868BDE8F84000F01BB800210160C0E9A4
:1011E000011070471020704710B500F00DF800682E
:1011F00010BD10B5044600F007F8046010BD0000F3
:1012000000487047E0BD002000487047E0BD002066
:10121000034640688C46002818BF88423CBF0346FE
:101220004068F8D318681844884207D00CF10300CE
:1012300020F00700001D411A521A0146081D0A60DD
:10124000FFF717BE1FB584B000200A9C06AB04AAA6
:1012500002A90094AFF3008018B1DDE9020108B0E3
:1012600010BD0348204000F040F800200146F6E79A
:101270000000207C10B500F03FF8BDE8104000F001
:101280002FB870477546FFF7BBFFAE4605006946AD
:10129000534620F00700854618B020B5FFF756F8F2
:1012A000BDE820404FF000064FF000074FF0000867
:1012B0004FF0000B21F00701AC46ACE8C009ACE8E8
:1012C000C009ACE8C009ACE8C0098D46704710B54C
:1012D0000446AFF300802046BDE81040FEF7C1BFD2
:1012E000002801D000F030B8704710B500F04CF87D
:1012F000BDE81040FFF7F4BF10B5012805D000216C
:1013000003A000F027F8012010BD09A1F8E70000B4
:1013100053494752544D454D3A204F7574206F66DE
:101320002068656170206D656D6F72790000000046
:101330003A2048656170206D656D6F727920636F2A
:10134000727275707465640001491820ABBEFEE7C7
:101350002600020070B505460C460A2000E06D1C10
:1013600000F068F835B128780028F8D102E0641C54
:1013700000F060F814B120780028F8D1BDE8704082
:101380000A2000F057B8000010B5022803D0410130
:1013900003D50DA112E0002010BD010101D50FA160
:1013A0000CE0C10001D511A108E0810001D512A116
:1013B00004E0400001D513A100E0002115A0FFF7D3
:1013C000C9FF012010BD0000496E76616C69642080
:1013D0004F7065726174696F6E00000044697669D0
:1013E0006465204279205A65726F00004F766572FD
:1013F000666C6F7700000000556E646572666C6FF6
:1014000077000000496E65786163742052657375DA
:101410006C7400005349474650453A204172697444
:10142000686D6574696320657863657074696F6E53
:101430003A20000008B569468DF800000320ABBED5
:1014400008BD2DE9F04F09AC94E8F010DDE90E89F4
:101450004FF0000A05E011F80AB000F80AB00AF1EE
:10146000010ABAF1030F04DA11F80AB0BBF1000F58
:10147000F1D190F803B062F3020B80F803B090F85A
:1014800003B02BF0380B0BF1200B80F803B0B0F851
:1014900003B063F3891BA0F803B090F804B064F3C1
:1014A000850B80F804B0B0F804B066F38E1BA0F88A
:1014B00004B0B0F805B067F3CF1BA0F805B0B0F8E2
:1014C00007B065F3090BA0F807B0B0F808B06CF3EB
:1014D0008C0BA0F808B0B0F809B068F34F1BA0F867
:1014E00009B0B0F80BB06FF3090BA0F80BB0B0F86F
:1014F0000CB069F38C0BA0F80CB0B0F80DE0DDF87F
:1015000040B06BF34F1EA0F80DE0BDE8F08F000077
:1015100010B501221021024802F0FCFB10BD0000B2
:101520000000024010B500221021024802F0F2FB38
:1015300010BD00000000024010B501221146024813
:1015400002F0E8FB10BD00000004024010B50022CC
:101550000121024802F0DEFB10BD00000004024041
:1015600010B50446FFF7DEFF922000F0A3F9062233
:101570009549122000F07EF9FFF7CAFF92484078A3
:10158000000200B290490978084390490880084653
:10159000B0F9000000EE100AB8EEC00A8C48D0ED99
:1015A000000A20EE200AD4ED080A20EE200A84ED7D
:1015B000000A8548C078000200B283498978084350
:1015C000824908800846B0F9000000EE100AB8EE23
:1015D000C00A7F48D0ED000A20EE200AD4ED080AA8
:1015E00020EE200A84ED010A77484079000200B21B
:1015F000754909790843754908800846B0F9000023
:1016000000EE100AB8EEC00A7148D0ED000A20EED4
:10161000200AD4ED080A20EE200A84ED020AFFF722
:1016200095FF08226849002000F024F9FFF784FFA5
:10163000654800780F284FD166480078F0B36248BB
:10164000C078000200B26049897808435F49088089
:1016500094ED090A0846B0F9000000EE900AF8EE91
:10166000E00A5D4890ED001A10EE810A84ED030A4D
:1016700055484079000200B253490979084353495B
:10168000088094ED0A0A0846B0F9000000EE900ABE
:10169000F8EEE00A504890ED001A10EE810A84ED51
:1016A000040A4948C079000200B2474989790843D1
:1016B0004649088094ED0B0A084600E00DE0B0F9B9
:1016C000000000EE900AF8EEE00A434890ED001AA0
:1016D00010EE810A84ED050A44E03B48C078000220
:1016E00000B2394989780843384908800846B0F97A
:1016F000000000EE100AB8EEC00A3748D0ED000A2C
:1017000020EE200A84ED030A2F484079000200B23F
:101710002D49097908432D4908800846B0F9000091
:1017200000EE100AB8EEC00A2B48D0ED000A20EEF9
:10173000200A84ED040A2448C079000200B222493C
:1017400089790843214908800846B0F9000000EE75
:10175000100AB8EEC00A2048D0ED000A20EE200A98
:1017600084ED050AFFF7DEFEA22000F0A3F80222B6
:101770001549222000F07EF8FFF7CAFE12480078D3
:10178000C0001149497840EA6110104908800846B4
:10179000B0F90000B0F5806F05DB08460088A0F5C1
:1017A000006000B208800948B0F9000000EE100A9D
:1017B000F8EEC00AB4EE001AB3EE070A00EE810A92
:1017C00084ED070A10BD0000B2040020BA04002016
:1017D00074040020840400207804002070B50446BE
:1017E0000D461C48046000201B49087010F0CEF91B
:1017F0001949097808431849087010F07DFA16490C
:1018000009780843144908701DB1144800F0ACF978
:101810001CE09FED130A114880ED090A9FED110AA3
:1018200080ED0A0A9FED0F0A80ED0B0A9FED0E0A6C
:1018300080ED0C0A90ED0C0ADFED0C0A80EE801AA8
:1018400080ED081A9FED0A0A80ED060A024800782A
:1018500070BD0000BC0400207E04002094A0002085
:10186000AC38223BB016CE393F161B41C3F51C41A4
:101870000000204270B506460C46154646F0800032
:1018800000F018F806E0552000F014F82070641CF1
:10189000681EC5B2002DF6D170BD70B504460D4668
:1018A00044F0800000F006F8552000F003F828709E
:1018B00070BD000001B582B04FF47A70012301AA17
:1018C00002A900900348006804F03CF89DF8040069
:1018D0000EBD0000BC04002070B505460C4628462D
:1018E000FFF7E8FF2046FFF7E5FF70BDD2ED020AE3
:1018F00092ED021AB6EE000A00EEC10AD2ED030A1A
:1019000092ED031A00EEC10AD0ED000A20EE200A83
:10191000D2ED010A92ED021A60EE810A92ED001AF0
:10192000D2ED031A41EE610A90ED011A00EE810A30
:10193000D2ED010A92ED031A60EE810A92ED001ACF
:10194000D2ED021A41EE210A90ED021A00EE810A50
:10195000F0EE000A20EE200A81ED000A92ED010A65
:10196000D2ED020A20EE200AD2ED000A92ED031A0F
:1019700000EE810AD0ED000A60EE200A92ED011A15
:10198000D2ED011AB6EE000A01EE610AD2ED031A99
:1019900092ED032AB0EE401A01EEC21AD0ED011A00
:1019A000B0EE600A01EE210AD2ED020A92ED031AAE
:1019B00060EE810A92ED001AD2ED011A41EE610A41
:1019C00090ED021A00EE810AF0EE000A20EE200AE5
:1019D00081ED010A92ED010AD2ED030A20EE200A00
:1019E000D2ED000A92ED021A00EEC10AD0ED000A13
:1019F00020EE200AD2ED020A92ED031A60EE810A6F
:101A000092ED001AD2ED011A41EE210A90ED011A71
:101A100000EE810A92ED011AD2ED011AF6EE000AEB
:101A200041EE610A92ED021AD2ED021A41EE610A0C
:101A300090ED021A00EE810AF0EE000A20EE200A74
:101A400081ED020A704700BFFEE7000010B50248B2
:101A500001F0DDF910BD00002C0B002010B502488C
:101A600001F0D5F910BD00002C0B002010B5024884
:101A700001F0CDF910BD0000540B002010B5024854
:101A800001F0C5F910BD0000540B00200346042BE3
:101A900015D007DC7BB1012B0ED0022B0DD0032B10
:101AA00012D10BE0202B0BD0212B0AD0222B09D0F6
:101AB000232B09D107E008E007E006E005E004E099
:101AC00003E002E001E000E000BF00BF002070473B
:101AD0000020704710B50022044905480CF066FE4E
:101AE000044903480CF054FE002010BD942300204C
:101AF000B40F0020941B002070B504460D4621460B
:101B000006480CF045FE05480CF012FE044A20463B
:101B1000296812F0D5FE002070BD0000B40F00202F
:101B200098B5002010B503460C460021084610BDAC
:101B30002DE9F04104460D4600260A48D0F8BC7253
:101B4000D7F8140210B10120BDE8F0812A462146E1
:101B500004480CF02BFE03480CF0C0FE064630464D
:101B6000F2E70000B40F002070B52DED048B88B0B3
:101B7000044600200690079000F01AFCFE4880ED15
:101B8000000A00BF00F014FCFB48D0ED000A30EE64
:101B9000600AF2EE040AB4EEE00AF1EE10FA14DD87
:101BA0009FEDF60A84ED090A9FEDF50A84ED0A0A15
:101BB0009FEDF30A84ED0B0A9FEDF20A84ED0C0A07
:101BC0009FEDF10A84ED060A55E29FEDF00A00F060
:101BD000ABFB9FEDEF0A84ED0C0A9FEDED0A84ED5F
:101BE000090A9FEDEB0A84ED0A0A9FEDE90A84EDEC
:101BF0000B0A002673E1FFF795FC9220FFF75AFECF
:101C0000062206A91220FFF735FEFFF781FC9DF89A
:101C10001900000200B29DF8181040EA010500EE1C
:101C2000105AB8EEC00ADB48D0ED000A20EE200AB8
:101C300084ED000A9DF81B00000200B29DF81A1006
:101C400040EA010500EE105AB8EEC00AD148D0EDC6
:101C5000000A20EE200A84ED010A9DF81D00000212
:101C600000B29DF81C1040EA010500EE105AB8EED3
:101C7000C00AC848D0ED000A20EE200A84ED020A0E
:101C8000D4ED000A60EEA00A94ED011AD4ED011A19
:101C900041EE210A94ED021AD4ED021A41EE210A16
:101CA000B0EE600A0FF029FAB0EE408A94ED0C0A0B
:101CB00030EE080A84ED0C0AFFF748FC082206A95A
:101CC0000020FFF7D7FDFFF737FC9DF818000F281D
:101CD00050D19DF81B00000200B29DF81A1040EA96
:101CE000010500EE105AB8EEC00AAB48D0ED000A6C
:101CF00020EE200A84ED030A94ED090AD4ED030ACC
:101D000030EE200A84ED090A9DF81D00000200B2A1
:101D10009DF81C1040EA010500EE105AB8EEC00A0A
:101D20009D48D0ED000A20EE200A84ED040A94EDCF
:101D30000A0AD4ED040A30EE200A84ED0A0A9DF85E
:101D40001F00000200B29DF81E1040EA010500EEDF
:101D5000105AB8EEC00A9048D0ED000A20EE200AD2
:101D600084ED050A94ED0B0AD4ED050A30EE200A45
:101D700084ED0B0A06BBF0EE488AB0EE489A0020CC
:101D800017E004F10C0101EB800191ED000A03A9B9
:101D900001EB800181ED000A04F10C0101EB8001EF
:101DA00091ED000A694601EB800181ED000A411CBA
:101DB000C8B20328E5DB49E0B4EEE88AF1EE10FA98
:101DC00001DDF0EE488AB4EEC98AF1EE10FA01D2D4
:101DD000B0EE489A002037E004F10C0101EB8001DD
:101DE00091ED000A03A901EB8001D1ED000AB4EEE8
:101DF000E00AF1EE10FA0ADD04F10C0101EB8001BA
:101E000091ED000A03A901EB800181ED000A04F1C4
:101E10000C0101EB800191ED000A694601EB8001A4
:101E2000D1ED000AB4EEE00AF1EE10FA0AD204F1A4
:101E30000C0101EB800191ED000A694601EB800184
:101E400081ED000A411CC8B20328C5DB38EEC90A7F
:101E5000524880ED000A002012E003A901EB800146
:101E600091ED000A694601EB8001D1ED000A30EEE8
:101E7000600A4B4901EB800181ED000A411CC8B2A8
:101E80000328EADB454890ED000AF6EE000AB4EEBE
:101E9000E00AF1EE10FA1BDC414890ED000ADFED9C
:101EA000410AB4EEE00AF1EE10FA11DC90ED010AFD
:101EB000DFED3C0AB4EEE00AF1EE10FA08DC90ED3A
:101EC000020ADFED380AB4EEE00AF1EE10FA00DDA6
:101ED0000AE09FED350A00F027FA701C86B23348FD
:101EE00000888642FFF687AE00BFD4ED0C0A2F486B
:101EF000008800EE100AB8EE400A80EE801A84EDE9
:101F00000C1A002015E004F1240101EB8001D1ED51
:101F1000000A2649098800EE101AB8EE400A80EE41
:101F2000801A04F1240101EB800181ED001A411CAB
:101F3000C8B20328E7DBFFF7F5FAA220FFF7BAFCE7
:101F4000022206A92220FFF795FCFFF7E1FA9DF88F
:101F50001800C0009DF8191040EA6115B5F5806FB2
:101F600002DBA5F5006005B200EE105AF8EEC00ADB
:101F7000B4EE001A1CE00000AC040020AC38223B98
:101F8000B016CE393F161B41000020420AD7A33BB2
:101F90000000000074040020780400208004002069
:101FA00088A000209A99193E6F12033AB0040020CD
:101FB000B3EE070A00EE810A84ED060A3448008871
:101FC000401C00B232490880324890ED000AF6EE1B
:101FD000000AB4EEE00AF1EE10FA3FF7D3AD94ED4B
:101FE0000C0ADFED2D0A30EE600AB0EEC00AF6EE04
:101FF000000AB4EEE00AF1EE10FAEEDC274890EDAC
:10200000000A5FED180AB4EEE00AF1EE10FAE4DC23
:1020100090ED010A5FED1D0AB4EEE00AF1EE10FA50
:10202000DBDC90ED020A5FED210AB4EEE00AF1EE8E
:1020300010FAD2DC94ED090AB0EEC00ADFED180AFE
:10204000B4EEE00AF1EE10FAC7DC94ED0A0AB0EE45
:10205000C00ADFED130AB4EEE00AF1EE10FABCDCC0
:1020600094ED0B0AB0EEC00ADFED0D0AB4EEE00A03
:10207000F1EE10FAB1DC00BF94ED0C0ADFED090AB5
:1020800080EE801A84ED081A08B0BDEC048B70BD98
:102090008604002080040020CDCC1C4188A00020B4
:1020A0000AD7233CC3F51C412DE9F04FDDE90DC8EB
:1020B000DDF83C9009ADE0CD0C9C4FF0000A05E046
:1020C00011F80AB000F80AB00AF1010ABAF1030FD8
:1020D00004DA11F80AB0BBF1000FF1D190F803B0A7
:1020E0002BF0380B0BF1380B80F803B090F803B0ED
:1020F00062F3020B80F803B0B0F803B063F3891BFE
:10210000A0F803B090F804B065F3850B80F804B034
:10211000B0F807B066F3090BA0F807B0B0F808B044
:102120006CF38C0BA0F808B0B0F809B068F34F1B43
:10213000A0F809B0B0F804B067F38E1BA0F804B0A3
:10214000B0F805B064F3CF1BA0F805B04FF0000A5B
:1021500009E099F800B000F10F0E0EF80AB009F18D
:1021600001090AF1010AA245F3D3BDE8F08F10B5C9
:1021700000BF012012F032FDFBE7000010B502485D
:1021800001F0CAFA10BD0000940E002010B50248FC
:1021900001F0C2FA10BD0000F40B002010B5024897
:1021A00001F0BAFA10BD0000F40E002010B502488C
:1021B00001F0B2FA10BD0000D40D002010B50248A5
:1021C00001F0AAFA10BD0000540C002010B502481E
:1021D00001F0A2FA10BD0000540F002010B5024813
:1021E00001F09AFA10BD0000340E00200146087874
:1021F00010381823B0FBF3F20848805CC865032A46
:1022000005D908686FF30900001D886503E00868B8
:102210006FF309008865886D704700000497010816
:10222000014600208A6A8B69CBB932B1012A0DD0F0
:10223000022A03D0032A10D10EE000BFCB6A03F0BC
:102240008073B3F1807F00D1012007E0CB6AB3F146
:10225000C07F00D1012001E000E000BF34E08B69C5
:10226000B3F5005F1AD132B1012A07D0022A03D098
:10227000032A11D10AE000BF01200EE0CB6A03F06F
:102280008073B3F1807F00D1012006E0CB6AB3F107
:10229000C07F00D1012000E000BF15E032B1012A6B
:1022A00005D0022A04D0032A0CD103E000BF00BFEE
:1022B000012008E0CB6A03F08073B3F1807F00D186
:1022C000012000E000BF00BF704730B504682468FB
:1022D00024F4802405682C60046863608468402CC2
:1022E00004D10468A2600468E16003E00468A160AE
:1022F0000468E26030BD000008B5084840680090FE
:10230000074900980968884204D206480068401CC2
:102310000449086002490098086008BD001000E008
:10232000E8040020E40400200C494868F0EE400A6C
:1023300000BF0A494968091A01EE101AF8EE411A5D
:10234000074991ED001AB8EE411A20EE811AF4EE19
:10235000C11AF1EE10FAECD370470000001000E053
:10236000D804002010B52DED028B82B004460E4833
:102370004068019020680199081A00EE100AF8EEF2
:10238000400A0A4890ED000AB8EE400A80EE801A32
:10239000B0EE418A01982060FFF7AEFFB0EE480A28
:1023A00002B0BDEC028B10BD001000E0D80400208C
:1023B00010B52DED028B00F05FF80F4890ED000A8C
:1023C000B8EE400A808800EE900AF8EE600A9FEDB1
:1023D0000B1A00EE810A0848C08800EE900AF8EE59
:1023E000600A9FED071A00EE810AB0EE408AB0EE57
:1023F000480ABDEC028B10BDD00400206F12833A56
:10240000BD37863514490968491C134A11601349C0
:10241000096841F08071114A11600021104A516031
:102420001146096841F0010111600E4941430E4A0D
:102430001160114609684FF47A72B1FBF2F10B4A50
:10244000116009490968074AB1FBF2F1084A1160B5
:102450000021084A11607047F8040020FCED00E0FC
:10246000001000E040420F00D8040020DC040020EF
:10247000E0040020E404002038B5294840680090BA
:10248000FFF73AFF274800684FF0FF31A0FB01310A
:102490000098181841F10001234A03C22348002381
:1024A0002149026803C9FEF70BFD214A03C22048F7
:1024B0000CC81E4800680024A2FB001503FB005056
:1024C00002FB04021848D0E90030591A60EB020000
:1024D000184AC2E9001016480068174908601748F2
:1024E00000231449026803C9FEF7EAFC12498880F8
:1024F000084680881149096841430E48D0E90030F8
:10250000591A60F100000E4AC2E900100D4800237C
:102510000B49026803C9FEF7D3FC0749C88038BDE0
:10252000001000E0E4040020F0040020D8040020A3
:102530000005002008050020D0040020DC04002055
:1025400010050020E00400207047000010B504468C
:10255000022060700020C4F802003348B0F8010087
:10256000E08031480078000920723048008800B2CD
:1025700060812F484088A0812E48C089E0812A4888
:1025800000780421B1EB101F02D00020A07602E0F9
:102590002948807EA0760020E0762848C0796076C1
:1025A0000020E082A08226484079C0F30110207606
:1025B000A52024490870022048700846A17881703F
:1025C0000146E078C8702079087160794871084642
:1025D000E188C180217A01726189A0F80910A1897E
:1025E000A0F80B10E189A0F80D10218AA0F80F10B7
:1025F000618AA0F81110A18AA0F81310E18AA0F84E
:102600001510217EC175617E0176A17E4176E17E45
:102610008176AA200B49C8761C210A48FFF788FA60
:102620000949087010BD000088A20020860500201E
:10263000A3A2002093A2002000B500207505002071
:102640009B05002011B60020B207002010B508201D
:1026500001F058FA10BD10B5102001F053FA10BD6A
:1026600010B5202001F04EFA10BDD2ED020A92ED15
:10267000021AB6EE000A00EEC10AD2ED030A92ED8C
:10268000031A00EEC10AD0ED000A20EE200AD2EDB6
:10269000010A92ED021A60EE810A92ED001AD2ED63
:1026A000031A41EE210A90ED011A00EE810AD2EDE3
:1026B000010A92ED031A60EE810A92ED001AD2ED42
:1026C000021A41EE610A90ED021A00EE810AF0EE64
:1026D000000A20EE200A81ED000A92ED010AD2EDF7
:1026E000020A20EE200AD2ED000A92ED031A00EE53
:1026F000C10AD0ED000A60EE200A92ED011AD2ED77
:10270000011AB6EE000A01EE610AD2ED031A92ED4B
:10271000032AB0EE401A01EEC21AD0ED011AB0EE53
:10272000600A01EE210AD2ED020A92ED031A60EE70
:10273000810A92ED001AD2ED011A41EE210A90EDC4
:10274000021A00EE810AF0EE000A20EE200A81ED66
:10275000010A92ED010AD2ED030A20EE200AD2ED21
:10276000000A92ED021A00EE810AD0ED000A20EE76
:10277000200AD2ED020A92ED031A60EE810A92ED70
:10278000001AD2ED011A41EE610A90ED011A00EE35
:10279000810A92ED011AD2ED011AF6EE000A41EE1D
:1027A000610A92ED021AD2ED021A41EE610A90ED31
:1027B000021A00EE810AF0EE000A20EE200A81EDF6
:1027C000020A704772B600BFFEE7000010B59FED29
:1027D000072ADFED061A9FED051ADFED040A9FEDCB
:1027E000030A0221024810F03FF810BD000000006B
:1027F0002C0B002010B52DED0E8B0446B0EE408A58
:10280000F0EE609AB0EE41AAF0EE61BAB0EE42BAD4
:10281000F0EE62AAB0EE43EAF0EE63DAB0EE44DA2C
:10282000F0EE64CAB0EE45CAF0EE658AB0EE469AA4
:1028300064212046FEF75CFC84ED008AC4ED019A19
:1028400084ED02AAC4ED03BA84ED04BAC4ED05AA6E
:1028500084ED06EA84ED07CAC4ED088A84ED099A7E
:10286000C4ED0DDA84ED0CDAC4ED0ECABDEC0E8BAE
:1028700010BD00002DE9F0470C4608AD95E8E010CA
:10288000DDE90C89002104E014F801A000F801A0A2
:10289000491C032904DA14F801A0BAF1000FF3D19E
:1028A00090F803A062F3020A80F803A090F803A056
:1028B0002AF0380A0AF1280A80F803A0B0F803A029
:1028C00063F3891AA0F803A090F804A065F3850AC1
:1028D00080F804A0B0F804A066F38E1AA0F804A053
:1028E000B0F805A067F3CF1AA0F805A0B0F807A0CC
:1028F0006CF3090AA0F807A0B0F808A068F38C0AE6
:10290000A0F808A0B0F809A069F34F1AA0F809A030
:10291000DFED050A60EE200AFDEEE00A10EE90AA57
:10292000C0F80BA0BDE8F08700007A4410B52DED8B
:10293000028BB0EE408AF0EE608AF5EEC08AF1EECE
:1029400010FA0ADD144890ED000A38EE400AC0EE95
:10295000280A1248C0ED000A04E09FED110A0F4852
:1029600080ED000A0C4890ED000A38EE400A0D4850
:1029700080ED000A094890ED000A0B4805F086FD3D
:102980000A4880ED000A044880ED008A074890ED6F
:10299000000ABDEC028B10BD280700203007002084
:1029A000000000003407002028B100202C07002080
:1029B00070B50A480468001D0568001D06683444A7
:1029C00054B108220649204605F020FD042204499E
:1029D0001031284605F01AFD70BD0000107AFF1F67
:1029E0006600002010B5024692F82030012B01D07D
:1029F000022B06D11068406908431468606100200A
:102A000010BD506A40F4802050620120F8E7F0B514
:102A100004460D461E4694F8207020688368A86816
:102A200000B900E000BF012F01D0022F7DD103F0DB
:102A3000806030B903F0006018B903F080500028BE
:102A40007ED0C3F30161012088403060A86860B97E
:102A5000B5F800C0E86840EA4C5C206800F5C0703A
:102A600000EB0110C0F800C00FE0D5E901C040EA5A
:102A7000CC00D5F80CC040EA0C00D4F800C00CF52E
:102A8000C07C0CEB011CCCF80000D5F810C020680D
:102A900000F5C07000EB0110C0F804C0287D0128CB
:102AA0000ED1206800F5C07000EB0110406840F4C2
:102AB000807C206800F5C07000EB0110C0F804C0F5
:102AC000D079000692F806C040EA0C4092F805C0A2
:102AD00040EA0C2092F804C040EA0C00D4F800C090
:102AE0000CF5C07C0CEB011CCCF80C00D078000677
:102AF00092F802C040EA0C4092F801C040EA0C2073
:102B000092F800C040EA0C00D4F800C00CF5C07C7C
:102B10000CEB011CCCF80800206800F5C07000EB3D
:102B20000110006840F0010C01E00FE008E02068AF
:102B300000F5C07000EB0110C0F800C00020F0BD2F
:102B4000606A40F4001060620120F8E7606A40F4B7
:102B5000802060620120F2E7F0B504460A4694F84E
:102B60002050012D01D0022D7ED1424901F5007186
:102B7000086840F001000860086820F47C50086094
:102B80000868566A40EA06200860107D00F01F06BB
:102B9000012000FA06F3C8699843C861A1F50071E5
:102BA000D069C8B9D1F80C029843C1F80C029088DA
:102BB00080B2968940EA064601F51070576940F8E0
:102BC0003760108880B2168940EA064601F5107019
:102BD000576900EBC7004660D069012819D1D1F8C8
:102BE0000C021843C1F80C02908880B2168840EAA3
:102BF000064601F51070576940F83760908980B239
:102C0000168940EA064601F51070576900EBC700C7
:102C10004660906928B9D1F804029843C1F80402CB
:102C200004E0D1F804021843C1F80402106928B97D
:102C3000D1F814029843C1F8140204E0D1F8140248
:102C40001843C1F81402106A012804D1D1F81C02FB
:102C50001843C1F81C02D1F8000220F00100C1F8AD
:102C600000020020F0BDFFE7606A40F4802060624F
:102C70000120F7E700640040704770B5044694F8FF
:102C80002050012D01D0022D7DD151B92068C0689E
:102C900000F0030080B9606A40F400106062012017
:102CA00070BD2068006900F0030028B9606A40F434
:102CB000001060620120F3E7206800F5D87000EB97
:102CC0000110006800F004009060906840B920682E
:102CD00000F5D87000EB01100068400D106007E0AF
:102CE000206800F5D87000EB01100068C008506043
:102CF000206800F5D87000EB0110006800F00200B9
:102D0000D060206800F5D87000EB0110406800F03A
:102D10000F00082802D30820106108E0206800F5A1
:102D2000D87000EB0110406800F00F0010612068BF
:102D300000F5D87000EB0110406800F47F40000AF5
:102D40009061206800F5D87000EB01104068000C1D
:102D50005061206800F5D87000EB01108068187091
:102D6000206800F5D87000EB0110806800F47F4007
:102D7000000A5870206800F5D87000EB01108068D8
:102D800000F47F0000E03CE0000C9870206800F543
:102D9000D87000EB01108068000ED870206800F534
:102DA000D87000EB0110C0681871206800F5D87069
:102DB00000EB0110C06800F47F40000A58712068E1
:102DC00000F5D87000EB0110C06800F47F00000C23
:102DD0009871206800F5D87000EB0110C068000EF3
:102DE000D87131B92068C06840F020002668F060D2
:102DF00005E02068006940F020002668306100206E
:102E00004EE7606A40F480206062012048E72DE9C7
:102E1000F05F04460025206846692068D0F80490D9
:102E2000206887682068D0F80CA02068D0F810B01F
:102E30002068D0F8188006F00100002855D007F06F
:102E40000100C0B101202168886007F0020018B1BC
:102E5000204600F0EEFB0EE007F0040010B145F450
:102E6000006508E007F0080010B145F4805502E065
:102E7000204600F0DDFB07F48070C8B14FF480708D
:102E80002168886007F4007018B1204600F0D3FB79
:102E90000EE007F4806010B145F4005508E007F437
:102EA000006010B145F4804502E0204600F0C2FB0E
:102EB00007F48030C8B14FF480302168886007F48F
:102EC000003018B1204600F0B8FB0EE007F4802077
:102ED00010B145F4004508E007F4002010B145F4B6
:102EE000803502E0204600F0A7FB06F0080038B16C
:102EF0000AF0100020B145F4007510202168C86068
:102F000006F0040040B10AF0080028B1082021684A
:102F1000C860204600F01CFA06F0020038B12068B4
:102F2000C06800F0030010B1204600F013FA06F06C
:102F3000400038B10BF0100020B145F4806510203E
:102F40002168086106F0200040B10BF0080028B1AC
:102F5000082021680861204600F012FB06F01000EE
:102F600038B12068006900F0030010B1204600F07D
:102F700009FB06F4003040B109F0100028B1102020
:102F800021684860204600F023FB06F4803040B101
:102F900009F0080028B1082021684860204600F0A8
:102FA0004DFB06F4004088B309F0040078B306F442
:102FB000807020B108F0010008B145F0010506F469
:102FC000007020B108F0020008B145F0020506F4D7
:102FD000806020B108F0040008B145F0040506F453
:102FE0000060A0B108F0700088B108F070004028BF
:102FF00017D006DC10280BD020280CD0302819D18F
:103000000CE0502810D0602814D110E01DE019E029
:1030100045F008050FE045F010050CE045F02005EF
:1030200009E045F0400506E045F0800503E045F481
:10303000807500E000BF00BF2068806920F070004C
:10304000216888610420216848602DB1606A2843A6
:1030500060622046FFF710FEBDE8F09F70B50446A1
:103060000CB9012070BD94F8200010B9204600F082
:10307000AFF82068006840F001002168086000F0A7
:103080004FFE05460DE000F04BFE401B0A2808D914
:10309000606A40F400306062052084F8200001205E
:1030A000E0E72068406800F001000028EBD02068CD
:1030B000006820F002002168086000F031FE05463B
:1030C0000DE000F02DFE401B0A2808D9606A40F48C
:1030D00000306062052084F820000120C2E72068EB
:1030E000406800F002000028EBD1207E012806D1C4
:1030F0002068006840F080002168086005E02068D2
:10310000006820F0800021680860607E012806D1F8
:103110002068006840F040002168086005E02068F1
:10312000006820F0400021680860A07E012806D1D8
:103130002068006840F020002168086005E02068F1
:10314000006820F0200021680860E07E012806D198
:103150002068006820F010002168086005E0206801
:10316000006840F0100021680860207F012806D127
:103170002068006840F008002168086005E02068C9
:10318000006820F0080021680860607F012806D1EF
:103190002068006840F004002168086005E02068AD
:1031A000006820F0040021680860D4E902010843A7
:1031B00021690843616908436168491E0843216821
:1031C000C86100206062012084F82000002049E7E7
:1031D00010B586B00446142101A8FDF789FF5649B1
:1031E0002068884249D155480068401C534908600E
:1031F0000846006801280FD100BF00200090504809
:10320000006840F000704E4908600846006800F011
:103210000070009000BF00BF00BF00200090484831
:103220001038006840F00800454910390860084629
:10323000006800F00800009000BF00BF032001906C
:1032400002200290002003900320049009200590A2
:1032500001A93C4800F064FC00220521132000F085
:1032600027FE132000F010FE00220521142000F09C
:103270001FFE142000F008FE5CE0334920688842FD
:1032800058D100BF002000902D48006840F08060B9
:103290002B4908600846006800F08060009000BF7D
:1032A00000BF26480068401C2449086008460068A2
:1032B00001280FD100BF002000902148006840F095
:1032C00000701F4908600846006800F00070009018
:1032D00000BF00BF00BF00200090194810380068F0
:1032E00040F002001649103908600846006800F0F6
:1032F0000200009000BF00BF6020019002200290F9
:1033000000200390032004900920059001A90F4894
:1033100000F006FC002205213F2000F0C9FD3F20FF
:1033200000F0B2FD00220521412000F0C1FD412046
:1033300000F0AAFD06B010BD006400402C00002083
:1033400040380240000C0240006800400004024087
:103350007047000010B58AB004467C480068401CE5
:103360007A49086001AB03AA00212046FFF785FCDB
:1033700040F203220398811A90423FD007DC0128D3
:1033800071D0A0F2012048B101286DD11DE00129C2
:103390004DD00E2969D00F29F7D167E06C48C1697B
:1033A000C069401C6A4AD061322904D801A910467C
:1033B0000FF0BCFF03E001A965480FF0BBFB6548B7
:1033C0000068401C63490860BDE06148026C006C05
:1033D000401C5F490864322A05D801A95C482430A2
:1033E0000FF0A4FF04E001A9594824300FF0A2FB1C
:1033F00059480068401C58490860A4E05448426E8F
:10340000406E401C52494866322A05D801A95048EE
:1034100048300FF08BFF04E001A94D4848300FF011
:1034200089FB4E480068401C4C4908608BE04848C6
:10343000D0F88820D0F88800401C4549C1F88800A1
:10344000322A05D801A942486C300FF06FFF04E022
:1034500001A93F486C300FF06DFB41480068401CEB
:103460003F4908606FE034E06CE037E03D480068B9
:10347000401C3C4908609DF804009DF8051040EA96
:10348000012000EE100AB8EEC00ADFED370A80EE28
:10349000201A364880ED001A9DF806009DF80710A6
:1034A00040EA012000EE100AB8EEC00ADFED2E0A55
:1034B00080EE201A2E4880ED001A2C4890ED000A6C
:1034C0002B48D0ED000A20EE200A2A4880ED000AA1
:1034D00039E001A928480FF053FA34E09DF80500BF
:1034E0009DF8041040EA012000EE100AB8EEC00A70
:1034F000F2EE040A80EE201A204880ED031A9DF8AF
:1035000006001E4948709DF8070088709DF8080065
:10351000C8709DF8090008719DF80B009DF80A100D
:1035200040EA012000B200EE100AB8EEC00AF2EE46
:10353000040A80EE201A114880ED021AC07800B10A
:1035400001E000BF00BF00BF0AB010BD2805002089
:1035500028A1002030050020340500203805002077
:103560003C0500202C0500200000C8421C0500205E
:103570002005002024050020C8A00020ECA0002089
:103580007047000010B58AB0044601AB03AA0121C0
:103590002046FFF772FB0398A0F2012088B90B4880
:1035A000C169C069401C094AD061322904D801A907
:1035B00010460FF0BBFE03E001A904480FF0BAFA71
:1035C00000E000BF00BF0AB010BD0000B8A100209D
:1035D000704770B5044694F82000012822D10220DB
:1035E00084F820002068006820F00100216808604D
:1035F00000F096FB05460DE000F092FB401B0A2808
:1036000008D9606A40F400306062052084F8200028
:10361000012070BD2068406800F001000028EBD157
:103620006062F6E7606A40F4002060620120F0E723
:10363000704770477047704770477047704770B564
:103640000446A56D00F06CFB064694F83500022890
:1036500008D08020606500BF002084F8340000BFDF
:10366000012070BD2068006820F016002168086005
:103670002068406920F0800021684861206C08B90A
:10368000A06C28B12068006820F00800216808605C
:103690002068006820F001002168086010E000F058
:1036A0003FFB801B05280BD920206065032084F890
:1036B000350000BF002084F8340000BF0320D0E7AD
:1036C0002068006800F001000028E8D194F85C1040
:1036D0003F208840A860012084F8350000BF00200A
:1036E00084F8340000BF00BFBBE7014691F8350005
:1036F000022803D08020486501207047052081F80A
:1037000035000868006820F001000A681060002099
:10371000F3E70146486D7047F8B504460020009075
:103720008C4800684FF41651B0FBF1F7A56D2E6878
:1037300094F85C1008208840304098B120680068F8
:1037400000F0040070B12068006820F004002168D7
:10375000086094F85C1008208840A860606D40F014
:103760000100606594F85C1001208840304068B129
:103770002068406900F0800040B194F85C1001209E
:103780008840A860606D40F00200606594F85C10AD
:1037900004208840304068B12068006800F00200D2
:1037A00040B194F85C1004208840A860606D40F03F
:1037B0000400606594F85C1010208840304078B3B5
:1037C0002068006800F0080050B394F85C101020E6
:1037D0008840A8602068006800F4802080B12068DC
:1037E000006800F4002028B9206CC8B12046216C84
:1037F000884715E0A06C98B12046A16C88470FE07F
:103800002068006800F4807028B92068006820F003
:10381000080021680860206C10B12046216C8847A0
:1038200094F85C10202088403040002865D0206843
:10383000006800F0100000285FD094F85C10202091
:103840008840A86094F83500052828D120680068D1
:1038500020F01600216808602068406920F0800090
:1038600021684861206C08B9A06C28B12068006804
:1038700020F008002168086094F85C103F20884020
:10388000A860012084F8350000BF002084F83400CF
:1038900000BF206D10B12046216D8847F8BD20681B
:1038A000006800F4802080B12068006800F40020E7
:1038B00028B9606C10B12046616C88471DE0E06B50
:1038C000D8B12046E16B884717E02068006800F413
:1038D000807068B92068006820F0100021680860D6
:1038E000012084F8350000BF002084F8340000BFB8
:1038F000E06B10B12046E16B8847606D38B3606DB6
:1039000000F00100F0B1052084F83500206800685F
:1039100020F001002168086000BF0098401C009062
:10392000B84200D905E02068006800F001000028D6
:10393000F3D100BF012084F8350000BF002084F8D7
:10394000340000BFE06C10B12046E16C884700BF36
:10395000A4E70000A80000202DE9F041044600255E
:1039600000F0DEF9074614B90120BDE8F081606A75
:1039700000B100BF022084F8350000BF002084F8A9
:10398000340000BF2068006820F001002168086052
:103990000AE000F0C5F9C01B052805D920206065A4
:1039A000032084F83500E0E72068006800F001009B
:1039B0000028EED12068056821480540D4E90101BE
:1039C0000843E16808432169084361690843A16924
:1039D0000843E1690843216A08430543606A0428F3
:1039E00003D1D4E90B010843054320680560206832
:1039F000456925F00705606A0543606A04280DD112
:103A0000A06A0543E06A48B12046FEF709FC28B1E8
:103A100040206065012084F83500A6E720684561F4
:103A20002046FEF7E3FB064694F85C103F208840F2
:103A3000B06000206065012084F83500002094E724
:103A40003F8010F02DE9F04704460D4616461F460C
:103A50004FF00008D4F8589000BF94F834000128C3
:103A600002D10220BDE8F087012084F8340000BFB5
:103A700094F83500012825D1022084F83500002073
:103A800060653B46324629462046FEF71EFC94F808
:103A90005C103F208840C9F808002068006840F0AA
:103AA000160021680860206C28B12068006840F08A
:103AB0000800216808602068006840F00100216863
:103AC000086006E000BF002084F8340000BF4FF01B
:103AD00002084046C6E7000070B5044600F020F931
:103AE00006462546681C10B104480078054400BF0E
:103AF00000F016F9801BA842FAD370BDA400002084
:103B00007047000010B5044604480068204020B10A
:103B1000024804602046FFF7F3FF10BD143C01404B
:103B2000F8B502460B460025002400200021D6E00F
:103B3000012606FA01F51E6806EA0504AC4274D1B6
:103B40001E7906F00306012E04D01E7906F0030646
:103B5000022E13D190684F000326BE40B0434F00A1
:103B6000DE68BE4030439060506801268E40B0430E
:103B70001E79C6F300168E40304350601E7906F061
:103B80000306032E09D0D0684F000326BE40B04381
:103B90004F009E68BE403043D0601E7906F0030699
:103BA000022E13D1CF0802F1200656F827004E0747
:103BB000F70E0F26BE40B0434F07FF0E1E69BE40F2
:103BC0003043CF0802F1200646F8270010684F0066
:103BD0000326BE40B0431E7906F003064F00BE40E8
:103BE000304310605E6806F44036002E76D000BF89
:103BF000002600963C4E366846F480463A4F3E60BA
:103C00003E46366806F48046009600BF00BF374E39
:103C10008F0856F827008E07370F0F26BE40B04397
:103C2000334EB24202D1002624E057E0314EB24278
:103C300001D101261EE0304EB24201D1022619E028
:103C40002E4EB24201D1032614E02D4EB24201D1D4
:103C500004260FE02B4EB24201D105260AE02A4E7F
:103C6000B24201D1062605E0284EB24201D1072614
:103C700000E008268F073F0FBE4030431B4E8F08E1
:103C800046F82700224E3068A0435E6806F480168E
:103C900006B120431E4E3060361D3068A0435E687A
:103CA00006F4001606B12043194E361D3060184E3A
:103CB000361F3068A0435E6806F4003606B1204324
:103CC000134E361F3060361F3068A0435E6806F41E
:103CD000803606B120430E4E083E3060491C102944
:103CE000FFF426AFF8BD0000443802400838014018
:103CF000000002400004024000080240000C0240A4
:103D0000001002400014024000180240001C024053
:103D1000083C01400AB1816101E00B0483617047F6
:103D200001480068704700009C00002003480068BC
:103D30000349097808440149086070479C00002045
:103D4000A400002010B50D48006840F400700B4935
:103D500008600846006840F4806008600846006813
:103D600040F480700860032000F0E0F80F2000F0BD
:103D700007F800F05FF8002010BD0000003C024092
:103D80002DE9F04188B004460027B84600BF002066
:103D900001902448006840F001002249086008466C
:103DA000006800F00100019000BF00BF02A903A855
:103DB00001F034F9069F1FB901F058F9054602E0F9
:103DC00001F054F945001848B5FBF0F0A0F10108E6
:103DD0004FF080401549086040F2E7311348C16058
:103DE000C0F80480002101618160816101F0D0FE92
:103DF000064696B90D4801F019FF06466EB91C201B
:103E000000F042F8102C07D2002221461C2000F0BE
:103E10004FF80748046000E00126304608B0BDE8CE
:103E2000F08100004038024040420F00942B0020F7
:103E3000A000002008B500BF0020009011480068D5
:103E400040F480400F4908600846006800F4804054
:103E5000009000BF00BF00BF00200090081F006856
:103E600040F08050091F08600846006800F080504C
:103E7000009000BF00BF00220F21901E00F018F834
:103E800008BD0000443802400146084600280DDB0A
:103E900000BF00BF00F01F0301229A4043099B00AE
:103EA00003F1E023C3F8002100BF00BF00BF70474B
:103EB0002DE9F05F80460D46164600270CF0CAFC3F
:103EC000074639462A46334601F00700C0F1070A83
:103ED000BAF1040F02D94FF0040A01E0C0F1070A59
:103EE000D14600F1040ABAF1070F02D24FF0000ADE
:103EF00001E0A0F1030AD4464FF0010A0AFA09FAD8
:103F0000AAF1010A0AEA020A0AFA0CFA4FF0010BB6
:103F10000BFA0CFBABF1010B0BEA030B4AEA0B04A7
:103F2000214640460CF09EFCBDE8F09F00BF00F02B
:103F30000702064B19684FF6FF031940044B0B4369
:103F400043EA0221014B196000BF70470CED00E00D
:103F50000000FA0570470246106841620020704771
:103F6000F0B5034615461868446A21B944EA05408D
:103F70001E68B06219E01868806A04EB10440022E1
:103F800008E0186800F5827050F8220004EB104435
:103F9000501CC2B2481E9042F3D844EA0547186844
:103FA00000F582704E1E40F826700020F0BD10B55E
:103FB0000446D4F8E0040BF04AF810BD70B504468E
:103FC0000D4605EBC50304F1140101EB8301CA683A
:103FD0002946D4F8E0040AF061FF70BD70B50446CC
:103FE0000D4605EBC50304F5157101EB8301CA68A5
:103FF0002946D4F8E0040AF0C2FF70BD10B50446AB
:10400000D4F8E0040BF025F810BD2DE9F04104468A
:104010000D4605F08000802808D105F00F0000EB68
:10402000C00104F1140000EB810607E005F00F0069
:1040300000EBC00104F5157000EB810631462068E5
:104040000CF09CF907463846BDE8F08170B504468F
:104050000E4606F0800080280AD106F00F0000EB23
:10406000C00104F1140000EB81050120687009E033
:1040700006F00F0000EBC00104F5157000EB8105A0
:104080000020687006F00F00287000BF94F89404B8
:10409000012801D1022070BD012084F8940400BFE2
:1040A000294620680BF0F8FC00BF002084F8940437
:1040B00000BF00BFEFE770B504460E4606F00F00E4
:1040C0002179884201D9012070BD06F08000802846
:1040D0000AD106F00F0000EBC00104F1140000EB60
:1040E00081050120687009E006F00F0000EBC001B7
:1040F00004F5157000EB8105002068700020A870A1
:1041000006F00F00287000BF94F89404012801D134
:104110000220D9E7012084F8940400BF29462068D2
:104120000BF0B8FE00BF002084F8940400BF00BF6D
:10413000CAE7024601F00F0000EBC00302F515705C
:1041400000EB8300406970472DE9F04705460E46B5
:1041500090461F464FF0000906F0800080280AD1E3
:1041600006F00F0000EBC00105F1140000EB810424
:104170000120607009E006F00F0000EBC00105F5BA
:10418000157000EB81040020607006F00F002070B5
:10419000C8F30A00A0602771607808B120786083B6
:1041A000022F01D10020607100BF95F8940401280E
:1041B00002D10220BDE8F087012085F8940400BFF9
:1041C000214628680BF074FB00BF002085F894049A
:1041D00000BF4846EEE72DE9F04105460E4617467A
:1041E000984606F00F0000EBC00105F5157000EBD6
:1041F0008104E760C4F8108000206061607006F000
:104200000F002070A879012800D1E761AA79214622
:1042100028680BF0D3FE0020BDE8F08170B504469D
:104220000D4605F00F002179884201D9012070BDAB
:1042300005F0800080280AD105F00F0000EBC001D6
:1042400004F1140000EB81060120707007E005EB1B
:10425000C50104F5157000EB810600207070012087
:10426000B07005F00F00307000BF94F8940401287E
:1042700001D10220DBE7012084F8940400BF31461D
:1042800020680BF04EFE05F00F0028B9A17904F26A
:104290009C4220680BF0C6FD00BF002084F8940407
:1042A00000BF00BFC3E72DE9F04105460E461746A3
:1042B000984606F00F0000EBC00105F1140000EB7A
:1042C0008104E760C4F81080002060610120607004
:1042D00006F00F002070A879012800D1E761AA79C3
:1042E000214628680BF06AFE0020BDE8F0812DE928
:1042F000FE4F0446D4F800B05E4620680CF020F96A
:10430000002874D120680CF05AF908B9BDE8FE8F76
:1043100040F608008059C0F30D20C4F8D40420688A
:104320000CF04DF900F00200022805D12068406928
:1043300000F002002168486120680CF040F900F0AC
:104340001000102845D12068806920F010002168F5
:104350008861DBF8209009F00F0000EBC00104F544
:10436000157000EB810AC9F3434002281AD147F6C1
:10437000F07009EA000030B3C9F30A125846DAF8BF
:104380000C100CF021F9C9F30A11DAF80C000844FA
:10439000CAF80C00C9F30A11DAF814000844CAF884
:1043A000140010E0C9F3434006280CD1082204F29F
:1043B0009C4158460CF008F9C9F30A11DAF81400C8
:1043C0000844CAF814002068806940F01000216891
:1043D000886120680CF0F3F800F40020B0F5002F9D
:1043E0007BD1002520680CF0BAF8029072E0E1E27F
:1043F000029800F00100002868D0E9B220680CF0B3
:10440000D1F8804608F0010048B1012106F530607E
:1044100000EB451081602946204605F04BFC08F072
:104420000800082809D1082106F5306000EB451086
:1044300081602946204605F00BFC08F0100010288A
:1044400005D1102106F5306000EB4510816008F0C1
:104450000200022824D1DBF8140000F0800080283C
:1044600007D140F60400805940F4806140F6040012
:10447000815105EBC50104F5157000EB810A9AF82E
:104480000300012806D100208AF80300E9B2204683
:1044900000F09BFA022106F5306000EB45108160C8
:1044A00008F02000202805D1202106F5306000EB1F
:1044B0004510816008F40050B0F5005F06D14FF45C
:1044C000005106F5306000EB451081606D1C0298CC
:1044D00040080290029800288AD120680CF06FF8FA
:1044E00000F48020B0F5802F7DD120680CF02DF8ED
:1044F000029000259AE0029800F00100002873D095
:10450000E9B220680CF035F8804608F00100F0B3FD
:1045100005F00F0101208840019040F634008159D8
:10452000019821EA000040F634018851012106F586
:10453000106000EB45108160A079012824D105EBC3
:10454000C50104F1140000EB810005EBC502C16850
:1045500004F1140000EB82008068014405EBC50201
:1045600004F1140000EB8200C1606DB905EBC501D8
:1045700004F1140000EB8100006928B904F29C42A8
:10458000012120680BF04EFCE9B2204600E001E07A
:10459000FFF714FD08F00800082805D1082106F5EA
:1045A000106000EB4510816008F01000102805D164
:1045B000102106F5106000EB4510816008F0400006
:1045C000402805D1402106F5106000EB45108160C0
:1045D00008F0020002281DD1294658460BF073FF4F
:1045E00005EBC50101E025E01CE004F1140000EB3F
:1045F000810A9AF80300012806D100208AF80300F6
:10460000E9B2204600F0D8F9022106F5106000EB6F
:104610004510816008F08000802803D1294620469B
:1046200005F0EAFB6D1C02984008029002980028F1
:104630007FF461AF20680BF0C2FF00F00040B0F1E2
:10464000004F1CD140F60400805920F0010140F6D3
:104650000400815194F8CC04012807D1002084F88B
:10466000CC0400212046FFF775FC02E0204600F054
:10467000D1FA2068406900F0004021684861206854
:104680000BF09DFF00F40060B0F5006F0ED140F616
:104690000800805900F0010010B1204600F012FB24
:1046A0002068406900F400602168486120680BF0D0
:1046B00086FF00F48050B0F5805F7ED140F60400A4
:1046C000805920F0010140F604008151102120683A
:1046D0000BF0F9FE002732E04FF67F3106F510604F
:1046E00000EB4710816006F5106000EB4710006892
:1046F00020F4001106F5106000EB471001604FF642
:104700007F3106F5306000EB4710816006F53060C0
:1047100000EB4710006820F4001106F5306000EB54
:104720004710016006F5306000EB4710006840F06C
:10473000006106F5306000EB471001607F1C2079B6
:10474000B842C9D840F61C00805940F0011140F62B
:104750001C008151E07B70B1D6F8840840F00B0159
:10476000C6F8841840F64400805940F00B0140F62A
:10477000440081510FE040F61400805942F22B01B1
:10478000084340F614018851081F805940F00B017E
:104790004FF401608151D6F8000820F4FE60C6F89D
:1047A0000008A17904F29C4220680BF03BFB2068D2
:1047B000406900F48050216800E000E04861206812
:1047C0000BF0FDFE00F40050B0F5005F17D120683B
:1047D0000BF0D6F820680BF0A0FEE07100F040FC72
:1047E0000090E279206800990BF070FF204600F0FD
:1047F000F9F92068406900F4005021684861206898
:104800000BF0DDFE00F00800082808D1204600F07B
:1048100008FA2068406900F00800216848612068B3
:104820000BF0CDFE00F08000802818D1DBF81800D6
:1048300020F08000CBF8180001250DE005EBC50144
:1048400004F5157000EB8100C078012803D1E9B2AE
:104850002046FFF7DAFB6D1C2079A842EED82068CD
:104860000BF0ADFE00F48010B0F5801F2DD10125B6
:1048700022E006F5106000EB4510D0F8009005EB43
:10488000C50104F1140000EB81000079012812D168
:1048900009F00040B0F1004F0DD1012105EBC50238
:1048A00004F1140000EB8200C170E8B240F0800116
:1048B0002046FFF7AAFB6D1C2079A842D9D82068B2
:1048C000406900F480102168486120680BF077FE91
:1048D00000F40010B0F5001F44D1012538E006F5C2
:1048E000306000EB4510D0F8009005EBC50104F5F1
:1048F000157000EB81000079012828D109F00040F3
:10490000B0F1004F23D194F8D40400F00100C9F3B2
:10491000004188421BD1012105EBC50204F5157049
:1049200000EB8200C170DBF8180040F08000CBF88B
:104930001800DBF8140000F0800040B940F60400D5
:10494000805940F4007140F60400815103E06D1C71
:104950002079A842C3D800BF2068406900F4001045
:104960002168486120680BF02AFE00F08040B0F119
:10497000804F08D12046FFF71AFB2068406900F0FD
:1049800080402168486120680BF019FE00F00400A7
:1049900004280FD12068D0F8049009F004000428FE
:1049A00002D12046FFF72AFB2068406840EA090050
:1049B0002168486000BFA9E470B504460D46294649
:1049C000D4F8E0040AF0AEFB70BD70B504460D46A5
:1049D0002946D4F8E0040AF0BAFB70BDF8B50446E5
:1049E0000CB90120F8BD266894F8950428B9002078
:1049F00084F89404204600F0A1F8032084F895047C
:104A0000B6F1A04F01D10021A17120680BF002FA8C
:104A1000207C8DF8000094E80F000AF0C5FF20B15B
:104A2000022084F895040120DCE7002120680BF0C7
:104A3000FBFD20B1022084F895040120D2E7002577
:104A400031E0012105EBC50204F1140000EB820006
:104A5000417005EBC50104F1140000F8215005EB8D
:104A6000C50100EB81004583002105EBC50204F17F
:104A7000140000EB8200017105EBC50204F1140083
:104A800000EB8200816005EBC50204F1140000EB2D
:104A90008200C16005EBC50204F1140000EB820046
:104AA0000161681CC5B22079A842CADC00252AE051
:104AB000002105EBC50204F5157000EB8200417082
:104AC00005EBC50104F5157000F82150002105EB38
:104AD000C50200EB8200017105EBC50204F51570FB
:104AE00000EB8200816005EBC50204F5157000EB58
:104AF0008200C16005EBC50204F5157000EB820071
:104B00000161681CC5B22079A842D1DC207C8DF8F7
:104B1000000094E80F000BF089F820B1022084F81F
:104B2000950401205EE700206074012084F895045C
:104B300020680BF069F8002054E7000010B586B03B
:104B40000446142101A8FCF7D3FA2068B0F1A04F65
:104B500042D100BF002000902048006840F00100D2
:104B60001E4908600846006800F00100009000BF80
:104B700000BF4FF4C050019002200290002003902B
:104B8000032004900A20059001A91548FEF7C8FFEC
:104B900000BF1248001D006840F080000F49091D49
:104BA000086000BF002000900C481430006840F4FA
:104BB00080400A49143108600846006800F48040CB
:104BC000009000BF00BF00BF002205214320FFF777
:104BD0006FF94320FFF758F906B010BD3038024096
:104BE0000000024070B504460125E07908B90025AF
:104BF00006E0E079022801D1012501E0FDF7E2FDA0
:104C00002946D4F8E0040AF02FFBD4F8E0040AF0B7
:104C1000E3FA70BD10B50446D4F8E0040AF00DFBC9
:104C200010BD10B50446D4F8E0040AF010FB10BD26
:104C300070B504460D4600BF94F89404012801D1D4
:104C4000022070BD012084F8940400BF65742946D9
:104C500020680BF01DFD00BF002084F8940400BF05
:104C600000BFEEE710B5044604F29C41D4F8E0041E
:104C70000AF010FB10BD70B50446256800BF94F81B
:104C80009404012801D1022070BD012084F894040D
:104C900000BFE86800F0400030B1607B012803D11C
:104CA000A86B40F48030A86320680BF0DDFB20681F
:104CB0000AF098FF00BF002084F8940400BF00BFF2
:104CC000E2E7000010B50446D4F8E0040AF036FB31
:104CD0002068D0F8000E40F001002168C1F8000EF5
:104CE000E07A28B10348006840F0060001490860F6
:104CF00010BD000010ED00E0F8B5044600250026C8
:104D0000207800F0010020B9207800F00400042889
:104D10002FD100205B498866FFF702F8054606E0C0
:104D2000FEF7FEFF401B022801D90320F8BD5648BC
:104D30000068C0F3C0600028F2D160688101207A69
:104D400041EA007050498431086001204D4988666D
:104D5000FEF7E6FF054606E0FEF7E2FF401B0228ED
:104D600001D90320E2E748480068C0F3C06000288A
:104D7000F2D0207800F0020002287DD100BF002090
:104D8000009041484030006840F080503E4940313A
:104D900008600846006800F08050009000BF00BF27
:104DA0003A48006840F4807038490860FEF7B8FF60
:104DB000054606E0FEF7B4FF401B022801D9032098
:104DC000B4E73248006800F480700028F2D02E4822
:104DD0007030006800F440764EB3A08900F4407053
:104DE000B04224D028487030006820F4407601207A
:104DF000274908600020086023487030066000687A
:104E000000F0010098B1FEF78BFF054608E0FEF7C1
:104E100087FF401B41F28831884201D9032085E792
:104E2000194870300068C0F340000028EFD000BF80
:104E3000A08900F44070B0F5407F0CD112480830D2
:104E4000006820F4F810134AE168114008430E4945
:104E50000831086007E00C480830006820F4F810BA
:104E6000094908310860084870300068A189C1F319
:104E70000B010843044900E002E07031086000BF04
:104E8000002053E700004742003802400070004015
:104E9000400E4742FFFCFF0F70B504460D460CB9AB
:104EA000012070BD5848006800F00700A84209D2F0
:104EB00055490D700846006800F00700A84201D06F
:104EC0000120EEE7207800F0020002281DD12078B2
:104ED00000F00400042805D14C48006840F4E0507C
:104EE0004A490860207800F00800082805D14748A2
:104EF000006840F46040454908604448006820F07C
:104F0000F000A168084341490860207800F00100E2
:104F1000A8B36068012807D13C4808380068C0F38E
:104F20004040B8B90120BCE76068022802D0606840
:104F3000032807D1354808380068C0F3406048B9F5
:104F40000120AEE7314808380068C0F3400008B9D6
:104F50000120A6E72D48006820F00300616808439F
:104F60002A490860FEF7DCFE064609E0FEF7D8FE97
:104F7000801B41F28831884202D9032091E707E083
:104F80002248006800F00C006168B0EB810FEDD1A1
:104F90001D48006800F00700A84209D91A490D70A1
:104FA0000846006800F00700A84201D0012078E719
:104FB000207800F00400042807D11448006820F489
:104FC000E050E168084311490860207800F00800CB
:104FD000082808D10D48006820F46040216940EAA3
:104FE000C1000A49086000F061F808490968C1F386
:104FF0000311074A515CC84006490860064800682A
:10500000FEF7BEFE00204CE7003C0240083802409C
:105010000C970108A8000020A00000200F220260C9
:105020000D4A126802F0030242600B4A126802F055
:10503000F0028260084A126802F4E052C260064A36
:10504000126802F46042D2080261044A126802F057
:1050500007020A607047000008380240003C024026
:105060000148006870470000A800002000B5FFF765
:10507000F7FF04490968C1F38221034A515CC84023
:1050800000BD0000083802401C97010800B5FFF77A
:10509000E7FF04490968C1F34231034A515CC84043
:1050A00000BD0000083802401C9701082DE9F047B8
:1050B000002400250026A1462548006800F00C00C9
:1050C00020B1042805D008283AD105E0DFF8849003
:1050D00039E0DFF8849036E01D48001F006800F0DA
:1050E0003F041B48001F006800F4800078B11A4894
:1050F0001749091F0968C1F38811A0FB0170014617
:10510000224600233846FBF7DBFE05460EE0114839
:105110000F49091F0968C1F38811A0FB01700146FE
:10512000224600233846FBF7CBFE05460848001F01
:105130000068C0F30140401C4600B5FBF6F902E0F0
:10514000DFF8109000BF00BF4846BDE8F0870000C0
:10515000083802400024F400001BB700F8B50446EC
:105160000CB90120F8BD207800F00100002874D0AF
:10517000F948006800F00C0004280DD0F6480068DB
:1051800000F00C00082813D1F348001F006800F459
:105190008000B0F5800F0BD1EF4808380068C0F3ED
:1051A0004040002859D06068002856D10120D9E736
:1051B00000BF6068B0F5803F08D1E7480838006854
:1051C00040F48030E449083908601EE06068B0F5BA
:1051D000A02F0DD1E0480838006840F48020DE4957
:1051E000083908600846006840F4803008600CE028
:1051F000D9480838006820F48030D7490839086059
:105200000846006820F48020086000BF606890B104
:10521000FEF786FD054606E0FEF782FD401B64288A
:1052200001D903209EE7CC4808380068C0F340400D
:105230000028F1D011E0FEF773FD054606E0FEF709
:105240006FFD401B642801D903208BE7C248083852
:105250000068C0F340400028F1D1207800F002003F
:1052600002285FD1BC48006800F00C0058B1BA4871
:10527000006800F00C0008281CD1B748001F006827
:1052800000F48000B0B9B44808380068C0F34000AA
:1052900020B1E068012801D0012063E7AE4808385A
:1052A000006820F0F800216940EAC100AA490839E5
:1052B000086037E0E06800B30120A8490860FEF705
:1052C0002FFD054606E0FEF72BFD401B022801D905
:1052D000032047E7A04808380068C0F340000028D2
:1052E000F1D09D480838006820F0F800216940EAB4
:1052F000C10099490839086014E000209749086006
:10530000FEF70EFD054606E0FEF70AFD401B0228EB
:1053100001D9032026E7904808380068C0F3400010
:105320000028F1D1207800F0080008282CD160690D
:10533000A8B101208A490860FEF7F2FC054606E0A4
:10534000FEF7EEFC401B022801D903200AE7824841
:105350006C300068C0F340000028F1D014E0002059
:105360007F490860FEF7DCFC054606E0FEF7D8FC46
:10537000401B022801D90320F4E677486C3000680E
:10538000C0F340000028F1D1207800F00400042888
:1053900070D1002770483830006800F0805090B914
:1053A00000BF002000906C483830006840F080500A
:1053B0006949383108600846006800F08050009064
:1053C00000BF00BF01276748006800F48070B0B9D3
:1053D0006448006840F4807062490860FEF7A0FCF1
:1053E000054606E0FEF79CFC401B022801D903207D
:1053F000B8E65C48006800F480700028F2D000BF76
:10540000A068012808D154486830006840F00100C5
:105410005149683108601DE0A06805280DD14E484B
:105420006830006840F004004B4968310860084665
:10543000006840F0010008600CE0474868300068F0
:1054400020F001004449683108600846006820F0F7
:105450000400086000BFA068A8B1FEF761FC054623
:1054600009E0FEF75DFC401B41F28831884202D919
:10547000032077E626E0384868300068C0F3400033
:105480000028EED013E0FEF74BFC054608E0FEF7DF
:1054900047FC401B41F28831884201D9032061E674
:1054A0002D4868300068C0F340000028EFD1012F7C
:1054B00007D129483830006820F08050264938311B
:1054C000086000BFA069002845D02348006800F0AC
:1054D0000C0008285DD0A069022845D100201F4992
:1054E0000866FEF71DFC054606E0FEF719FC401BAA
:1054F000022801D9032035E6174808380068C0F3B0
:1055000040600028F1D1D4E907010843616A40EA0C
:1055100081110122A06AC2EB500041EA00412C2017
:10552000005D41EA00600C49091F086001200B4939
:105530000866FEF7F5FB054606E0FEF7F1FB401BAB
:10554000022801D903200DE6034808380068C0F39B
:1055500040600028F1D049E008380240000047428E
:10556000800E474200700040002021490866FEF787
:10557000D7FB054606E0FEF7D3FB401B022801D906
:105580000320EFE51B480068C0F340600028F2D11B
:105590002CE0A069012800D1E4E51648001D06684A
:1055A000A069012820D006F48001E06981421BD166
:1055B00006F03F01206A814216D147F6C0703040A4
:1055C000616AB0EB811F0FD106F440310122A06A5D
:1055D000C2EB5000B1EB004F06D106F070612C20F9
:1055E000005DB1EB006F01D00120BBE50020B9E503
:1055F000000047420038024070B504460CB9012053
:1056000070BD607F20B900202077204600F04EF862
:10561000022060772068C068C0F3001000283CD1E9
:1056200000BFCA202168486253202168486200BF39
:10563000204604F065FF0546EDB9206880681A49E8
:1056400008402168886021696068084361690843EF
:10565000216889680843216888602168E0680861DA
:1056600020680169208941EA0040216808612046DC
:1056700004F06BFF05465DB92068006C20F48020C3
:10568000216808642068006CA169084321680864E7
:1056900000BFFF202168486200E000250DB901200D
:1056A00060772846ACE70000BFFF8FFF1FB50446B8
:1056B00000200090019002900390094920688842E0
:1056C0000CD102200090074803906846FFF714FBB6
:1056D00008B1FDF777F80120034908601FBD0000FD
:1056E0000028004000031E003C0E474270B50446EF
:1056F00000250B482168C860FEF712FB054607E04D
:10570000FEF70EFB401BB0F57A7F01D9032070BD78
:105710002068C06800F020000028F1D00020F6E7E3
:105720005F7F010010B504460CB9012010BD606A0E
:1057300038B96068B0F5827F00D105E00021E161F1
:1057400002E00021216161610021A16294F8510011
:1057500028B9002084F85000204600F047F80220C5
:1057600084F851002068006820F04000216808603B
:10577000A08800F48270218901F404410843A189C2
:1057800001F400610843217C01F002010843217DFE
:1057900001F001010843218B01F400710843217FCE
:1057A00001F0380108432021095D01F08001084320
:1057B000218D01F400510843216808600421A0698B
:1057C00001EA104094F8241001F010010843216808
:1057D00048602068C06920F400602168C86100202A
:1057E0006065012084F8510000209FE710B586B065
:1057F0000446142101A8FBF77BFC4B492068884232
:105800007ED100BF002000904848006840F48050DE
:10581000464908600846006800F48050009000BFC8
:1058200000BF00BF0020009040481438006840F0DE
:1058300002003E49143908600846006800F0020082
:10584000009000BF00BF00BF002000900846006825
:1058500040F0010008600846006800F00100009078
:1058600000BF00BF18200190022002900120039089
:10587000032004900520059001A92D48FEF750F95A
:1058800080200190022002900120039003200490C8
:105890000520059001A92748FEF742F92648274927
:1058A00008604FF0C0604860002124488160C160FA
:1058B0004FF480610161002141618161C1614FF458
:1058C0004031016200214162FEF746F808B1FCF761
:1058D00079FF00BF1948E064846300BF1648483070
:1058E000174908604FF0C06048604021144881604B
:1058F0000021C1604FF4806101610021416100E03D
:1059000010E08161C1614FF4003101620021416208
:10591000FEF722F808B1FCF755FF00BF0848A06465
:10592000846300BF06B010BD00300140443802401F
:10593000000402400000024010640240F40B00200A
:10594000540C00202DE9FE4F04460F4690461D469C
:105950000C9E01200190FEF7E3F9814694F851B0C6
:1059600060680290AA46BBF1010F0BD00298B0F517
:10597000827F04D1A06810B9BBF1040F02D00220CD
:10598000BDE8FE8F1FB1B8F1000F00D00DB90120A6
:10599000F6E700BF94F85000012801D10220EFE79C
:1059A000012084F8500000BF94F85100042802D070
:1059B000052084F8510000206065C4F83880E58730
:1059C000A5872763E586A586206460642068006853
:1059D00000F04000402805D02068006840F04000FA
:1059E00021680860E068B0F5006F52D1606810B1BE
:1059F000BAF1010F09D1206B00882168C860206BC3
:105A0000801C2063E08E401EE0863BE020688068BA
:105A100000F00200022810D1E08E70B10198012838
:105A20000BD1206B00882168C860206B801C20632C
:105A3000E08E401EE086002001902068806800F023
:105A4000010068B1E08F58B12068C068A16B088080
:105A5000A06B801CA063E08F401EE08701200190B6
:105A6000FEF75EF9A0EB0900B0420BD3701C48B101
:105A7000012084F8510000BF002084F8500000BFCE
:105A800003207DE7E08E0028C0D1E08F0028BDD143
:105A900052E0606810B1BAF1010F09D1206B0078B3
:105AA00021680873206B401C2063E08E401EE08656
:105AB0003CE02068806800F00200022810D1E08EEF
:105AC00070B1019801280BD1206B00782168087310
:105AD000206B401C2063E08E401EE0860020019079
:105AE0002068806800F0010068B1E08F58B120683C
:105AF000C068A16B0870A06B401CA063E08F401EC3
:105B0000E08701200190FEF70BF9A0EB0900B042FD
:105B100001D3701C00B94EB9012084F8510000BFB8
:105B2000002084F8500000BF032029E7E08E002801
:105B3000BFD1E08F0028BCD14A463146204604F050
:105B4000A3FD40B12020606500BF002084F8500014
:105B500000BF012014E7A06850B900BF00200090EA
:105B60002068C068009020688068009000BF00BF77
:105B7000012084F8510000BF002084F8500000BFCD
:105B8000606D08B10120FBE60020F9E67047704720
:105B900010B504460CB9012010BD94F83D0028B999
:105BA000002084F83C00204600F026F8022084F80B
:105BB0003D00211D206804F02FFF012084F84600DD
:105BC00000BF84F83E0001213F20015540200155CF
:105BD0004120015500BF00BF012084F8420043204E
:105BE0000155442001554520015500BF012084F88E
:105BF0003D000020D0E7000008B50A4A0168914244
:105C00000FD100BF002100910749096841F400311C
:105C1000054A11601146096801F40031009100BF86
:105C200000BF08BD0044014044380240014691F8DD
:105C30003D00012801D001207047022081F83D007D
:105C40000868C06840F001000B68D8601A4B08680B
:105C500098421BD00868B0F1804F17D0174B0868E6
:105C6000984213D0164B086898420FD0154B08681D
:105C700098420BD0144B0868984207D0134B086821
:105C8000984203D0124B086898420CD1086880688B
:105C900000F00702062A0CD00868006840F00100F6
:105CA0000B68186005E00868006840F001000B68A8
:105CB00018600020C0E70000000001400004004020
:105CC00000080040000C004000040140004001407A
:105CD00000180040704770B504462068C568206809
:105CE000066906F00200022819D105F00200022818
:105CF00015D1401F21680861012020772068806944
:105D000000F0030018B12046FFF7E4FF05E020464D
:105D100000F0CAF8204600F07EF90020207706F057
:105D20000400042819D105F00400042815D1C0434B
:105D300021680861022020772068806900F44070A3
:105D400018B12046FFF7C6FF05E0204600F0ACF88A
:105D5000204600F060F90020207706F008000828AF
:105D600019D105F00800082815D1C0432168086141
:105D7000042020772068C06900F0030018B1204695
:105D8000FFF7A8FF05E0204600F08EF8204600F05F
:105D900042F90020207706F01000102819D105F0F4
:105DA0001000102815D1C043216808610820207711
:105DB0002068C06900F4407018B12046FFF78AFFE0
:105DC00005E0204600F070F8204600F024F900209D
:105DD000207706F0010048B105F0010030B16FF006
:105DE000010021680861204600F09CF906F080005F
:105DF000802809D105F08000802805D1C0432168A2
:105E000008612046FFF7C2FE06F04000402809D195
:105E100005F04000402805D1C043216808612046B4
:105E200000F089F906F02000202809D105F02000B3
:105E3000202805D1C043216808612046FFF7A7FE4E
:105E400070BD000010B586B00446142101A8FBF710
:105E50004FF91249206888421DD100BF00200090F0
:105E60000F48006840F020000D49086008460068AF
:105E700000F02000009000BF00BF402001900220F1
:105E8000029001200390022004900320059001A9B4
:105E90000448FDF745FE06B010BD00000044014077
:105EA000303802400014024070472DE9F0410446AA
:105EB0000D461646002700BF94F83C00012802D189
:105EC0000220BDE8F081012084F83C0000BF36B11B
:105ED000042E1BD0082E31D00C2E5ED145E0294671
:105EE000206804F01BFE2068806940F008002168EB
:105EF00088612068806920F004002168886120683A
:105F00008069296908432168886148E0294620683A
:105F100004F03CFE2068806940F4006021688861DC
:105F20002068806920F48060216888612068806929
:105F3000296940EA01202168886130E0294620680B
:105F400004F062FE2068C06940F008002168C86162
:105F50002068C06920F004002168C8612068C06919
:105F6000296908432168C86119E02946206804F0BE
:105F700087FE2068C06940F400602168C86120681D
:105F8000C06920F480602168C8612068C0692969FF
:105F900040EA01202168C86101E0012700BF00BF7D
:105FA00000BF002084F83C0000BF384689E710B5E8
:105FB00004460CB9012010BD94F83D0028B900201A
:105FC00084F83C00204600F025F8022084F83D00CB
:105FD000211D206804F020FD012084F8460000BF48
:105FE00084F83E0001213F20015540200155412009
:105FF000015500BF00BF012084F842004320015535
:10600000442001554520015500BF012084F83D0082
:106010000020D0E77047704770B504460D4615B9AB
:1060200094F83E000BE0042D02D13F20005D06E015
:10603000082D02D14020005D01E04120005D0128D3
:1060400001D0012070BD1DB9022084F83E000EE091
:10605000042D03D102213F20015508E0082D03D172
:1060600002214020015502E0022141200155012278
:106070002946206804F040FD23492068884203D067
:1060800022492068884201D1012000E0002028B187
:106090002068406C40F40040216848641A49206838
:1060A00088421BD02068B0F1804F17D01849206873
:1060B000884213D01749206888420FD016492068BB
:1060C00088420BD011492068884207D013492068C4
:1060D000884203D01249206888420CD12068806829
:1060E00000F00706062E0CD02068006840F0010082
:1060F0002168086005E02068006840F00100216820
:10610000086000209EE700000000014000040140FC
:106110000004004000080040000C00400040014026
:106120000018004010B504462068B0F1804F01D13E
:10613000FDF7FCFD10BD7047704710B5044600BF69
:1061400000BF21680C3151E8001F21F490702168D4
:106150000C3141E80002002AF3D100BF00BF00BFAC
:106160002168143151E8001F21F001002168143129
:1061700041E80002002AF3D100BF206B01280ED1B4
:1061800000BF00BF21680C3151E8001F21F0100052
:1061900021680C3141E80002002AF3D100BF2068D9
:1061A000406900F04000402820D100BF00BF2168B6
:1061B000143151E8001F21F040002168143141E8FA
:1061C0000002002AF3D100BFE06B78B10020E16B40
:1061D0000865E06BFDF733FA40B1E06BFDF799FA23
:1061E000202803D110206064032010BD0020E0852A
:1061F000202084F842000020206300BFF5E77047AC
:106200002DE9F84F0446206805682068C6682068B4
:1062100047694FF00009CA4605F00F09B9F1000FB0
:106220000AD105F0200038B106F0200020B1204648
:1062300004F0B7FEBDE8F88FB9F1000F7CD007F08D
:10624000010018B906F49070002875D005F001001F
:1062500030B106F4807018B1606C40F001006064E9
:1062600005F0040030B107F0010018B1606C40F097
:106270000200606405F0020030B107F0010018B1BF
:10628000606C40F00400606405F0080048B106F05E
:10629000200010B907F0010018B1606C40F0080050
:1062A0006064606C002846D005F0200028B106F03C
:1062B000200010B1204604F074FE20684069C0F34D
:1062C000801A606C00F0080010B9BAF1000F2DD0F0
:1062D000204604F00DFE2068406900F04000402890
:1062E00020D100BF00BF2168143151E8001F21F008
:1062F00040002168143141E80002002AF3D100BFB8
:10630000E06B50B17F48E16B0865E06BFDF7EDF99C
:1063100088B1E06B016D88470DE02046FFF76FFF05
:1063200009E009E02046FFF76AFF04E02046FFF796
:1063300066FF002060647DE7206B012878D105F0BE
:106340001000002874D006F010000028FAD000BF1A
:10635000002000902068006800902068406800904D
:1063600000BF00BF2068406900F04000402870D1A5
:10637000E06B006840681FFA80F8B8F1000F58D051
:10638000A08D404555DDA4F82E80E06BC069B0F5C6
:10639000807F43D000BF00BF21680C3151E8001F4F
:1063A00021F4807021680C3141E80002002AF3D109
:1063B00000BF00BF00BF2168143151E8001F21F069
:1063C00001002168143141E80002002AF3D100BF26
:1063D00000BF00BF2168143151E8001F21F04000C8
:1063E0002168143141E80002002AF3D100BF2020C7
:1063F00084F842000020206300BF00BF21680C31F8
:1064000051E8001F21F0100021680C3141E8000222
:10641000002AF3D100BFE06BFDF711F902206063A1
:10642000A08DE28D801A81B22046FFF785FE0EE036
:1064300052E0A08D40450AD1E06BC069B0F5807F85
:1064400005D102206063A18D2046FFF775FEF1E6BD
:10645000FFE7A08DE18D401A1FFA80F8E08DD0B3E0
:10646000B8F1000F37D000BF00BF21680C3151E8F0
:10647000001F21F4907021680C3141E80002002ACD
:10648000F3D100BF00BF00BF2168143151E8001FE5
:1064900021F001002168143141E80002002AF3D103
:1064A00000BF202084F842000020206300BF00BF0E
:1064B00021680C3151E8001F21F0100021680C31D7
:1064C00041E80002002AF3D100BF02206063414688
:1064D0002046FFF731FEADE605F0800030B106F052
:1064E000800018B1204604F05DFFA3E605F04000EF
:1064F00030B106F0400018B1204604F02FFD99E6B7
:1065000000BF97E651AD000810B504460CB9012054
:1065100010BDA06900B100E000BF94F8410028B9A7
:10652000002084F84000204600F02AF8242084F857
:1065300041002068C06820F400502168C8602046EF
:1065400004F0AEFD2068006920F4904021680861E5
:106550002068406920F02A00216848612068C068EE
:1065600040F400502168C86000206064202084F856
:10657000410084F842000020606300BFC8E70000CB
:1065800010B586B00446142101A8FAF7B1FDBF4941
:10659000206888427ED100BF00200090BC4800687F
:1065A00040F01000BA4908600846006800F010008A
:1065B000009000BF00BF00BF00200090B448143816
:1065C000006840F00200B2491439086008460068CB
:1065D00000F00200009000BF00BF00BF002000904C
:1065E0000846006840F0010008600846006800F0B6
:1065F0000100009000BF00BF8020019002200290A7
:1066000000200390032004900720059001A9A148D1
:10661000FDF786FA4FF400700190022002900020EE
:106620000390032004900720059001A99A48FDF7E4
:1066300077FA9A489A4908604FF000604860002154
:1066400097488160C1604FF4806101610021416120
:1066500081614FF48071C161490201620021416290
:10666000FDF77AF908B1FCF7ADF800BF8C48E0639C
:10667000846300BF894878308A4908604FF0006021
:1066800048604021874881600021C1604FF48061EB
:10669000016100E01BE0002141618161C1614FF4B3
:1066A0000031016200214162FDF756F908B1FCF7A3
:1066B00089F800BF7B48A063846300BF00220521E6
:1066C0002520FDF7F5FB2520FDF7DEFBDBE0764915
:1066D0002068884258D100BF002000906C48001FFD
:1066E000006840F480206A49091F08600846006875
:1066F00000F48020009000BF00BF00BF0020009089
:1067000063481438006840F0040061491439086097
:106710000846006800F00400009000BF00BF4FF47E
:10672000406001900220029000200390032004901A
:106730000720059001A95D48FDF7F2F95C485D4925
:1067400008604FF00060486000215A488160C160D5
:106750004FF480610161002141618161C161016289
:106760004162FDF7F9F808B1FCF72CF800BF514879
:10677000E063846300BF002205212720FDF798FB1A
:106780002720FDF781FB7EE04B49206888427AD1C3
:1067900000BF002000903E48006840F020003C49C7
:1067A00008600846006800F02000009000BF00BFAD
:1067B00000BF0020009036481438006840F04000C8
:1067C0003349143908600846006800F04000009022
:1067D00000BF00BF4FF484400190022002900020CF
:1067E0000390032004900820059001A93348FDF789
:1067F00097F92A4818383249086080054860002116
:106800002F488160C1604FF48061016100214161C6
:106810008161C1614FF44031016200214162FDF7A5
:106820009BF808B1FBF7CEFF00BF2548E063846307
:1068300000BF1A486030234908604FF0206048606C
:106840004021204881600021C1604FF480610161D6
:10685000002141618161C1614FF440310162002139
:106860004162FDF779F808B1FBF7ACFF00BF1548AE
:10687000A063846300BF002205214720FDF718FBB9
:106880004720FDF701FB06B010BD000000100140DD
:1068900044380240000402400000024040640240CC
:1068A000D40D0020340E00200048004000080240B3
:1068B00028600240940E002000140140001802409D
:1068C000F40E0020540F002070B504460D46164605
:1068D00094F8420020280BD105B10EB9012070BDFB
:1068E0000020206332462946204604F0EFFCF6E7FC
:1068F0000220F4E770477047F7B50446154694F850
:10690000410020283ED1019800B10DB90120FEBD03
:1069100001982062A584E58400206064212084F829
:1069200041001948A16BC8631848A16B0864184856
:10693000A16BC8640020A16B086501AE23681A1D15
:1069400031682B46A06BFDF77DF830B110206064F4
:10695000202084F841000120D9E76FF04000216831
:10696000086000BF00BF2168143151E8001F41F0EA
:1069700080002168143141E80002002AF3D100BFF1
:106980000020C4E70220C2E78BAE0008E3AE000897
:1069900063AD00080349884202D10121024A117007
:1069A00070470000FC0C0020DF070020704700004B
:1069B00070B5044600202074A37B484D2D8803FB4E
:1069C00005F26168D4F8F400FAF736FBA27B434B7A
:1069D0001B8802FB03F16068FAF78AFBA27B3F4B3E
:1069E0001B885A43A37B02FB03F1D4F81801FAF782
:1069F0007FFB227B394B1B885A43A37B02FB03F1AD
:106A0000D4F80C01FAF774FB002031E0D4F8F4104C
:106A100001EB800191ED000AB5EEC00AF1EE10FA2B
:106A200024D0D4F8F41001EB800191ED000A227C0F
:106A3000D4F8F41001EB820181ED000A227C616A36
:106A40008854A16901EB800191ED000A6169095C3C
:106A5000227B237C12FB0311491ED4F80C2102EB8C
:106A6000810181ED000A217C491C2174411CC8B2BE
:106A7000A17B8142CADC002011E0626A125CE169FC
:106A800001EB820191ED000A227C00FB0202D4F8A6
:106A9000181101EB820181ED000A411CC8B2217C72
:106AA0008142EADC207CA4F87800217B7A20015323
:106AB000207BA4F88000217C82200153207CA4F854
:106AC0009000217C92200153207BA4F89800217C27
:106AD0009A200153207CA4F8480070BD14010020C6
:106AE00000BFFEE71CB50278A52A6DD190F82420DE
:106AF000AA2A69D102780A704278837842EA03228E
:106B00004A80C278037942EA032212B28A8042792B
:106B1000837942EA032212B2CA80C279037A42EA36
:106B2000032212B20A81427A837A42EA032212B223
:106B30004A8100220AE002F10B03C35C01ACA354BA
:106B400002F10F03C35C0DF80230521C042AF2DB81
:106B50009DED010A81ED030A9DED000A81ED040A15
:106B600000220AE002F11303C35C01ACA35402F15A
:106B70001703C35C0DF80230521C042AF2DB9DEDB2
:106B8000010A81ED050A9DED000A81ED060AC27E2B
:106B90000A77027F437F42EA0322CA83002205E08C
:106BA00002F11E03C35C01ACA354521C042AF7DBA0
:106BB000019A0A6210F8222F437842EA03228A845B
:106BC0008278223881F826200E4B0A6A1B689A4286
:106BD00005D10D4A1288521C0B4B1A8002E000228C
:106BE000094B1A80084A1288642A03DB0122074BEA
:106BF0001A7002E00022054B1A70024B0A6A1A60F2
:106C00001CBD0000580500205C0500205105002037
:106C100070B52DED088B86B004460D46164694EDF2
:106C2000040ACA48D0ED000A30EE600AB0EEC00A8D
:106C3000DFEDC70AB4EEE00AF1EE10FA22DC94EDC3
:106C4000050AC448D0ED000A30EE600AB0EEC00A72
:106C5000DFEDBF0AB4EEE00AF1EE10FA12DC94EDBB
:106C6000060ABD48D0ED000A30EE600AB0EEC00A58
:106C7000DFEDB70AB4EEE00AF1EE10FA02DC20789C
:106C800000287DD094ED040ADFEDB40A80EE201ACE
:106C9000B0EE41BAB0EE4B0AF9F76AFBF0EE408A6B
:106CA00094ED050ADFEDAD0A80EE201AB0EE41BA90
:106CB000B0EE4B0AF9F75CFBF0EE40AA94ED060A41
:106CC000DFEDA60A80EE201AB0EE41BAB0EE4B0A14
:106CD000F9F74EFBB0EE409A94ED040ADFED9F0AFF
:106CE00080EE201AB0EE41BAB0EE4B0AF9F77CFB09
:106CF000B0EE40AA94ED050ADFED980A80EE201A66
:106D0000B0EE41BAB0EE4B0AF9F76EFBF0EE409AE6
:106D100094ED060ADFED910A80EE201AB0EE41BA3A
:106D2000B0EE4B0AF9F760FBB0EE408A68EE890AD4
:106D30002AEE291AB0EE480A41EE000A8848C0ED52
:106D4000000A2AEE8A0A874880ED000AB0EE480A57
:106D500028EE800A69EE0A0A00EEE90A824880ED10
:106D6000000A68EEA90AB0EE480A20EE800A09EE91
:106D70004A0A7E4880ED000A28EEAA0A7C4800E014
:106D800021E080ED000AF1EE4A0AB0EE480A20EE5A
:106D9000800A68EE890A00EEE90A764880ED000A6A
:106DA000F1EE6A0AB0EE480A20EE800A724880EDE1
:106DB000000A7248C0ED009A2AEE890A704880EDF8
:106DC000000A00202070002011E005EB800191ED09
:106DD000000A211D01EB8001D1ED000A20EE200AFE
:106DE00003A901EB800181ED000A411CC8B2032810
:106DF000EBDB9DED030A5A48D0ED000A20EE200A95
:106E0000DDED040A574890ED001A01EE200ADDED91
:106E1000050A554890ED001A01EE200A85ED000A9A
:106E20009DED030A5148D0ED000A20EE200ADDED69
:106E3000040A4F4890ED001A01EE200ADDED050A24
:106E40004C4890ED001A01EE200A85ED010A9DEDF7
:106E5000030A4948D0ED000A20EE200ADDED040ABD
:106E6000464890ED001A01EE200ADDED050A44487F
:106E700090ED001A01EE200A85ED020A00200AE0DA
:106E800006EB800191ED000A694601EB800181ED7E
:106E9000000A411CC8B20328F2DB9DED000A30480D
:106EA000D0ED000A20EE200ADDED010A2D4890ED1C
:106EB000001A01EE200ADDED020A2B4890ED001ABF
:106EC00001EE200A86ED000A9DED000A2748D0ED6C
:106ED000000A20EE200ADDED010A254890ED001A97
:106EE00001EE200ADDED020A224890ED001A01EEC3
:106EF000200A86ED010A9DED000A1F48D0ED000A28
:106F000020EE200ADDED010A1C4890ED001A01EE8A
:106F1000200ADDED020A1A4890ED001A01EE200A5F
:106F200086ED020A94ED040A084880ED000A94ED0B
:106F3000050A084880ED000A94ED060A064880ED2F
:106F4000000A06B0BDEC088B70BD000040070020B1
:106F50006F12833A4407002048070020E12E654263
:106F60004C0700205007002054070020580700203D
:106F70005C070020600700206407002068070020ED
:106F80006C07002010B5044654F8EC0F90ED000A91
:106F9000834880ED000A206890ED010A814880ED69
:106FA000000A206890ED020A7F4880ED000A54F83C
:106FB000EC0990ED030A7D4880ED000A7848D0ED99
:106FC000000A60EEA00A774890ED001AD0ED001A92
:106FD00041EE210A744890ED001AD0ED001A41EEFE
:106FE000210A724890ED001AD0ED001A41EE210AF4
:106FF000B0EE600A0DF09AFB6D4880ED000A0020AB
:1070000012E0D4F8EC1001EB800191ED000A684920
:10701000D1ED000A20EE200AD4F8EC1001EB80013B
:1070200081ED000A411CC8B20428EADB614890EDFA
:107030006F0A5C48D0ED000A20EE200AF0EE000A4C
:1070400080EE201AF834A06880ED041A594890EDBB
:107050006F0A5548D0ED000A20EE200AF0EE000A33
:1070600080EE201AA06880ED051A524890ED6F0A54
:107070004B48D0ED000AF1EE600A20EE200AF0EE57
:10708000000A80EE201AA06880ED0A1A494890EDA7
:107090006F0A4648D0ED000A20EE200AF0EE000A02
:1070A00080EE201AA06880ED0B1A424890ED6F0A1E
:1070B0003E48D0ED000AF1EE600A20EE200AF0EE24
:1070C000000A80EE201AA06880ED101A394890ED71
:1070D0006F0A3348D0ED000AF1EE600A20EE200A74
:1070E000F0EE000A80EE201AA06880ED111A3148F7
:1070F00090ED6F0A2C48D0ED000A20EE200AF0EE49
:10710000000A80EE201AA06880ED161A294890ED3A
:107110006F0A2448D0ED000AF1EE600A20EE200A42
:10712000F0EE000A80EE201AA06880ED171A2068A1
:1071300090ED1C0A1F48D0ED740A80EE201A2068DA
:1071400080ED1C1A206890ED230A1A48D0ED740ACD
:1071500080EE201A206880ED231A54F8F80990ED8B
:107160001C0ADFED150AB4EEE00AF1EE10FA05DDB7
:107170009FED110AD4F8F80080ED1C0AD4F8F8004D
:1071800090ED230ADFED0C0AB4EEE00AF1EE10FAFE
:1071900005DD9FED090AD4F8F80080ED230A10BD43
:1071A000D0010020D4010020D8010020DC01002003
:1071B000E0010020189E002000401C4610B52DED77
:1071C000068BF0EE408AB0EE60AAB0EE419AB0EEC7
:1071D000618AF0EE429A01203A4908700846C0EDF3
:1071E0006C8A80ED6DAA80ED6E9A9FED370A80ED76
:1071F000730A002081F838010A46C2F84001C2F83B
:1072000044010021C2F84811C2F84C11B7EE000A3F
:10721000B4EEC08AF1EE10FA03DDB7EE000AB0EE6C
:10722000408A284880ED748AC0ED649A03230022C6
:107230000621001D01F06EF9244B01221146A3F135
:107240000800F9F79FF9B7EE000A1E48D0F8EC00E5
:1072500080ED000A9FED1E0A1A48D0F8EC0080ED80
:10726000010A9FED1B0A1748D0F8EC0080ED020AD6
:107270009FED170A1348D0F8EC0080ED030A15497A
:107280001048C0F8D0101449C0F8D4101349C0F801
:10729000D8101349C0F8DC10012180F82E1080F8B6
:1072A0002F1001469022D1F804010E49F9F7C4FECF
:1072B00004499022D1F8FC000B49F9F7BDFEBDEC62
:1072C000068B10BD189E002077CC2B32E09F00204B
:1072D00000000000ED720008856F000821730008AF
:1072E0007D7A0008249701083001002010B504467B
:1072F00054F8F81F90220748F9F79EFE48220648E6
:10730000616AF9F799FE6169F83C48220348F9F788
:1073100093FE10BD30010020F89F002040A0002007
:1073200010B5044654F8EC0F90ED000AF0EE000A98
:1073300020EE200A3F4880ED000A206890ED010A07
:10734000F0EE000A20EE200A3B4880ED000A20689B
:1073500090ED020AF0EE000A20EE200A374880ED98
:10736000000A206890ED030AF0EE000A20EE200AE1
:10737000334880ED000A14F8DE2C324B1B885A4348
:1073800014F8E03C02FB03F1206AF9F7B1FE2B4848
:1073900090ED000AB1EE400A206A80ED000A28480C
:1073A00090ED000A206A80ED010A224890ED000A63
:1073B000B1EE400A206A80ED020A1F4890ED000AF3
:1073C000206A80ED030A1C4890ED000A206A80EDD7
:1073D000060A184890ED000A206A80ED070A18484E
:1073E00090ED000A206A80ED080A144890ED000A2A
:1073F000206A80ED090A0F4890ED000A206A80EDAE
:107400000C0A0D4890ED000AB1EE400A206A80EDAA
:107410000D0A0A4890ED000AB1EE400A206A80ED9C
:107420000E0A074890ED000A206AEC3C80ED0F0A36
:1074300010BD0000E4010020E8010020EC01002064
:10744000F00100201401002010B52DED088BB0EEE6
:1074500040AAF0EE60AAB0EE41BAF0EE618AB0EE5A
:10746000429AF0EE629AB0EE438AFE48007858B92C
:107470009FEDFD2AF7EE001A9FEDFC1ADFEDFC0AE6
:10748000B2EE040AFFF79AFEF64880ED6F8A90ED9F
:10749000580A3AEE400A80ED5B0A90ED590A3AEE3E
:1074A000C00A80ED5C0A90ED5A0A3BEE400A80ED7E
:1074B0005D0A90ED5B0AF6EE000A20EE200A20EE4F
:1074C000080AEC4880ED000AE64890ED5C0AF6EE0A
:1074D000000A20EE200A20EE080AE74880ED000AA4
:1074E000E04890ED5D0AF6EE000A20EE200A20EE5C
:1074F000080AE24880ED000ADA499022D1F8040136
:10750000DF49F9F799FDDB4890ED000AB1EE400A3A
:10751000D448D0F8040180ED010AD74890ED000A64
:10752000B1EE400ACF48D0F8040180ED020AD348FA
:1075300090ED000AB1EE400ACA48D0F8040180ED8F
:10754000030ACC4890ED000AC648D0F8040180ED4B
:10755000060ACA4890ED000AC248D0F8040180ED3E
:10756000080AC54890ED000AB1EE400ABD48D0F8BF
:10757000040180ED090AC04890ED000AB948D0F82E
:10758000040180ED0C0ABD4890ED000AB1EE400AFE
:10759000B448D0F8040180ED0D0AB64890ED000A19
:1075A000B048D0F8040180ED0F0AB44890ED000A0D
:1075B000AC48D0F8040180ED120AAF4890ED000A03
:1075C000A848D0F8040180ED130AAA4890ED000AFB
:1075D000B1EE400AA348D0F8040180ED140AA14896
:1075E000D0F84811D0F84C010023594058400143CD
:1075F00006D19C48C0ED5E8A80ED5F9AC0ED609A2E
:10760000984890ED5E0AD0ED640A60EE200A90ED95
:107610006F0A90ED641A30EE011A80EE810AD0ED07
:107620006F0A90ED641A70EE810A90ED6F1A21EEE8
:10763000281AC1EE201A30EE210A80ED5E0A90ED84
:107640005F0AD0ED640A60EE200A90ED6F0A90EDBB
:10765000641A30EE011A80EE810AD0ED6F0A90EDC7
:10766000641A70EE810A90ED6F1A21EE091AC1EECC
:10767000201A30EE210A80ED5F0A90ED600AD0ED0D
:10768000640A60EE200A90ED6F0A90ED641A30EE05
:10769000011A80EE810AD0ED6F0A90ED641A70EE47
:1076A000810A90ED6F1A21EE291AC1EE201A30EEF0
:1076B000210A80ED600AD0ED5E0A60EEA00A90ED2E
:1076C0005F1AD0ED5F1A41EE210A90ED601AD0EDFD
:1076D000601A41EE210AB0EE600A0DF027F8694801
:1076E00080ED000A002011E0674901EB800191ED77
:1076F000000A6449D1ED000A20EE200A5949896840
:1077000001EB800181ED000A411CC8B20328EBDBCC
:107710005448D0ED5B0A60EEA00A90ED5C1AD0ED03
:107720005C1A41EE210A90ED5D1AD0ED5D1A41EE32
:10773000210AB0EE600A0CF0F9FFF7EE000A80EEC5
:10774000801A484880ED651A4E4890ED000AF7EE21
:10775000000A80EE801A434880ED661A90ED650AB3
:10776000DFED4A0AB4EEE00AF1EE10FA16D290ED1F
:10777000660ADFED470AB4EEE00AF1EE10FA0DDD1D
:1077800090ED660ADFED430AB4EEE00AF1EE10FA7E
:1077900004D20120334981F8390103E00020314946
:1077A00081F839012F4890ED6C0AD0ED6F0A20EE78
:1077B000200AD0F8180180ED000A2A4890ED6C0AE2
:1077C000D0ED6F0A20EE200AD0F8180180ED070AEC
:1077D000244890ED6C0AD0ED6F0A20EE200AD0F814
:1077E000180180ED0E0A1F4890ED6C0AD0ED6F0A6B
:1077F00020EE200AD0F8180180ED150A194890ED06
:107800006D0AD0ED6F0A20EE200AD0F8180180ED45
:107810001C0A144890ED6D0AD0ED6F0A20EE200A84
:10782000D0F8180180ED230A0E4890ED6E0AD0F8CA
:107830001C0180ED000A0B4890ED6E0AD0F81C0187
:1078400080ED040A074890ED6E0AD0F81C0180ED27
:10785000080A0448001D01F0DDFA0248406890ED76
:10786000000A19E0189E0020000000008096184BC6
:107870006F12833AC0010020C4010020C80100201B
:1078800024970108CC010020909F00209A99993EEE
:10789000CDCC1441CDCC2441734880ED540A4068CE
:1078A00090ED010A704880ED550A406890ED020A9B
:1078B0006D4880ED560A406890ED030A6A4880EDF5
:1078C000570A406890ED040A674880ED580A4068FE
:1078D00090ED050A644880ED590A1FED1D0A80ED00
:1078E0005A0A90ED541A21EE011AD0ED551A90ED76
:1078F000552A01EE821AF7EE001AB0EE002A52EE77
:10790000011AF0EE610A90ED541AD0ED571A21EEEB
:10791000211AD0ED551A90ED562A01EE821AF0EE9A
:10792000001A21EE211AB0EE410A09F0D5F8DFED78
:107930004F0A20EE200A4C4880ED6A0A90ED541A56
:1079400021EE011AD0ED571A90ED572A01EE821A56
:10795000F7EE001AB0EE002A52EE011AF0EE610ABC
:1079600090ED541AD0ED551A21EE211AD0ED561A89
:1079700090ED572A01EE821AF0EE001A21EE211A3C
:10798000B0EE410A09F0A8F8DFED380A20EE200A2F
:10799000354880ED690AD0ED550A90ED571A60EE32
:1079A000810A90ED541AD0ED561A41EE610AB8EEF4
:1079B000001A60EE810AB0EE600A08F0F7FFDFED12
:1079C0002B0A20EE200A284880ED680A90ED6A0A0A
:1079D000D0ED760A30EE600ADFED250AB4EEE00A5B
:1079E000F1EE10FA07DDB0F8D401401E00B21E49D6
:1079F000A1F8D40114E01C4890ED6A0AD0ED760A93
:107A000030EE600ADFED1B0AB4EEE00AF1EE10FA88
:107A100006D2B0F8D401401C00B21349A1F8D40139
:107A2000114890ED6A0AB0F9D40100EE900AF8EE20
:107A3000E00A9FED111A01EE200A0B4880ED6B0A57
:107A400090ED6A0A80ED760AD0F84821D0F84C0112
:107A5000521C40F100000449C1F84821C1F84C0112
:107A6000BDEC088B10BD0000189E0020E12E654281
:107A700000003443000034C30000B44370B52DED62
:107A8000028B044604F1800104F17800F9F738F91B
:107A900084F8C800B4F87800A4F8A8005A20015B64
:107AA000AA20015304F1A80204F1580104F178005E
:107AB000F9F704F884F8C800B4F8A800A4F8B000F6
:107AC0008220015BB220015304F1B00204F1800175
:107AD00004F1A800F8F7F2FF84F8C800B4F89000A9
:107AE000A4F8A0009220015BA220015304F1A0029F
:107AF00004F1900104F1B000F8F7C0FC84F8C8006C
:107B000004F1B00104F1A000F8F740FDAC34207797
:107B1000206C90ED000AFE4880ED000A206C90ED8C
:107B2000010AFC4880ED000A206C90ED020AFA4838
:107B300080ED000A206C90ED030AF84880ED000A01
:107B400034F8340CA081AC3C0121BA200153F14837
:107B500090ED000AF148D0ED000A20EE200AEC4832
:107B6000D0ED000AEC4890ED001A00EEC10AF0EEEC
:107B7000000A20EE200AD4F82C0180ED000AE44827
:107B800090ED000AE348D0ED000A20EE200AE2481A
:107B9000D0ED000AE14890ED001A00EE810AF0EE07
:107BA000000A20EE200AD4F82C0180ED010AD84802
:107BB00090ED000A20EE000AD648D0ED000A90EDC4
:107BC000001A00EEC10AD448D0ED000A90ED001A68
:107BD00000EEC10AD148D0ED000A90ED001A00EE87
:107BE000810AD4F82C0180ED020A002512E0D4F8B5
:107BF0002C0100EB850090ED000AB0EEC00AB0EE5B
:107C0000408A08F047FEC64800EB850080ED000A78
:107C1000681CC5B2032DEADBB4F84800A4F8C00024
:107C20000121C220015304F1C00204F1B80104F1A2
:107C30004800F8F7E1FF84F8C800B4F8C000A4F8E1
:107C4000A8000121AA20015304F1A80204F1C001F7
:107C500004F1B000F8F732FFB8342074012020801E
:107C60002189B83CBA20015304F1B80104F1C000E5
:107C7000F9F746F884F8C800A94A3C3204F1A80193
:107C800004F1B800F8F71AFF84F8C800A54890ED91
:107C9000720AD0ED730AB6EE001A60EE810AB4EEF5
:107CA000E00AF1EE10FA03D201209E4981F8380172
:107CB0009C4890ED720AD0ED730AB4EEE00AF1EE42
:107CC00010FA46DD90F83801002842D0954890F827
:107CD000390168B19348D0F84011D0F84401491CEB
:107CE00040F100008F4AC2F84011C2F8440105E09B
:107CF00000208C4AC2F84001C2F844018948D0F8FB
:107D00004031D0F844210020D3F13201904106D215
:107D10000020844981F8380184F82C004AE0237B54
:107D2000814D2D8803FB05F2D4E93A01F9F784F976
:107D3000237B7D4D2D886B43257B03FB05F2D4E926
:107D40003E01F9F779F9012084F82C00BDEC028B93
:107D500070BD744890ED720AD0ED730A9FED731AEE
:107D600060EE810AB4EEE00AF1EE10FA14DD90F84C
:107D7000380188B16B4890ED730AD0ED720A30EE8D
:107D8000600AD0ED730A9FED6A1A60EE810A80EEF8
:107D9000201A80ED671A04E0B7EE000A614880ED12
:107DA000670A00215F4AC2F84011C2F8441100205E
:107DB00084F82C00B4F85800A4F8A8008220015BD5
:107DC000AA20015304F1A80204F1800104F1580033
:107DD000F8F774FE84F8C80004F1980204F1B001C9
:107DE00004F1A800F8F76AFE84F8C800002012E049
:107DF000D4F81C1101EB800191ED000A4949D1ED45
:107E0000670A20EE200AD4F81C1101EB800181EDF5
:107E1000000A411CC8B2B4F898109A22125B514370
:107E20008142E5DC042025E000211FE0021F3C4BDD
:107E300003EB8202D2ED000A9FED3E1A80EE810A2A
:107E400000EB40030B44D4F81C2102EB8302D2ED7B
:107E5000000A20EE200A00EB40030B44D4F81C215A
:107E600002EB830282ED000A4A1CD1B20329DDDB5A
:107E7000411CC8B20628D7DBB4F89800A4F8B800B3
:107E80000121BA20015304F1B80204F1C00104F148
:107E90009800F8F713FE84F8C800224890F83801DB
:107EA000A0B3042058E0BC21095901EB800191EDF9
:107EB000000A1C49D1ED6F0A9FED1F1A60EE810A7E
:107EC000B4EEE00AF1EE10FA0BDD91ED6F0ADFED92
:107ED0001A0A20EE200ABC21095901EB800181ED2C
:107EE000000ABC21095901EB800191ED000A0D49FE
:107EF000D1ED6F0A9FED111A60EE810AB4EEE00A2F
:107F0000F1EE10FA26D291ED6F0A19E026E000009A
:107F1000F4010020F8010020FC01002000020020F4
:107F20009C9F0020189E002014010020CDCCCC3D49
:107F30006666663FDA0FC93F0AD7233C0AD723BCDF
:107F40005FED020A20EE200ABC21095901EB8001F5
:107F500081ED000A411CC8B20628A4DB9FED080A87
:107F6000BC20005980ED030A04F1300204F1B8018D
:107F700004F13800F8F782FA84F8C80000BFE5E69B
:107F80000000000010B52DED028B1548D0ED070A5A
:107F9000B0EE600A1348D0ED000A134801F087FFE5
:107FA0001148406B00EE100A0BF056F900EE100A73
:107FB000B8EEC00AB0EE408A9FED0C1ADFED0C0A55
:107FC0000BF034F9BCEEC00A10EE100A84B222465F
:107FD0000021084802F07EFEBDEC028B10BD0000BF
:107FE00094A00020240700207CB000200000804FD7
:107FF00000000000B40C002010B5B7EE000A2848BD
:1080000080ED010AB7EE000A80ED020AB7EE000A21
:1080100080ED030A9FED230A80ED040A9FED210AFB
:1080200080ED050A9FED1F0A80ED060A01201C491C
:1080300008709FED1C2AF7EE001A9FED1B1ADFED6A
:108040001B0AB2EE040AFFF7B9F800221146DFED71
:10805000154A9FED144ADFED133A9FED123ADFED1A
:10806000112AB3EE042ADFED121A9FED0E1ADFED8E
:10807000110A9FED110A114802F082F80021104800
:10808000FDF7CAFF9FED0F0A0F4880ED100AF2EED0
:10809000060AB6EE000A0D4800F0D8F910BD00003F
:1080A00060B00020000000008096184B6F12833AE9
:1080B00000007A44000096430000FA447CB000209F
:1080C000B40C002096430B3CE0AF002028B1002008
:1080D00010B586B0924A07CA03AB07C39148FAF7B6
:1080E00041F9914880ED000A904890ED000A8E48D1
:1080F000D0ED000A30EE200A8C4880ED000A8A4854
:1081000090ED000A8A4880ED000A00BF8948F9F71F
:1081100027FA884890ED000A874880ED070A8548CD
:1081200090ED010A844880ED080A824890ED020A29
:10813000814880ED090A7F4890ED030A7E4880ED72
:10814000040A7C4890ED040A7B4880ED050A7948D2
:1081500090ED050A784880ED060A00F11C0200F156
:1081600010017648FEF754FD734890ED091AF0EEC1
:10817000410A90ED071AB0EE410A08F0ADFCB1EEED
:10818000400ADFED6F0A20EE200ADFED6E0A80EE76
:10819000201A694880ED1A1A90ED091AF0EE410A8A
:1081A00090ED081AB0EE410A08F096FCDFED640A83
:1081B00020EE200ADFED630A80EE201A5E4880ED93
:1081C0001B1A90ED093AF0EE432A90ED083AB0EE12
:1081D000432A90ED073AF0EE431A90ED063AB0EEDE
:1081E000431A90ED053AF0EE430A90ED043AB0EEF2
:1081F000430A4D4890ED003AFFF726F94E48D0ED7E
:10820000060AB0EE600A4848D0ED000AFAF78EFB85
:108210004D4880ED000A48494C48D0E91534026DBC
:10822000C06D81E81C00C8600A4644314848F9F72F
:108230005DFB414A02F150014648F9F757FB3E4ABF
:1082400002F15C014448F9F751FB3B4A694603A837
:10825000FAF70BFA002032E037491C3101EB8001BC
:1082600091ED000A3049D1ED000A20EE200A324992
:10827000D1ED100A2C4991ED001A30EE811AC0EEB2
:10828000010A2D49283101EB800191ED000A2A49AC
:1082900091ED101A20EE010A91ED101A2249D1ED4C
:1082A000001A31EE211AC0EE011A30EEA10A22495D
:1082B000283101EB800181ED000A411CC8B203287E
:1082C000CADB1D4A02F13401A1F10C00F9F70EFBE3
:1082D000224890ED6A0A184880ED1E0A1F4890ED6A
:1082E000690A154880ED1D0A1C4890ED680A12487D
:1082F00080ED1C0A194890ED6B0A0F4880ED1F0AAB
:1083000000BF1748007800F0010008B9FFF73AFEF7
:1083100013480068401C1249086006B010BD0000F8
:10832000DC9A010814070020180700201C07002011
:108330003807002094A00020E0AF002060B00020AB
:1083400000003443DB0F49402C070020189F002019
:10835000B89A0108C49A0108D09A0108189E002012
:108360003C0700202DE9F04F0C4609AD95E8E010E0
:10837000DDE90D89002104E014F801A000F801A056
:10838000491C032904DA14F801A0BAF1000FF3D153
:1083900090F803A062F3020A80F803A090F803A00B
:1083A0002AF0380A0AF1300A80F803A0B0F803A0D6
:1083B00063F3891AA0F803A090F804A065F3850A76
:1083C00080F804A0B0F804A066F38E1AA0F804A008
:1083D0004FF0000BB0F805A06BF3CF1AA0F805A082
:1083E000B0F807A067F3090AA0F807A0B0F808A042
:1083F0006CF38C0AA0F808A0B0F809A068F34F1A33
:10840000A0F809A0C0F80B90BDE8F08F30B50B467E
:10841000002100BF16E00A24B4EB107F05D93024F8
:1084200004EB107403F8114005E0412404EB1074D0
:108430000A3C03F81140000100254C00641C1D5546
:108440004C1CE1B29142E6DB30BD00009FED0E1AFC
:1084500080ED001A9FED0C1A80ED051A80ED090AD7
:10846000C0ED0A0AB7EE001A80ED071A9FED061A52
:1084700080ED081AB7EE001A80ED0B1A90ED001A85
:1084800080ED011A7047000000000000F0EE400A85
:1084900090ED070A90ED001A20EE010A80ED010A26
:1084A00090ED090A90ED071AD0ED051A01EE210AA8
:1084B00080ED030A90ED030A90ED0A1A30EE010AEE
:1084C00090ED031AC1EE001AC0ED061A90ED010AF4
:1084D00090ED061AD0ED011A70EEE11A01EE210AB4
:1084E00080ED020A90ED060AB7EE001A31EE400A5E
:1084F00090ED031A20EE010A80ED040A90ED040AC3
:1085000080ED050A90ED020A80ED000A90ED020A66
:10851000704700000FB583B00420FE490880082092
:10852000FD490880DDE90310087303990598487335
:1085300003990698887300210398017406980290A5
:10854000F8F768FC0399486106980290039840691F
:1085500001900299F8F7AAFDEE4800880699484371
:108560000290F8F757FC03998861EA480088069959
:10857000484302900398806901900299F8F7B8FD8A
:10858000E4480088069948430290F8F743FC0399B1
:10859000C861E04800880699484302900398C06982
:1085A00001900299F8F7A4FDDA480088049948433D
:1085B0000290F8F72FFC03990862D64800880499C6
:1085C000484302900398006A01900299F8F790FDE1
:1085D00006980290F8F71EFC0399486206980290EC
:1085E0000398406A01900299F8F760FDC948008835
:1085F000049948430290F8F70DFC03990860C548B8
:1086000000880499484302900398006801900299F9
:10861000F8F76EFDBF480088069948430290F8F7C6
:10862000F9FB03994860BB480088069948430290CB
:108630000398406801900299F8F75AFDB548008800
:10864000059948430290F8F7E5FB03998860B14823
:108650000088059948430290039880680190029928
:10866000F8F746FDAB480088049948430290F8F7B4
:10867000D1FB0399C1F8E800A64800880499484353
:1086800002900398D0F8E80001900299F8F730FDC5
:108690000398D0F8E80002900398007B0190012233
:1086A0000146DDE902303030F7F76CFF9948008869
:1086B000049948430290F8F7ADFB0399C1F8EC0028
:1086C000944800880499484302900398D0F8EC003D
:1086D00001900299F8F70CFD0398D0F8EC00029095
:1086E0000398007B019001220146DDE90230383019
:1086F000F7F748FF059818B386480088059948435E
:108700000290F8F787FB0399C1F8F00081480088D0
:108710000599484302900398D0F8F000019002991F
:10872000F8F7E6FC0398D0F8F00002900398407B3D
:10873000019001220146DDE902304030F7F722FFC7
:1087400074480088069948430290F8F763FB039940
:10875000C1F8F4006F4800880699484302900398D6
:10876000D0F8F40001900299F8F7C2FC0398D0F811
:10877000F40002900398807B019001220146DDE91C
:1087800002304830F7F7FEFE6248008804994843FB
:1087900048430290F8F73EFB0399C1F8F8005D48A2
:1087A000008804994843484302900398D0F8F800A1
:1087B00001900299F8F79CFC0398D0F8F800029019
:1087C0000398007B01900398007B00900146DDE94F
:1087D00002305030019AF7F7D5FE4E4800880499D0
:1087E000484348430290F8F715FB0399C1F8FC0091
:1087F0004848008804994843484302900398D0F8B9
:10880000FC0001900299F8F773FC0398D0F8FC0083
:1088100002900398007B01900398007B0090014632
:10882000DDE902305830019AF7F7ACFE394800888C
:108830000499484348430290F8F7ECFA0399C1F8C9
:108840000001344800880499484348430290F8F7EF
:10885000E1FA0399C1F804012E48008804994843BD
:10886000484302900398D0F8000101900299F8F76C
:108870003FFC2848008804994843484302900398E5
:10888000D0F8040101900299F8F732FC0398D0F86F
:10889000000102900398007B01900398007B0090F8
:1088A0000146DDE902306030019AF7F76BFE03986C
:1088B000D0F8040102900398007B01900398007B9C
:1088C00000900146DDE902306830019AF7F75AFE60
:1088D000059878B30F4800880499484305994843A0
:1088E0000290F8F797FA0399C1F80801094800883F
:1088F000049948430599484302900398D0F8080129
:1089000001900299F8F7F4FB0398D0F8080102905F
:10891000039803E01401002016010020407B019021
:108920000398007B00900146DDE902307030019A27
:10893000F7F728FEB9480088069948430499484348
:108940000290F8F767FA0399C1F80C01B348008860
:1089500004994843069948430290F8F75BFA039953
:10896000C1F81001AD48008806994843049948436E
:1089700002900398D0F80C0101900299F8F7B8FB27
:10898000A6480088049948430699484302900398F2
:10899000D0F8100101900299F8F7AAFB0398D0F8DB
:1089A0000C0102900398007B01900398807B00905B
:1089B0000146DDE902307830019AF7F7E3FD0398CC
:1089C000D0F8100102900398807B01900398007BFF
:1089D00000900146DDE902308030019AF7F7D2FDC0
:1089E0008E4800880499484348430290F8F712FAE9
:1089F0000399C1F814018948008804994843484301
:108A000002900398D0F8140101900299F8F770FBD6
:108A10000398D0F8140102900398007B019003980A
:108A2000007B00900146DDE902308830019AF7F7BB
:108A3000A9FD7A4800880699484348430290F8F710
:108A4000E9F90399C1F81801744800880699484368
:108A5000484302900398D0F8180101900299F8F762
:108A600047FB0398D0F8180102900398807B01908F
:108A70000398807B00900146DDE902309030019A36
:108A8000F7F780FD654800880499484306994843F4
:108A90000290F8F7BFF90399C1F81C015F480088FC
:108AA000049948430699484302900398D0F81C0162
:108AB00001900299F8F71CFB0398D0F81C01029072
:108AC0000398807B01900398007B00900146DDE9CC
:108AD00002309830019AF7F755FD0398007B4F4913
:108AE000098848430399097B48430290F8F792F9B3
:108AF0000399C1F820010398007B4849098848433D
:108B00000399097B48430290F8F784F90399C1F867
:108B100024010398007B4149098848430399097B54
:108B200048430290F8F776F90399C1F828010398B1
:108B3000007B3A49098848430290F8F76BF903999A
:108B4000C1F82C010398007B3449098848430290FE
:108B5000F8F760F90399C1F830010398D0F82001C3
:108B600002900398007B01900398007B00900146DF
:108B7000DDE90230A030019AF7F704FD0398D0F840
:108B8000240102900398007B01900398007B0090E1
:108B90000146DDE90230A830019AF7F7F3FC0398AB
:108BA000D0F8280102900398007B01900398007B85
:108BB00000900146DDE90230B030019AF7F7E2FC9F
:108BC0000398D0F82C0102900398007B01900122B9
:108BD0000146DDE90230B830F7F7D4FC0398D0F84D
:108BE000300102900398007B019001220146DDE9EB
:108BF0000230C030F7F7C6FC0021039880F8281037
:108C0000039880F82910039880F82A10039880F8B8
:108C10002B10039880F82C1007B000BD1401002021
:108C200070B50446E07B18B12046FDF7C1FE11E0A7
:108C3000A37B0E4D2D8803FB05F26168D4F8F40088
:108C4000F8F7FAF9A27B094B1B8802FB03F1606875
:108C5000F8F74EFA637B054D2D8803FB05F2A168FA
:108C6000D4F8F000F8F7E8F970BD00001401002016
:108C700010B5044694F82C0068BBB4F89800A4F82A
:108C8000A8007A20015BAA200153B4F8A800A4F838
:108C9000B0005A20015BB220015304F1A80204F194
:108CA000780104F19800F7F709FF84F8C80004F18F
:108CB000B00204F1580104F1A800F7F7FFFE84F8B0
:108CC000C80004F1500204F1B00104F15800F7F7B4
:108CD00093FF84F8C80010BD10B5044694F829002D
:108CE00068BB04F1680104F16000F8F709F884F842
:108CF000C80004F1580204F1500104F16000F7F7D4
:108D0000DDFE84F8C800B4F85800A4F8A8006A2072
:108D1000015BAA20015304F1A80204F1680104F1E7
:108D20005800F7F7CBFE84F8C80004F1580204F1AC
:108D3000880104F1A800F7F7A1FB84F8C80010BD72
:108D400010B5044694F82A00002861D104F180018E
:108D500004F17800F7F7D4FF84F8C800B4F878007D
:108D6000A4F8A8005A20015BAA20015304F1A8022C
:108D700004F1580104F17800F7F7A0FE84F8C80068
:108D8000B4F8A800A4F8B0008220015BB22001531F
:108D900004F1B00204F1800104F1A800F7F78EFE9F
:108DA00084F8C800B4F89000A4F8A0009220015BF9
:108DB000A220015304F1A00204F1900104F1B000DB
:108DC000F7F75CFB84F8C80004F1B00104F1A000DF
:108DD000F7F7DCFB84F8C800B4F85800A4F8A80042
:108DE0008220015BAA20015304F1A80204F1800152
:108DF00004F15800F7F762FE84F8C80004F1980205
:108E000004F1B00104F1A800F7F758FE84F8C80097
:108E100010BD000070B504462046FFF701FFD4F8EE
:108E2000CC0018B12046D4F8CC108847204600F07A
:108E300085F8D4F8D00018B12046D4F8D01088476F
:108E40002046FFF749FFD4F8D40018B12046D4F8E3
:108E5000D4108847207C08B9E07BB8B92046FFF7DA
:108E60006FFFD4F8D80018B12046D4F8D81088473E
:108E7000204600F0A1F8D4F8DC0018B12046D4F860
:108E8000DC1088472046FFF7F3FE13E0237B2A4DD2
:108E90002D8803FB05F2D4E93A01F8F7CDF8237BDE
:108EA000254D2D886B43257B03FB05F2D4E93E015C
:108EB000F8F7C2F8D4F8E00018B12046D4F8E01072
:108EC0008847002022E0227B00FB0202D4F8F81041
:108ED00001EB820191ED000A216A01EB8001D1EDE5
:108EE000000AB4EEE00AF1EE10FA0DD2216A01EBAD
:108EF000800191ED000A227B00FB0202D4F8F810F9
:108F000001EB820181ED000A411CC8B2217B814244
:108F1000D9DC237B084D2D8803FB05F2D4F8E8103B
:108F20002068F8F789F8D4F8E40018B12046D4F89E
:108F3000E4108847206870BD1401002010B5044675
:108F400094F8280060BB607B00282ADD207BA4F811
:108F5000B8000121BA20015304F1B80204F1300134
:108F600004F16000F7F7AAFD84F8C800207BA4F89C
:108F7000C0000121C220015304F1C00204F14001EC
:108F800004F17000F7F79AFD84F8C80004F1380284
:108F900004F1C00104F1B800F7F770FA84F8C800D2
:108FA00009E004F1380204F1300104F16000F7F740
:108FB00085FD84F8C80010BD10B5044694F82B0058
:108FC000E0BBB4F87800A4F8B8000121BA2001533E
:108FD00004F1B80204F1380104F17800F7F76EFDEE
:108FE00084F8C800B4F84800A4F8C0000121C220E9
:108FF000015304F1C00204F1B80104F14800F7F78D
:10900000FBFD84F8C800B4F89800A4F8B80001216A
:10901000BA20015304F1B80204F1C00104F1980030
:10902000F7F74CFD84F8C80004F1300204F1B801F0
:1090300004F13800F7F722FA84F8C80010BD2DE9D2
:10904000F04F0C4609AD95E8E010DDE90D890021EF
:1090500004E014F801A000F801A0491C032904DA77
:1090600014F801A0BAF1000FF3D190F803A062F355
:10907000020A80F803A090F803A02AF0380A80F8CA
:1090800003A0B0F803A063F3891AA0F803A090F836
:1090900004A065F3850A80F804A04FF0000BB0F837
:1090A00004A06BF38E1AA0F804A0B0F805A06BF32F
:1090B000CF1AA0F805A0B0F807A066F3090AA0F837
:1090C00007A0B0F808A067F38C0AA0F808A0B0F8D1
:1090D00009A06CF34F1AA0F809A0B0F80BA06FF329
:1090E000090AA0F80BA0B0F80CA068F38C0AA0F84D
:1090F0000CA0B0F80DA069F34F1AA0F80DA0BDE8C0
:10910000F08F000010B50F480F4908600320486039
:1091100000210D488160C1604FF4102101614FF4BE
:109120000011416100210176012141760021817603
:10913000C17601774177F9F791FF08B1F9F742FB62
:1091400010BD0000006400402C0B002010B50F483B
:109150000F4908600320486000210D488160C1600C
:109160004FF4102101614FF400114161002101769B
:109170000121417600218176C17601774177F9F7A7
:109180006DFF08B1F9F71EFB10BD0000006800403C
:10919000540B002008B500BF002000902A4800684A
:1091A00040F48000284908600846006800F4800008
:1091B000009000BF00BF00BF00200090084600687C
:1091C00040F4001008600846006800F400100090A9
:1091D00000BF00BF002205210C20FAF769FE0C2019
:1091E000FAF752FE002205213820FAF761FE3820F6
:1091F000FAF74AFE002205213920FAF759FE3920F4
:10920000FAF742FE002205213A20FAF751FE3A20F1
:10921000FAF73AFE002205213B20FAF749FE3B20EF
:10922000FAF732FE002205214520FAF741FE4520DB
:10923000FAF72AFE002205214620FAF739FE4620D9
:10924000FAF722FE08BD00003038024000B5CDB06C
:109250001C22414946A8F7F7EFFE002146A80BF073
:10926000CEFC3E4908601C223B491C313FA8F7F761
:10927000E3FE00213FA80BF0C2FC394908601C2224
:109280003549383138A8F7F7D7FE002138A80BF058
:10929000B6FC344908601C222F49543131A8F7F735
:1092A000CBFE002131A80BF0AAFC2F4908601C223C
:1092B000294970312AA8F7F7BFFE00212AA80BF030
:1092C0009EFC2A4908601C2223498C3123A8F7F709
:1092D000B3FE002123A80BF092FC254908601C2254
:1092E0001D49A8311CA8F7F7A7FE00211CA80BF008
:1092F00086FC204908601C221749C43115A8F7F7DD
:109300009BFE002115A80BF07AFC1B4908601C226B
:109310001149E0310EA8F7F78FFE00210EA80BF0DF
:109320006EFC164908601C220B49FC3107A8F7F7B0
:1093300083FE002107A80BF062FC114908601C2283
:1093400010496846F7F778FE002168460BF057FC95
:109350000D4908604DB000BDD09501080000002007
:1093600004000020080000200C0000201000002055
:1093700014000020180000201C0000202000002005
:1093800024000020E89601082800002000B587B0DE
:10939000142102A8F7F7ACFE00BF00200190974807
:1093A000006840F00200954908600846006800F037
:1093B0000200019000BF00BF00BF002001900846DE
:1093C000006840F0400008600846006800F0400077
:1093D000019000BF00BF00BF002001900846006858
:1093E00040F0010008600846006800F001000190AC
:1093F00000BF00BF00BF002001900846006840F099
:10940000080008600846006800F00800019000BFEE
:1094100000BF00BF002001900846006840F0040033
:1094200008600846006800F00400019000BF00BF1B
:1094300000BF002001900846006840F4807008607A
:109440000846006800F48070019000BF00BF00BFB4
:10945000002001900846006840F08000086008463F
:10946000006800F08000019000BF00BF00BF002036
:1094700001900846006840F0200008600846006837
:1094800000F02000019000BF00BF0122C0215C4815
:10949000FAF740FC00224FF480715A48FAF73AFC80
:1094A000012240215748FAF735FC01224021564855
:1094B000FAF730FC00224FF480515448FAF72AFCA6
:1094C000012210215248FAF725FC012241F2010144
:1094D0005048FAF71FFC802002900120039004906E
:1094E0000020059002A94648FAF71AFB4020029096
:1094F0000120039004900220059002A94048FAF749
:109500000FFB4FF4A0700290012003900020049004
:10951000059002A93B48FAF703FB40200290012086
:1095200003900490059002A93748FAF7F9FA4FF42E
:10953000805002900120039000200490059002A921
:109540003248FAF7EDFA082002904FF488100390A1
:109550000120049002A92C48FAF7E2FA01200290B7
:10956000002003900120049002A92948FAF7D8FAB4
:10957000102002900120039004900220059002A97F
:109580002348FAF7CDFA302002904FF48810039068
:109590000120049002A91B48FAF7C2FA4FF4805048
:1095A0000290012003900490059002A91948FAF74F
:1095B000B7FA01200290039004900220059002A9BE
:1095C0001448FAF7ADFA002205210920FAF770FCD9
:1095D0000920FAF759FC002205210A20FAF768FC55
:1095E0000A20FAF751FC002205211720FAF760FC47
:1095F0001720FAF749FC07B000BD000030380240E0
:10960000002002400008024000180240001C0240F6
:10961000000002400004024010B50A480A490860F0
:10962000002048607C210848816040F67F41C1608D
:109630000021016141618161FBF7DEFF08B1F9F7AB
:10964000C1F810BD002800407C0B002010B50F4869
:109650000F4908604FF48270486000210C48816017
:10966000C160022101610121416149028161102132
:10967000C16100210162416281620A21C162FCF77D
:1096800051F808B1F9F79EF810BD00000030014014
:109690009C0B002000B587B01C216846F7F728FD19
:1096A000154816490860532048600021134881601E
:1096B00040F2CF71C160002101618161FCF768FA5D
:1096C00008B1F9F77FF80D48FCF771FC08B1F9F71C
:1096D00079F8602000900020019002900490002210
:1096E00069460648FCF7E1FB08B1F9F76BF8034857
:1096F000FCF7A8FB07B000BD00440140B40C0020FB
:1097000010B50B480B4908604FF4E1304860002168
:1097100008488160C16001610C21416100218161C3
:10972000C161FCF7F1FE08B1F9F74CF810BD00007B
:1097300000100140FC0C002010B50B480B490860DC
:109740000B484860002109488160C1604FF4806186
:1097500001610C21416100218161C161FCF7D4FEEE
:1097600008B1F9F72FF810BD00480040440D002063
:10977000A086010010B51148114908604FF4E1308E
:10978000486000210E488160C16001610C21416187
:1097900000218161C161FCF7B7FE08B1F9F712F849
:1097A00007480068C06840F0100005490968C860B3
:1097B000A02204490248FDF787F810BD00140140BB
:1097C0008C0D002038A2002010B500220D490E4853
:1097D00005F02AFB08B1F8F7F5FF0C490A4805F037
:1097E000EBFD08B1F8F7EEFF0949074804F0C4FFA4
:1097F00008B1F8F7E7FF044805F0B4FE08B1F8F740
:10980000E1FF10BD30000020B40F002098080020B8
:109810008000002000BFFEE700BFFEE710B5044651
:10982000504890ED030ADFED500A30EE600ADFED9C
:109830004F0A80EE201AB0EE000A21EE000ADFED9A
:109840004C0A20EE200A4B4880ED000A9FED4A0AA0
:109850004A4880ED000A9FED480A494880ED000A19
:1098600001206070474800780421B1EB101F0CD034
:109870009FED410A10EE100A434908609FED3E0A31
:1098800010EE100A4860412008724048007807280E
:1098900006D13D48006860603B484068A06017E022
:1098A0003A4800786B2813D13748006800EE100A58
:1098B000F3EE0C0A30EEC00A84ED010A324840682B
:1098C00000EE100AF2EE0E0A30EEC00A84ED020A33
:1098D0002F4890ED1E0A84ED030A90ED1D0A84EDD9
:1098E000040A204890F8240000F0010010B1012083
:1098F000207501E000202075204890ED000ABDEEA3
:10990000C00A10EE100A01B2E1821D4890ED000A73
:10991000BDEEC00A10EE100A01B22183A5201D4938
:1099200008700120487008466168C0F80210A168FC
:10993000C0F80610E168C0F80A102169C0F80E10DE
:10994000217D81740146A07EC874E08A8882208BC4
:10995000C882AA20087619210E48F8F7E9F80E49BE
:10996000087010BDDCA100200080224500000046E8
:10997000D00F4940B807002000000000BC070020BD
:10998000C007002088A2002010A30020A3A200206E
:10999000E0AF0020F8B50020B207002010B52DED93
:1099A000028B0446B0EE408AF0EE608AD4F80600DE
:1099B00090ED010A8A4880ED000A00201DE054F86D
:1099C000062F411C02EB810191ED000A8449D1ED83
:1099D000000A30EE600A216801EB800181ED000A87
:1099E0006268411C02EB810191ED000AA41F02EBA9
:1099F000800181ED000A411C88B22188491E814204
:109A0000DDDCD4F806102088801E01EB800090ED8C
:109A1000000A30EE080A2088401E01EB800080ED2D
:109A2000000AD4F80A102088401E01EB8000C0ED27
:109A3000008AD4F802002188884204D2D4F80200B7
:109A4000401CC4F80200102104F11A00F7F72EFBA5
:109A500021886288891A88B24AE054F8061F01EB0F
:109A60008001D1ED000A216801EB800191ED001A1F
:109A7000616900EE101A00EE810A10EE101A6161A1
:109A800054F8061901EB8001D1ED000AD4F81E103C
:109A900000EE101A30EE800A10EE101AC4F81E10F4
:109AA000D4F8061001EB8001D1ED000AD4F80A10B9
:109AB00001EB800191ED001AD4F8221000EE101A8B
:109AC00000EE810A10EE101AC4F82210D4F80A1021
:109AD00001EB8001D1ED000AD4F8261000EE101A37
:109AE00030EE800A10EE101AC4F82610411C88B21D
:109AF00021888142B1DCD4F8220000EE100A2088CF
:109B000000EE900AF8EE600A20EE200AD4F81E005B
:109B100000EE900AD4F8260001EE100A00EEC10A09
:109B2000D4F81A0000EE900A208801EE100AB8EE70
:109B3000411A20EE811AD4F81E0000EE900A01EEC0
:109B4000900A00EEE11AC0EE010A10EE900AC4F885
:109B50000E009FED240A10EE100AC4F816002188AA
:109B60006288891A88B221E054F8061F01EB80014F
:109B700091ED001AE16800EE101AA16800EE901A4B
:109B800000EE810A616801EB8001D1ED000A30EE40
:109B9000600AF0EEC00A216900EE101A30EE800A69
:109BA00010EE101A2161A41F411C88B22188814245
:109BB000DADCD4F8160000EE100A208800EE900AD5
:109BC000B8EE601AC0EE010A10EE900AC4F8160052
:109BD000D4F80E0000EE100ABDEC028B10BD0000A0
:109BE000280100200000000070B504460D46A41CAA
:109BF00024F8025C00202060A8000BF0E5FC606007
:109C0000A8000BF0E1FCA0609FED0C0A10EE100A1A
:109C1000E0609FED0A0A10EE100A2061A90060685A
:109C2000F7F766FAA900A068A41EF7F761FA1021F9
:109C300004F11A00F7F73AFA70BD000000000000C6
:109C400010B50248FAF753FB10BD00009012002037
:109C50002DE9F04704460D4626683746D6F8408081
:109C600007F5306000EB4510D0F8089010488045AB
:109C70000BD909F40040B0F5004F06D14FF4004174
:109C800007F5306000EB451081602046FAF7EAFFE7
:109C90000748804508D9A079012805D104F29C42E3
:109CA0000121206806F0BEF80020BDE8F087000022
:109CB0000A30544F2DE9F04705460C46D5F8009080
:109CC0004E46D9F840A006F5306000EB4410D0F8BD
:109CD0000880A879012855D108F0080008280FD17C
:109CE000434882450BD908F40040B0F5004F7BD1C2
:109CF0004FF4004106F5306000EB4410816073E0E2
:109D000008F02000202806D1202106F5306000EB65
:109D10004410816068E008F02800002864D13448CD
:109D200082450CD908F40040B0F5004F07D14FF43C
:109D3000004106F5306000EB4410816054E004EB14
:109D4000C40105F5157000EB810706F5306000EBE6
:109D50004410396A0069C0F31200081A786164B9C6
:109D6000386930B905F29C420121286806F05AF89A
:109D700003E07969F8680844F860E1B22846FAF728
:109D80002DF931E01B4882451BD108F40040B0F5A5
:109D9000004F07D14FF4004106F5306000EB44104E
:109DA000816021E008F02000202805D1202106F55F
:109DB000306000EB44108160E1B22846FAF70EF9FA
:109DC00012E06CB904EBC40105F5157000EB8100DD
:109DD000006928B905F29C420021286806F022F8A3
:109DE000E1B22846FAF7FAF80020BDE8F087000053
:109DF0000A30544F0A31544F2DE9F84F07460E46AA
:109E0000D7F80090C84606EBC60107F1140000EB36
:109E10008104D4E90410884202D90120BDE8F88FFA
:109E2000D4E90401451AA068A84200D2A568E81C3C
:109E30004FEA900A17E0D4E90401451AA068A84245
:109E400000D2A568E81C4FEA900AB879ABB2F2B22A
:109E500000904846E16806F0ADFCE0682844E06008
:109E600060692844606108F5106000EB4610806965
:109E700080B2504506D3D4E90410884202D220694A
:109E80000028D8D1D4E9040188420ED806F00F0189
:109E9000012000FA01FB40F6340050F8080020EAE7
:109EA0000B0040F6340141F808000020B6E710B579
:109EB0002DED028B0446B0EE408AF0EE608A94F8F5
:109EC000980000F0800010B1204609F059F804F124
:109ED0008C00F8F747FA10EE100AC4F8900018EE5C
:109EE000100A206118EE900A2060206800EE100A27
:109EF000206900EE900A30EE600A10EE100AA061B0
:109F0000D4F8A20018B1D4F8A21020468847A0695E
:109F100000EE100AB5EEC00AF1EE10FA03DDA069FA
:109F200000EE100A04E0A06900EE100AB1EE400A4B
:109F3000A06C00EE900AB4EEE00AF1EE10FA7EDDBD
:109F4000D4F8940098BB606800EE100AA06900EE97
:109F5000900A20EE200A10EE100A6062A06800EE5F
:109F6000100AA06900EE900A60EE200AD4F8900072
:109F700000EE100A20EE800A10EE100A2063B4F8FA
:109F80006000022814DDA06900EE900AD4F8900069
:109F900000EE100A04F16200FFF700FDE06800EE39
:109FA000900A20EE200A10EE100AE0627FE016E030
:109FB000A06900EE100AE06900EE900A70EE600AF7
:109FC000E06800EE100A20EE801AD4F8900000EE4F
:109FD000100AC1EE000A10EE900AE06267E06068C5
:109FE00000EE100AD4F89400006800EE900A70EEBB
:109FF000200AA06900EE100A20EE800A10EE100A76
:10A000006062A06800EE100AD4F89400406800EE88
:10A01000900A70EE200AA06900EE100A60EE800A35
:10A02000D4F8900000EE100A20EE800A10EE100A1C
:10A030002063B4F8600002281CDDA06900E08EE017
:10A0400000EE900AD4F8900000EE100A04F16200CD
:10A05000FFF7A4FCE06800EE900AD4F89400806852
:10A0600001EE100A70EE810A20EE200A10EE100AAE
:10A07000E0621CE0E06800EE100AD4F8940080680A
:10A0800000EE900A30EE201AA06900EE100AE06996
:10A0900000EE900A30EE600A21EE001AD4F890002B
:10A0A00000EE100AC1EE000A10EE900AE062D4F849
:10A0B000A60018B1D4F8A6102046884794F8980056
:10A0C00000F0040010B1204608F0D7FF94F8980083
:10A0D00000F0200010B1204608F06EFD94F89800C2
:10A0E00000F0020010B1204608F009FE94F8980034
:10A0F00000F0400010B1204608F0D6FD94F898001A
:10A1000000F0010010B1204608F074FEA06A00EED5
:10A11000100A206B00EE900A30EE200A10EE100AB2
:10A12000A062606A00EE100AA06A00EE900A70EE6B
:10A13000200AE06A00EE100A30EE800A10EE100AE3
:10A14000606394F8980000F0100010B1204608F009
:10A15000C9FE204608F0F1FE204608F06BFF20699A
:10A160006061606BA063E06AE063A069E061206BFE
:10A170002062606B00EE100ABDEC028B10BD000087
:10A1800070B52DED0A8B0446B0EE408AF0EE608A81
:10A19000B0EE419AF0EE619AB0EE42AAF0EE62AAF9
:10A1A000B0EE43BAF0EE63BAB0EE44CAF0EE64CA61
:10A1B0000D46164619EE100AA06418EE900A606467
:10A1C00018EE100A20649FED1C0A10EE100A2060A1
:10A1D00019EE900A60601AEE100AA0601AEE900A5A
:10A1E000E0609FED150A10EE100A20631BEE100AC6
:10A1F00020651BEE900A60651CEE100AA0651CEE3F
:10A20000900AE065A4F86050294604F16200FFF767
:10A21000EBFC00208D3444F8010CE6720021E16073
:10A2200021618D3CA12001559FED030A10EE100A1B
:10A230006063BDEC0A8B70BD00000000B0EE401AF8
:10A2400010B99FED6D0A704790ED0D0A80ED0E0A72
:10A2500090ED0C0A80ED0D0AC0ED060A80ED071A9C
:10A2600030EEC10A80ED0C0A0178E9BB90ED010ADD
:10A27000D0ED0C1A20EE210A80ED090A90ED0A0AB1
:10A28000D0ED021A90ED0C2A01EE820A80ED0A0A46
:10A2900090ED0C0AD0ED0D1A30EE610AD0ED031AE4
:10A2A00020EE210A80ED0B0A90ED0A0AD0ED051A86
:10A2B000B4EEE10AF1EE10FA04DD90ED050A80ED4E
:10A2C0000A0A10E090ED0A0AD0ED051AF1EE611AC3
:10A2D000B4EEE10AF1EE10FA05D290ED050AB1EE06
:10A2E000400A80ED0A0A00E02BE090ED090AD0ED6B
:10A2F0000A1A30EE210AD0ED0B1A30EE210A80ED59
:10A30000080A90ED080AD0ED041AB4EEE10AF1EE65
:10A3100010FA04DD90ED040A80ED080A69E090ED82
:10A32000080AD0ED041AF1EE611AB4EEE10AF1EE7A
:10A3300010FA5ED290ED040AB1EE400A80ED080AF0
:10A3400057E00178012954D190ED0C0AD0ED0D1A97
:10A3500030EE610AD0ED011A20EE210A80ED090AE3
:10A3600090ED020AD0ED0C1A20EE210A80ED0A0AC7
:10A3700090ED0C0AD0ED0D1AB0EE002A02EE610A43
:10A38000D0ED0E1A30EE210AD0ED031A20EE210A8C
:10A3900080ED0B0A90ED090AD0ED0A1A30EE210A81
:10A3A000D0ED0B1A30EE210AD0ED081A30EE210A5A
:10A3B00080ED080A90ED080AD0ED041AB4EEE10A27
:10A3C000F1EE10FA04DD90ED040A80ED080A10E0C9
:10A3D00090ED080AD0ED041AF1EE611AB4EEE10A2C
:10A3E000F1EE10FA05D290ED040AB1EE400A80EDCC
:10A3F000080A90ED080A26E70000000000B970473F
:10A40000017080ED010AC0ED020A80ED031AC0ED73
:10A41000051A80ED042ADFED092AC0ED082AC0EDF7
:10A420000B2AC0ED0A2AC0ED092AC0ED0E2AC0EDA4
:10A430000D2AC0ED0C2A00BFE1E70000000000007B
:10A440001D488078C0F34100012808D11A48007FD8
:10A45000C0F3001018B10120184908700DE016482B
:10A460008078C0F34100012807D11348007FC0F372
:10A47000001010B90020114908700F488078C0F30F
:10A48000410048B90C48807F00F00300032803D145
:10A4900001200A4908700DE007488078C0F34100A8
:10A4A00040B90548807F00F00300032802D0002057
:10A4B0000249087070470000DCA10020500600200F
:10A4C0000AF092F84FF4806209490A4808F03EFE0B
:10A4D0004FF400720849A1F500700CF0E7FD06E0AA
:10A4E00006480068401C054908600BF087FAF7E74A
:10A4F000BCA90020A4A90020A4A70020DC050020FE
:10A5000070B50446002600252068C06800F04000B1
:10A51000C8B92068C06840F080002168C860F9F7B9
:10A52000FFFB064608E0F9F7FBFB801BB0F57A7FDE
:10A5300002D90420607701252068C06800F040003F
:10A5400008B9012DEFD1284670BD70B5044600252D
:10A550002068C06820F080002168C860206880689A
:10A5600000F0200030B92046FBF7C0F810B10420FD
:10A5700060770125284670BD2DE9F04F0C4609ADE6
:10A5800095E8E010DDE90D89002104E014F801A050
:10A5900000F801A0491C032904DA14F801A0BAF15B
:10A5A000000FF3D190F803A062F3020A80F803A031
:10A5B00090F803A02AF0380A0AF1080A80F803A0EC
:10A5C000B0F803A063F3891AA0F803A090F804A0E0
:10A5D00065F3850A80F804A04FF0000BB0F804A0E2
:10A5E0006BF38E1AA0F804A0B0F805A06BF3CF1A95
:10A5F000A0F805A0B0F807A066F3090AA0F807A024
:10A60000B0F808A067F38C0AA0F808A0B0F809A079
:10A610006CF34F1AA0F809A0B0F80BA06FF3090A69
:10A62000A0F80BA0B0F80CA068F38C0AA0F80CA05E
:10A63000B0F80DA069F34F1AA0F80DA0BDE8F08F97
:10A640000449097BC1F3800109B1012000E0002029
:10A6500070470000A3A2002000200449097BC1F339
:10A66000400109B1012000E000207047A3A20020B2
:10A6700000200449097B01F0010109B1012000E03B
:10A6800000207047A3A200207CB504460E46154664
:10A690003346012202212046009500F039F828B106
:10A6A000606D40F02000606503207CBD16480068A6
:10A6B0001821B0FBF1F01549B0FBF1F04FF47A71BD
:10A6C000484301906068B0F5827F0DD13346002287
:10A6D00080212046009500F01BF898B1606D40F095
:10A6E000200060650320E0E700BF019800B908E0A2
:10A6F0000198401E019020688068C0F3C0100028B7
:10A70000F3D100BF0020D0E7A800002040420F0096
:10A710002DE9F84F04460D4690461E46DDF8289078
:10A72000F9F7FEFAA0EB0900371AF9F7F9FA8246B1
:10A730002C480068C0F3CB307843009046E0701C92
:10A74000002843D0F9F7ECFAA0EB0A00B84200D297
:10A75000A7BB2068406820F0E0002168486060687E
:10A76000B0F5827F0DD1A068B0F5004F03D0A0688E
:10A77000B0F5806F05D12068006820F040002168A6
:10A780000860A06AB0F5005F0DD100BF20680068C6
:10A7900020F40050216808602068006840F40050F0
:10A7A0002168086000BF012084F8510000BF00202C
:10A7B00084F8500000BF0320BDE8F88FFFE7009841
:10A7C00008B9002702E00098401E009020688068C9
:10A7D0002840A84201D1012000E000204045AED130
:10A7E0000020E9E7A800002010B58AB004465F20E9
:10A7F0001D4908801D48408900EBC00101EB001095
:10A800004FF6FF7101EA8000194908801648008858
:10A8100000EBC00101EB00104FF6FF7101EA800070
:10A8200014490880124800881349088000208DF8D8
:10A8300008008DF809000846008800128DF80A000B
:10A84000084600788DF80B004FF404700490002047
:10A85000069007900820089001AB02AA04A92046A0
:10A86000F8F7D5F80AB010BD44060020A3A20020D6
:10A8700048060020460600204A060020154949885F
:10A8800029B9017821F00101491C017003E0017828
:10A8900021F001010170017821F002010170002214
:10A8A000018862F38C010180B0F8011021F4F0718D
:10A8B000A0F80110817821F01E018170064991F8FD
:10A8C0002120817862F346118170817821F0800126
:10A8D00081707047A3A2002098B50020FDF78CFB83
:10A8E00000BFFDF7F5FB01200AF078F9F9E700BF9A
:10A8F00000F004F80A200CF079FDF9E710B50248E1
:10A90000FFF772FF10BD00002C0B002010B500BF38
:10A91000502080F31188BFF34F8FBFF36F8F00BFBC
:10A920000CF0B4FF18B14FF080500449086000BF2C
:10A93000002080F3118800BF10BD000004ED00E08E
:10A9400000B593B0302107A8F6F7D2FB142102A876
:10A95000F6F7CEFB00BF002001902448006840F0CD
:10A960008050224908600846006800F0805001903D
:10A9700000BF00BF00BF002001901D48006840F4E8
:10A9800080401B4908600846006800F48040019040
:10A9900000BF00BF012007900004089002200D9026
:10A9A00041050E9106210F91A821109102211191CC
:10A9B0000721129107A8FAF7D1FB08B1F7F702FFB8
:10A9C0000F20029002200390002004904FF4A0502A
:10A9D00005904FF480500690052102A8FAF75CFA22
:10A9E00008B1F7F7EFFE13B000BD00004038024099
:10A9F000007000400348006840F47000014908609E
:10AA00007047000088ED00E010B50248FBF763F9DD
:10AA100010BD0000942B002010B502682B4B98420B
:10AA20000ED0B0F1804F0BD0294B984208D0294B63
:10AA3000984205D0284B984202D0284B984203D127
:10AA400022F070024B681A43204B984220D0B0F19C
:10AA5000804F1DD01E4B98421AD01E4B984217D0E3
:10AA60001D4B984214D01D4B984211D01C4B98425C
:10AA70000ED01C4B98420BD01B4B984208D01B4B5E
:10AA8000984205D01A4B984202D01A4B984203D1F3
:10AA900022F44072CB681A4322F080034C6943EAE7
:10AAA00004028B68C3620B688362084B984202D031
:10AAB0000A4B984201D10B690363036843F0040316
:10AAC000036001234361026010BD000000000140EB
:10AAD0000004004000080040000C00400004014059
:10AAE000004001400044014000480140001800407F
:10AAF000001C00400020004030B501F01F0501247B
:10AB000004FA05F3046A9C430462046A01F01F0519
:10AB100002FA05F52C43046230BD000030B5026A2C
:10AB2000056A25F0010505624368846924F0700414
:10AB300024F003040D682C4322F002028D682A439E
:10AB4000104DA84200D103E00F4DA84206D100BF2E
:10AB500022F00802CD682A4322F00402094DA842DF
:10AB600002D0094DA84207D123F4807323F4007367
:10AB70004D692B438D692B43436084614D68456368
:10AB8000026230BD000001400004014030B5026A9D
:10AB9000056A25F0100505624368846924F4E044E1
:10ABA00024F440740D6844EA052422F020028D68E4
:10ABB00042EA0512124DA84200D103E0114DA8420D
:10ABC00007D100BF22F08002CD6842EA051222F0D0
:10ABD00040020B4DA84202D00A4DA84209D123F4ED
:10ABE000806323F400634D6943EA85038D6943EA7A
:10ABF0008503436084614D688563026230BD000057
:10AC0000000001400004014030B5026A056A25F4E5
:10AC1000807505624368C46924F0700424F003045D
:10AC20000D682C4322F400728D6842EA0522124D11
:10AC3000A84200D103E0114DA84207D100BF22F481
:10AC40000062CD6842EA052222F480620A4DA842E1
:10AC500002D00A4DA84209D123F4805323F40053B3
:10AC60004D6943EA05138D6943EA05134360C461E6
:10AC70004D68C563026230BD000001400004014020
:10AC800030B5036A056A25F4805505624468C269D7
:10AC900022F4E04222F440720D6842EA052223F4D5
:10ACA00000538D6843EA0533084DA84202D0084D91
:10ACB000A84204D124F480444D6944EA85144460D8
:10ACC000C2614D680564036230BD000000000140B0
:10ACD000000401400368DB6A934202D20368DB6A26
:10ACE0009AB231B1042907D0082908D00C290CD117
:10ACF00008E003685A6308E003689A6305E00368A4
:10AD0000DA6302E003681A6400BF00BF7047000006
:10AD10000A200CF06BFB002009490870094803F079
:10AD200001FB00BF08480068401C0749086007494C
:10AD3000044803F0BDFA01200CF058FBF2E70000D4
:10AD40005105002004A20020540500205DA200202F
:10AD500070B50446A56B0020E8852846FBF74FFA3E
:10AD600070BD70B506460025B46B20684069C0F31D
:10AD7000C01594F84100212805D125B10020E084B8
:10AD8000204600F0FBF820684069C0F3801594F875
:10AD90004200222805D125B10020E085204600F0A0
:10ADA000A7F8606C40F0100060642046FBF727FABB
:10ADB00070BD70B50546AC6B2868006800F4807003
:10ADC000002842D1E08500BF00BF21680C3151E866
:10ADD000001F21F4807021680C3141E80002002A34
:10ADE000F3D100BF00BF00BF2168143151E8001F3C
:10ADF00021F001002168143141E80002002AF3D15A
:10AE000000BF00BF00BF2168143151E8001F21F0CE
:10AE100040002168143141E80002002AF3D100BF4C
:10AE2000202084F84200206B01280ED100BF00BF13
:10AE300021680C3151E8001F21F0100021680C310D
:10AE400041E80002002AF3D100BF00206063206BBC
:10AE5000012804D1A18D2046FBF76EF902E02046BF
:10AE6000FBF748FD70BD70B50546AC6B0120606313
:10AE7000206B012805D1A08D41082046FBF75CF925
:10AE800002E02046FBF737FD70BD70B50546AC6BA0
:10AE90002868006800F48070F8B90020E08400BFE2
:10AEA00000BF2168143151E8001F21F080002168A3
:10AEB000143141E80002002AF3D100BF00BF00BFF7
:10AEC00021680C3151E8001F41F0400021680C312D
:10AED00041E80002002AF3D102E02046FBF75AFDC8
:10AEE00070BD70B50446A56B2846FBF75FFD70BDCD
:10AEF00000BF00BF02680C3252E8002F22F49071AC
:10AF000002680C3242E80013002BF3D100BF00BFEF
:10AF100000BF0268143252E8002F22F001010268DB
:10AF2000143242E80013002BF3D100BF016B01295A
:10AF30000ED100BF00BF02680C3252E8002F22F091
:10AF4000100102680C3242E80013002BF3D100BF5D
:10AF5000202180F8421000210163704710B504469B
:10AF60002068C06820F040002168C860202084F874
:10AF700041002046FBF70EFD002010BD00BF00BFC2
:10AF800002680C3252E8002F22F0C00102680C3235
:10AF900042E80013002BF3D100BF202180F84110BC
:10AFA0007047F8B504460025002694F84200222890
:10AFB00073D1A068B0F5805F0BD1206948B9A66A4B
:10AFC00020684068C0F308003080A06A801CA0623E
:10AFD00014E0A56AA068B0F5805F03D0A06828B926
:10AFE000206918B920684068287004E0206840682B
:10AFF00000F07F002870A06A401CA062E08D401E17
:10B0000080B2E085002846D12068C06820F020008A
:10B010002168C8602068C06820F480702168C8601A
:10B020002068406920F0010021684861202084F8F0
:10B03000420000206063206B012826D1002020639D
:10B0400000BF00BF21680C3151E8001F21F0100043
:10B0500021680C3141E80002002AF3D100BF2068CA
:10B06000006800F0100010280AD100BF00200090F6
:10B0700020680068009020684068009000BF00BF12
:10B08000A18D2046FBF758F802E02046FBF732FC82
:10B090000020F8BD01E00020FBE70220F9E70000F6
:10B0A0002DE9F84F04462068006920F44050E1681B
:10B0B0000843216808612169A06808436169084361
:10B0C000E169084300902068C06849F20C61884338
:10B0D000009908432168C8602068406920F44070E6
:10B0E000A16908432168486176492068884203D0F5
:10B0F00075492068884203D1F9F7C8FF814602E00C
:10B10000F9F7B4FF8146E069B0F5004F6CD1022039
:10B110006168A0FB015003461920A9FB007001469D
:10B120002A463846F5F7CCFE6421B0FBF1F04FEA31
:10B13000001A02206168A0FB01510B461920A9FBEF
:10B1400000712A463846F5F7BBFE83460220616847
:10B15000A0FB015003461920A9FB00712A4638467E
:10B16000F5F7AEFE6421B0FBF1F000EBC00101EB9E
:10B170000010ABEB8000322101EBC0006421B0FB7A
:10B18000F1F000F0F8000AEB400A02206168A0FB31
:10B19000015003461920A9FB007001462A46384693
:10B1A000F5F78EFE834602206168A0FB015003463E
:10B1B0001920A9FB00712A463846F5F781FE642163
:10B1C000B0FBF1F000EBC00101EB0010ABEB800035
:10B1D000322101EBC0006421B0FBF1F000F0070068
:10B1E0005044216888606AE004206168A0FB015037
:10B1F00003461920A9FB007001462A463846F5F798
:10B200005FFE824604206168A0FB015003461920BE
:10B21000A9FB007001462A463846F5F751FE642125
:10B22000B0FBF1F000EBC00101EB0010AAEB8000D5
:10B23000322101EB00106421B0FBF1F000F0F00AC4
:10B2400004206168A0FB017003461920A9FB00518E
:10B250003A462846F5F734FE6421B0FBF1F00AEBDC
:10B26000001A04206168A0FB01510B461920A9FBBC
:10B2700000712A463846F5F723FE834604206168AC
:10B28000A0FB015003461920A9FB007001462A4685
:10B290003846F5F715FE6421B0FBF1F000EBC00174
:10B2A00001EB0010ABEB8000322101EB00106421B8
:10B2B000B0FBF1F000F00F00504421688860BDE859
:10B2C000F88F0000001001400014014077B581B0F4
:10B2D000044615460298A062A585002060642220DD
:10B2E00084F842002C48E16BC8632C48E16B086489
:10B2F0002B48E16BC8640020E16B086502AE326840
:10B300002368191D2B46E06BF8F79CFB38B1102021
:10B310006064202084F84200012004B070BD00BFAA
:10B32000002000902068006800902068406800902D
:10B3300000BF00BF206970B100BF00BF21680C31A1
:10B3400051E8001F41F4807021680C3141E800028F
:10B35000002AF3D100BF00BF00BF2168143151E8BB
:10B36000001F41F001002168143141E80002002A69
:10B37000F3D100BF00BF00BF2168143151E8001FA6
:10B3800041F040002168143141E80002002AF3D165
:10B3900000BF0020C1E70000B3AD000867AE0008A1
:10B3A00063AD0008014691F84100212828D1886842
:10B3B000B0F5805F0BD1086948B90A6A1088C0F3FC
:10B3C00008000B685860086A801C086205E00B6A78
:10B3D000581C086218780B685860C88C401E80B2F0
:10B3E000C88458B90868C06820F080000B68D8602D
:10B3F0000868C06840F040000B68D86000207047C3
:10B400000220FCE700B589B040F22D104FF407721E
:10B410004FF47073CDE905200493079087202D2108
:10B42000012200920623CDE9012103902CA12D4891
:10B43000F6F707F840F227104FF407724FF47073D5
:10B44000CDE905200493079087202D210122009249
:10B450000623CDE90121039023A12448F5F7F1FF4C
:10B4600040F2F22040F29541421F4B1FCDE90232DB
:10B47000CDE9041001200090062302461CA1019092
:10B480001C48FDF7DCFD40F2471040F29541821D5B
:10B490004B1FCDE90232CDE90410012000900623B4
:10B4A000024615A101901548FDF7C9FD4FF49570AE
:10B4B0004FF407724FF47073CDE9052004930790A1
:10B4C00087202D21052200920623CDE9012103903A
:10B4D00001220BA10B48F5F7B4FF09B000BD000035
:10B4E0003731310075BD00203731320084BD002076
:10B4F0003731330093BD002037313400A2BD002026
:10B5000037313500B1BD002000B589B0344890ED29
:10B51000030A60EE000A9FED331A9FED330A00EE36
:10B52000C10A324880ED000A90ED000ADFED300AD2
:10B53000B4EEE00AF1EE10FA03DB9FED2D0A80ED88
:10B54000000A274890ED030AF3EE000AB4EEE00A81
:10B55000F1EE10FA1CDB4FF495704FF407724FF4C4
:10B560007073CDE905200493079087201F4991ED62
:10B57000000ABCEEC00A05210622CDE900218DEDAE
:10B58000020A134602221BA103901B48F5F759FF3C
:10B59000134890ED030AF3EE000AB4EEE00AF1EE70
:10B5A00010FA1BD24FF495704FF407724FF470737A
:10B5B000CDE905200493079087200C4991ED000AFE
:10B5C000BCEEC00A0521009101918DED020A06230F
:10B5D000022208A103900848F5F733FF09B000BD27
:10B5E000ECA000207B142E3E00000743340800200E
:10B5F0000000064337313500B1BD00200548007812
:10B60000054908800846008800F5807003490880D5
:10B6100070470000A3A20020DA070020DC0700200A
:10B6200000B587B04FF4077040F21A41032201239E
:10B63000CDE90232CDE904100F20CDE90020064803
:10B64000D0ED1D0AB0EE600A0723012203A10448D1
:10B65000F7F710F907B000BDE0AF00203138310036
:10B66000C0BD002000B52DED048B87B03E4890EDA5
:10B670001D0A10EE101A08460DF0B4FD41EC190B2E
:10B680003A4890ED000B53EC102B51EC190B0DF0D8
:10B69000A7FA41EC180B9FED360B53EC102B0CF076
:10B6A00067FF1BD9304890ED1D0A10EE101A0846AE
:10B6B0000DF098FD41EC190B2C4890ED000B53EC6C
:10B6C000102B51EC190B0DF08BFA41EC180B9FED80
:10B6D0002A0B53EC102B0DF026F937D82848C078E8
:10B6E00000F00100C8B94FF4077040F21A4103227C
:10B6F0000123CDE90232CDE904100F200621CDE966
:10B7000000101948D0ED1D0AB0EE600A072302228E
:10B710001CA11D48F7F7AEF818E04FF4077040F28F
:10B720001A4103220123CDE90232CDE904100F2092
:10B730000521CDE900100C48D0ED1D0AB0EE600ADD
:10B74000072302220FA11048F7F794F8064890ED5E
:10B750001D0A10EE101A08460DF044FD034A03C2FC
:10B7600007B0BDEC048B00BDE0AF0020380800201E
:10B770009A9999999999B93F9A9999999999B9BF2B
:10B78000DCA1002031383100C0BD002010B586B0EA
:10B790000446A5208DF80800254800788DF80B0098
:10B7A0003320ADF809002348029901609DF80C1080
:10B7B0000171052106F0B0F940F2013001901D48F9
:10B7C000BDF80410A0F805104FF48870ADF80D0016
:10B7D0001948018802A8ADF80F101848018802A87E
:10B7E000ADF811101348C01DDDF80D100160BDF853
:10B7F000111081800F222146801DF5F7D8FB1E22F3
:10B8000004F10F010B481C30F5F7D1FB3C2109482E
:10B8100006F06AF93C2207490948FBF76DF8094927
:10B82000086003480078401C0149087006B010BD4C
:10B83000D8070020D4B80020DA070020DC07002059
:10B84000FC0C0020E00700200FB410B58AB000BF48
:10B850009A4800780028FBD00020984908700DA86D
:10B860000090A5208DF81800954800788DF81B00F1
:10B8700040F2013001909348018806A8ADF81F10EE
:10B880009148018806A8ADF821100C98012806D02F
:10B89000022841D005287DD007287CD1BEE040F2A7
:10B8A0000110ADF81D001520ADF819008748069964
:10B8B00001609DF81C100171052106F02DF98348E7
:10B8C000BDF80410A0F80510C01DDDF81D100160C2
:10B8D000BDF821108180002411E0009901F11000D1
:10B8E000009091E80D00C968CDE90323059102900D
:10B8F0000F2202A975480D30F5F759FB641C0C980E
:10B900008442EADB1E21714806F0EEF81E226F49E0
:10B910006F48FAF7F1FFC8E04FF48170ADF81D00F1
:10B920002420ADF819006B48069901609DF81C10A1
:10B930000171052106F0F0F86648BDF80410A0F882
:10B940000510C01DDDF81D100160BDF821108180BB
:10B95000002414E0009901F110000090D1E90103E6
:10B960000A68C968CDE90431CDE9022059490D3191
:10B970000F2202FB041002A9F5F719FB641C0C98B6
:10B980008442E7DB2D21534806F0AEF82D225149C1
:10B990004F4801E003E082E0FAF7AEFF85E040F2B5
:10B9A0000310ADF81D005120ADF819004A48069962
:10B9B00001609DF81C100171052106F0ADF84648A4
:10B9C000BDF80410A0F80510C01DDDF81D100160C1
:10B9D000BDF821108180002413E0009901F11000CE
:10B9E000009091E80D00C968CDE90323059102900C
:10B9F00039490D310F2202FB041002A9F5F7D7FADD
:10BA0000641C0C988442E8DB5A21334806F06CF839
:10BA10005A2231492E48FAF76FFF46E04FF4827000
:10BA2000ADF81D006F20ADF819002C480699016093
:10BA30009DF81C100171052106F06EF82748BDF82D
:10BA40000410A0F80510C01DDDF81D100160BDF840
:10BA500021108180002413E0009901F11000009072
:10BA600091E80D00C968CDE90323059102901B49B7
:10BA70000D310F2202FB041002A9F5F798FA641C9D
:10BA80000C988442E8DB7821144806F02DF87822DF
:10BA900012490F48FAF730FF1149087005E04FF0DE
:10BAA000FF300AB010BC5DF814FB00BF04480078FA
:10BAB000401C034908700020F3E70000DF07002066
:10BAC000D8070020DA070020DC070020B7B70020E5
:10BAD000FC0C0020D5B7002002B800205CB8002084
:10BAE000DE07002010B586B0044627480068401CD9
:10BAF000254908602548FEF7C1FEA5208DF80800FD
:10BB0000234800788DF80B000A20ADF80900214881
:10BB1000029901609DF80C100171052105F0FCFFF0
:10BB200040F2013001901B48BDF80410A0F8051048
:10BB30004FF49070ADF80D001748018802A8ADF8D9
:10BB40000F1048F28001ADF811101248C01DDDF849
:10BB50000D100160BDF811108180C01F0B490968EC
:10BB6000C0F80D10132105F0BFFF132209490B483F
:10BB7000FAF7C2FE0A49087005480078401C0449DB
:10BB8000087006B010BD0000E4070020E90700209F
:10BB9000D8070020A4B70020DA070020FC0C002002
:10BBA000E80700209EB000BFFE480068401CFD4929
:10BBB0000860FFF723FDFC48007F0121B1EBD01F97
:10BBC0007ED100F013FC01F05DF800F073FB01F092
:10BBD00059FF00F02FFF01F02BFA00F00BFB01F0F2
:10BBE000ADFBFFF71DFD00F009FFFFF70BFC01F0B7
:10BBF0006BFCEE48FFF7CAFD232008F0EFFFEC488E
:10BC0000FFF7C4FD232008F0E9FFEA48FFF7BEFD77
:10BC1000232008F0E3FFE848FFF7B8FD232008F0F1
:10BC2000DDFFE648FFF7B2FD232008F0D7FF0F2223
:10BC3000E34915A8F5F7BBF90F22E24911A8F5F77A
:10BC4000B6F90F22E0490DA8F5F7B1F90F22DF4947
:10BC500009A8F5F7ACF90F22DD4905A8F5F7A7F912
:10BC60000F22DC4901A8F5F7A2F9DB488189ADF87C
:10BC70000010807B8DF802000F22D7491AA8F5F733
:10BC800096F907201AA90EC9FFF7DEFD282008F053
:10BC9000A5FF0F22D14915A8F5F789F90F22D04940
:10BCA00011A8F5F784F90F22CE490DA8F5F77FF911
:10BCB0000F22CD4909A8F5F77AF90F22CB4900E008
:10BCC000D0E005A8F5F773F90F22C94901A8F5F7E7
:10BCD0006EF9C8488189ADF80010807B8DF80200AC
:10BCE0000F22C4491AA8F5F762F907201AA90EC94C
:10BCF000FFF7AAFD282008F071FF0F22BE490DA80A
:10BD0000F5F755F90F22BD4909A8F5F750F90F22AB
:10BD1000BB4905A8F5F74BF90F22BA4901A8F5F779
:10BD200046F9B9488189ADF80010807B8DF8020092
:10BD30000F22B5491AA8F5F73AF905201AA90EC934
:10BD4000FFF782FD282008F049FF0F22AD490DA81A
:10BD5000F5F72DF90F22AD4909A8F5F728F90F22BB
:10BD6000AB4905A8F5F723F90F22AA4901A8F5F771
:10BD70001EF9A9488189ADF80010807B8DF802007A
:10BD80000F22A5491AA8F5F712F905201AA90EC91C
:10BD9000FFF75AFD282008F021FF0F229F490DA828
:10BDA000F5F705F90F229E4909A8F5F700F90F22CA
:10BDB0009C4905A8F5F7FBF80F229B4901A8F5F768
:10BDC000F6F89A488189ADF80010807B8DF8020062
:10BDD0000F2296491AA8F5F7EAF805201AA90EC904
:10BDE000FFF732FD282008F0F9FE91488189ADF86F
:10BDF0000010807B8DF802000F228D491AA8F5F7FC
:10BE0000D6F801201AA90EC9FFF71EFD282008F058
:10BE1000E5FE0F2287490DA8F5F7C9F80F228649DC
:10BE200009A8F5F7C4F80F22844905A8F5F7BFF86B
:10BE30000F22834901A8F5F7BAF882488189ADF845
:10BE40000010807B8DF802000F227E491AA8F5F7BA
:10BE5000AEF805201AA90EC9FFF7F6FC282008F055
:10BE6000BDFE96E100F0A0FF00F0FAFA01F0C0FE7E
:10BE700000F060FE01F046F9FFF7F4FBFFF744FB2A
:10BE800001F0E6FB4948FFF781FC232008F0A6FEFD
:10BE90004748FFF77BFC232008F0A0FE4548FFF74A
:10BEA00075FC232008F09AFE4348FFF76FFC23201F
:10BEB00008F094FE4148FFF769FC232008F08EFE4D
:10BEC0000F223F4915A8F5F772F80F223D4911A836
:10BED000F5F76DF80F223C490DA8F5F768F80F2229
:10BEE0003A4909A8F5F763F80F22394905A8F5F78B
:10BEF0005EF80F22374901A8F5F759F836488189CD
:10BF0000ADF80010807B8DF802000F2232491AA88C
:10BF1000F5F74DF807201AA90EC9FFF795FC282060
:10BF200008F05CFE0F22384915A8F5F740F80F22FB
:10BF3000454911A8F5F73BF80F223E490DA8F5F742
:10BF400036F80F223C4909A8F5F731F80F223B4992
:10BF500005A8F5F72CF80F22394901A8F5F727F8BD
:10BF600038488189ADF80010807B8DF802000F22DF
:10BF700034491AA8F5F71BF807201AA90EC9FFF7CC
:10BF800063FC282008F02AFE0F22144915A8F5F7B3
:10BF90000EF80F22124911A8F5F709F80F221149DE
:10BFA0000DA853E000080020DCA1002096BA002074
:10BFB000C3BA0020F0BA00201DBB00204ABB0020FD
:10BFC000C1BC0020C2BB0020B3BB0020A4BB00202A
:10BFD00095BB002086BB002077BB00202BBC002037
:10BFE0001CBC00200DBC0020FEBB0020EFBB0020CD
:10BFF000E0BB0020D1BB002069BA00205ABA002063
:10C000004BBA00203CBA0020B1BD00202DBA002060
:10C010001EBA00200FBA002000BA0020B2BC0020D7
:10C02000A3BC002094BC002085BC002078BA00206E
:10C0300087BA002076BC002067BC002058BC0020D6
:10C0400049BC00203ABC0020C0BD0020F4F7AFFF7F
:10C050000F22534909A8F4F7AAFF0F22514905A856
:10C06000F4F7A5FF0F22504901A8F4F7A0FF4F48AD
:10C070008189ADF80010807B8DF802000F224B49BA
:10C080001AA8F4F794FF07201AA90EC9FFF7DCFBE2
:10C09000282008F0A3FD0F2245490DA8F4F787FFDB
:10C0A0000F22444909A8F4F782FF0F22424905A84C
:10C0B000F4F77DFF0F22414901A8F4F778FF4048CB
:10C0C0008189ADF80010807B8DF802000F223C4979
:10C0D0001AA8F4F76CFF05201AA90EC9FFF7B4FBE4
:10C0E000282008F07BFD0F2236490DA8F4F75FFFEA
:10C0F0000F22354909A8F4F75AFF0F22334905A842
:10C10000F4F755FF0F222A4901A8F4F750FF3048F1
:10C110008189ADF80010807B8DF802000F222C4938
:10C120001AA8F4F744FF05201AA90EC9FFF78CFBE3
:10C13000282008F053FD0F2226490DA8F4F737FFF9
:10C140000F22254909A8F4F732FF0F22234905A839
:10C15000F4F72DFF0F22224901A8F4F728FF214808
:10C160008189ADF80010807B8DF802000F221D49F7
:10C170001AA8F4F71CFF05201AA90EC9FFF764FBE3
:10C18000282008F02BFD1848FFF7ACFC282008F009
:10C1900025FD1648F6F7E6F8154880ED000A03E598
:10C1A000FEBB0020EFBB0020E0BB0020D1BB002085
:10C1B0003CBA00202DBA00201EBA00200FBA002081
:10C1C00000BA002069BA00205ABA00204BBA0020F9
:10C1D000B1BD0020B2BC0020A3BC002094BC002054
:10C1E00085BC002078BA0020E9070020F80700206D
:10C1F000FC07002000B587B0002050214FF4A26258
:10C200000323CDE90232CDE90410192007210123CF
:10C210001A46CDE900101FA11F48FCF7A3F8002023
:10C22000502140F229520323CDE90232CDE9041016
:10C230001920072101231A46CDE9001017A118483B
:10C24000FCF790F80020502140F242520323CDE940
:10C250000232CDE904101920072101231A46CDE945
:10C26000001010A11048FCF77DF80020502140F28A
:10C270005B520323CDE90232CDE9041019200721D6
:10C2800001231A46CDE9001008A10948FCF76AF815
:10C2900007B000BD31353100C1BC0020313532005E
:10C2A000D0BC002031353300DFBC002031353400F4
:10C2B000EEBC002000B587B040F2752040F2D751A7
:10C2C0004FF4137240F2EA53CDE90232CDE9041083
:10C2D0000420082101231A46CDE9001037A138486F
:10C2E000FCF7ADFE40F2752040F2D7514FF41372C7
:10C2F00040F2C453CDE90232CDE9041004200821F4
:10C3000001231A46CDE900102EA12F48FCF797FE15
:10C3100040F2762040F2D7514FF40772CDE9021275
:10C32000CDE904100520082101231A46CDE90010AB
:10C3300026A12748FCF783FE40F2452040F2196110
:10C340004FF4077240F20663CDE90232CDE90410E2
:10C350000420082101231A46CDE900101DA11E4822
:10C36000FCF76DFE40F2452040F2F3514FF40772A6
:10C3700040F20663CDE90232CDE904100420082121
:10C3800001231A46CDE9001014A11548FCF757FE09
:10C3900040F2762040F2066140F21B22CDE9021203
:10C3A000CDE904100420082101231A46CDE900102C
:10C3B0000CA10D48FCF743FE07B000BD3131310040
:10C3C00077BB00203131320086BB00203131330091
:10C3D00095BB002031313400A4BB00203131350041
:10C3E000B3BB002031313600C2BB002000B587B09E
:10C3F00016480068401C1549086040F26D1040F274
:10C4000052212322D423CDE90232CDE904100320A6
:10C41000009001231A460EA101900E48FCF70FFE72
:10C42000182040F2CA614FF4AB7240F23953CDE9A3
:10C430000232CDE904100320009001231A4606A120
:10C4400001900648FCF7FBFD07B000BD0408002082
:10C450003939000078BA00203130300087BA002026
:10C4600000B587B040F2752040F2D7514FF41372F7
:10C4700040F2EA53CDE90232CDE904100420032151
:10C4800001230222CDE90010FDA1FE48FCF7D7FDF3
:10C4900040F2752040F2D7514FF4137240F2C4536A
:10C4A000CDE90232CDE90410042003210123022248
:10C4B000CDE90010F4A1F548FCF7C1FD40F276206B
:10C4C00040F2D7514FF40772CDE90212CDE90410C2
:10C4D0000520032101230222CDE90010ECA1ED4843
:10C4E000FCF7ADFD40F2452040F219614FF40772B0
:10C4F00040F20663CDE90232CDE9041004200321A5
:10C5000001230222CDE90010E3A1E448FCF797FDE6
:10C5100040F2452040F2F3514FF4077240F20663B7
:10C52000CDE90232CDE904100420032101230222C7
:10C53000CDE90010DAA1DB48FCF781FD40F276205E
:10C5400040F2066140F21B22CDE90212CDE904104F
:10C550000420032101230222CDE90010D2A1D348F7
:10C56000FCF76DFDD248C078C0F3011002287DD1E0
:10C57000CF4890F82400C0F38010002877D140F213
:10C58000752040F2D7514FF4137240F2EA53CDE9CF
:10C590000232CDE904100420032101230222CDE957
:10C5A0000010B7A1B748FCF74AFD40F2752040F2F1
:10C5B000D7514FF4137240F2C453CDE90232CDE9A2
:10C5C00004100420032101230222CDE90010AEA1B2
:10C5D000AE48FCF734FD40F2762040F2D7514FF4DC
:10C5E0000772CDE90212CDE90410052003210123D1
:10C5F0000222CDE90010A6A1A648FCF720FD40F2DA
:10C60000452040F219614FF4077240F20663CDE90C
:10C610000232CDE904100420032101230222CDE9D6
:10C6200000109DA19D48FCF70AFD40F2452040F214
:10C63000F3514FF4077240F20663CDE90232CDE9BF
:10C6400004100420032101230222CDE9001094A14B
:10C650009448FCF7F4FC40F2762040F2066140F288
:10C660001B22CDE90212CDE9041001E08CE00AE0C2
:10C670000420032101230222CDE900108AA18B4866
:10C68000FCF7DDFCACE140F2752040F2D7514FF4ED
:10C69000137240F2EA53CDE90232CDE904100420CE
:10C6A000082101230222CDE9001075A17548FCF78D
:10C6B000C6FC40F2752040F2D7514FF4137240F29D
:10C6C000C453CDE90232CDE904100420082101232E
:10C6D0000222CDE900106CA16C48FCF7B0FC40F2DE
:10C6E000762040F2D7514FF40772CDE90212CDE91E
:10C6F00004100520082101230222CDE9001064A1C5
:10C700006448FCF79CFC40F2452040F219614FF46C
:10C71000077240F20663CDE90232CDE9041004202D
:10C72000082101230222CDE900105BA15B48FCF740
:10C7300086FC40F2452040F2F3514FF4077240F27C
:10C740000663CDE90232CDE904100420082101235B
:10C750000222CDE9001052A15248FCF770FC40F2D1
:10C76000762040F2066140F21B22CDE90212CDE9AB
:10C7700004100420082101230222CDE900104AA15F
:10C780004A48FCF75CFC2BE14A4890F84800002836
:10C7900074D140F2752040F2D7514FF4137240F239
:10C7A000EA53CDE90232CDE9041004200821012327
:10C7B0000222CDE9001032A13248FCF740FC40F2E1
:10C7C000752040F2D7514FF4137240F2C453CDE9B3
:10C7D0000232CDE904100420082101230222CDE910
:10C7E000001029A12948FCF72AFC40F2762040F2EB
:10C7F000D7514FF40772CDE90212CDE9041005209C
:10C80000082101230222CDE9001021A12148FCF7D3
:10C8100016FC40F2452040F219614FF4077240F2D5
:10C820000663CDE90232CDE904100420032101237F
:10C830000222CDE9001018A11848FCF700FC40F2D4
:10C84000452040F2F3514FF4077240F20663CDE900
:10C850000232CDE904100420032101230222CDE994
:10C8600000100FA10F48FCF7EAFB40F2762040F2DF
:10C87000066140F21B22CDE902121DE02AE0000011
:10C880003131310077BB00203131320086BB0020CE
:10C890003131330095BB002031313400A4BB00207E
:10C8A00031313500B3BB002031313600C2BB00202E
:10C8B000DCA1002048AE0020CDE9041004200321B3
:10C8C00001230222CDE90010AFF224014548FCF714
:10C8D000B6FB85E040F2752040F2D7514FF4137259
:10C8E00040F2EA53CDE90232CDE9041004200321DD
:10C8F00001230222CDE90010AFF27C013A48FCF797
:10C900009EFB40F2752040F2D7514FF4137240F273
:10C91000C453CDE90232CDE90410042003210123E0
:10C920000222CDE90010AFF2A0013048FCF787FBEE
:10C9300040F2762040F2D7514FF40772CDE902124F
:10C94000CDE904100520032101230222CDE90010C6
:10C95000AFF2C4012648FCF772FB40F2452040F2DA
:10C9600019614FF4077240F20663CDE90232CDE956
:10C9700004100420082101230222CDE90010AFF2A7
:10C98000E8011C48FCF75BFB40F2452040F2F35104
:10C990004FF4077240F20663CDE90232CDE904108C
:10C9A0000420082101230222CDE90010AFF210116A
:10C9B0001148FCF744FB40F2762040F2066140F259
:10C9C0001B22CDE90212CDE9041004200821012325
:10C9D0000222CDE90010AFF230110248FCF72FFB24
:10C9E00007B000BDC2BB002077BB002086BB002083
:10C9F00095BB0020A4BB0020B3BB002000B587B0CE
:10CA00000020882140F212220323CDE90232CDE931
:10CA100004101920072101231A46CDE9001003A1B3
:10CA20000348FBF79FFC07B000BD0000313931001F
:10CA3000CFBD002000B587B04FF4E77040F22A6107
:10CA40004FF4B963CDE90230CDE904100520082187
:10CA500001231A46CDE900102CA12D48FCF7EFFA6E
:10CA60004FF4C47040F22A614FF4B963CDE902304B
:10CA7000CDE904100520082101231A46CDE9001054
:10CA800024A12548FCF7DBFA4FF4C47040F2FA51B8
:10CA900040F2CD12CDE90212CDE9041004200821A4
:10CAA00001231A46CDE900101CA11D48FCF7C7FA66
:10CAB0004FF4C4704FF4B96140F2CD1240F2F95313
:10CAC000CDE90232CDE904100420082101231A46E1
:10CAD000CDE9001013A11448FCF7B1FA4FF4C4706B
:10CAE00040F22B6140F2CD1240F2FA53CDE902320E
:10CAF000CDE904100420082101231A46CDE90010D5
:10CB00000AA10B48FCF79BFA07B000BD3133310096
:10CB10003ABC00203133320049BC002031333300AD
:10CB200058BC00203133340067BC0020313335005D
:10CB300076BC002000B587B04A488079012814D11E
:10CB40004FF4C47040F22A614FF4B963CDE902306A
:10CB5000CDE904100520032101230222CDE90010B4
:10CB600041A14248FCF76BFA13E04FF4C47040F265
:10CB70002A614FF4B963CDE90230CDE904100520F4
:10CB8000082101230222CDE9001037A13748FCF724
:10CB900056FA374890F82400C0F38000B0B94FF43B
:10CBA000C4704FF4B96140F2CD1240F2F953CDE9AF
:10CBB0000232CDE904100420032101230222CDE931
:10CBC00000102CA12C48FCF73AFA15E04FF4C47081
:10CBD0004FF4B96140F2CD1240F2F953CDE902327F
:10CBE000CDE904100420082101230222CDE9001020
:10CBF00020A12148FCF723FA1D4890F82400C0F337
:10CC0000C000B0B94FF4C47040F22B6140F2CD12B5
:10CC100040F2FA53CDE90232CDE904100420032199
:10CC200001230222CDE9001014A11548FCF707FAF0
:10CC300015E04FF4C47040F22B6140F2CD1240F287
:10CC4000FA53CDE90232CDE9041004200821012372
:10CC50000222CDE9001009A10948FCF7F0F907B05C
:10CC600000BD0000ACB600203133320049BC0020CA
:10CC7000DCA100203133340067BC002031333500A3
:10CC800076BC00202DE9F04188B038A438A539A63B
:10CC900039A70FF2E80840F25F2096210122CDE982
:10CCA0000504CDE903212320052108220123CDE934
:10CCB000002102901A4632A13248F5F7F5F940F208
:10CCC0005F20D2210122CDE90505CDE903212320F2
:10CCD000052108220123CDE9002102901A462AA14C
:10CCE0002A48F5F7E1F940F25F204FF487710122FD
:10CCF000CDE90506CDE903212320052108220123E2
:10CD0000CDE9002102901A4621A12248F5F7CCF97D
:10CD100040F25F204FF4A5710122CDE90507CDE96E
:10CD200003212320052108220123CDE900210290BF
:10CD30001A4619A11948F5F7B7F940F25F204FF4E8
:10CD4000C3710122CDE90508CDE903212320052186
:10CD500008220123CDE9002102901A4610A11148B2
:10CD6000F5F7A2F908B0BDE8F0810000430000002B
:10CD700047000000530000004B0000005A00000074
:10CD80003130310096BA002031303200C3BA002071
:10CD900031303300F0BA0020313034001DBB0020A8
:10CDA000313035004ABB002000B587B0FDF754FC98
:10CDB000A8B98F48006840F25F2196220123CDE98F
:10CDC0000332CDE90510232005210822CDE90021F9
:10CDD0000290022287A18848F5F766F914E084489A
:10CDE000006840F25F2196220123CDE90332CDE9AC
:10CDF0000510232005210322CDE900210290022203
:10CE00007CA17D48F5F750F9FDF732FCA8B97B48C5
:10CE1000006840F25F21D2220123CDE90332CDE93F
:10CE20000510232005210822CDE9002102900222CD
:10CE300073A17448F5F738F914E07048006840F2BF
:10CE40005F21D2220123CDE90332CDE90510232051
:10CE500005210322CDE900210290022268A1694840
:10CE6000F5F722F9FDF7ECFBB0B96748006840F22E
:10CE70005F214FF487720123CDE90332CDE905101C
:10CE8000232005210822CDE90021029002225FA182
:10CE90005F48F5F709F915E05B48006840F25F214B
:10CEA0004FF487720123CDE90332CDE90510232029
:10CEB00005210322CDE900210290022253A154480A
:10CEC000F5F7F2F853488078C0F34100B0B9524802
:10CED000006840F25F214FF4A5720123CDE90332CF
:10CEE000CDE90510232005210822CDE9002102907B
:10CEF00002224AA14A48F5F7D7F815E046480068EB
:10CF000040F25F214FF4A5720123CDE90332CDE950
:10CF10000510232005210322CDE9002102900222E1
:10CF20003EA13F48F5F7C0F83A4890F82400C0F316
:10CF3000001010B337488078C0F3C20003281CD11A
:10CF4000344890F82500C0F38000B0B1354800683F
:10CF500040F25F214FF4C3720123CDE90332CDE9E2
:10CF60000510232005210322CDE900210290022291
:10CF70002DA12E48F5F798F837E0264890F82400C0
:10CF8000C0F30010D8B923488078C0F3C20003284A
:10CF900015D12448006840F25F214FF4C372012389
:10CFA000CDE90332CDE905102320052100910222AD
:10CFB000CDE901101CA11D48F5F776F815E01948D8
:10CFC000006840F25F214FF4C3720123CDE90332C0
:10CFD000CDE90510232005210822CDE9002102908A
:10CFE000022211A11148F5F75FF807B000BD00005B
:10CFF000080800203130310096BA00200C080020CB
:10D0000031303200C3BA0020100800203130330024
:10D01000F0BA0020DCA100201408002031303400D8
:10D020001DBB002018080020313035004ABB00200D
:10D0300000B587B04FF4F37040F2746140F2B5125E
:10D0400040F25263CDE90232CDE9041005200821F7
:10D0500001231A46CDE9001022A12348FBF7EFFF78
:10D060004FF4DB704FF4D2614FF4BD7240F269634C
:10D07000CDE90232CDE904100520082101231A462A
:10D08000CDE9001019A11A48FBF7D9FF4FF4DA7067
:10D0900040F28F6140F25363CDE90230CDE90410D4
:10D0A0000520082101231A46CDE9001011A11248DC
:10D0B000FBF7C5FF4FF4F37040F249614FF4BE72C5
:10D0C00040F29463CDE90232CDE904100520082135
:10D0D00002230122CDE9001008A10948FBF7AFFFA8
:10D0E00007B000BD3134310085BC0020313432003E
:10D0F00094BC002031343300A3BC00203134340010
:10D10000B2BC002000B587B0814890F82500C0F37C
:10D11000C000B0B94FF4F37040F249614FF4BE72F1
:10D1200040F29463CDE90232CDE9041005200821D4
:10D1300002231A46CDE9001076A17748FBF77FFF5E
:10D1400015E04FF4F37040F249614FF4BE7240F2C3
:10D150009463CDE90232CDE90410052002210B468B
:10D160000A46CDE900106BA16B48FBF768FF6B48DE
:10D170004078012840D14FF4F37040F2746140F2DE
:10D18000B51240F25263CDE90232CDE90410052018
:10D19000042101230222CDE9001061A16148FBF7BF
:10D1A0004EFF4FF4DB704FF4D2614FF4BD7240F28A
:10D1B0006963CDE90232CDE9041005200421012381
:10D1C0000222CDE9001058A15848FBF738FF4FF470
:10D1D000DA7040F28F6140F25363CDE90230CDE95D
:10D1E00004100520042101230222CDE9001050A1E2
:10D1F0005048FBF724FF88E048484078002844D195
:10D200004D480078012840D14FF4F37040F274612A
:10D2100040F2B51240F25263CDE90232CDE904107A
:10D220000520032101230222CDE900103CA13D4845
:10D23000FBF705FF4FF4DB704FF4D2614FF4BD7282
:10D2400040F26963CDE90232CDE9041005200321E3
:10D2500001230222CDE9001033A13448FBF7EFFE91
:10D260004FF4DA7040F28F6140F25363CDE902303F
:10D27000CDE904100520032101230222CDE900108D
:10D280002BA12C48FBF7DBFE3FE04FF4F37040F29C
:10D29000746140F2B51240F25263CDE90232CDE939
:10D2A00004100520082101230222CDE900101CA151
:10D2B0001C48FBF7C4FE4FF4DB704FF4D2614FF40F
:10D2C000BD7240F26963CDE90232CDE90410052058
:10D2D000082101230222CDE9001013A11348FBF716
:10D2E000AEFE4FF4DA7040F28F6140F25363CDE945
:10D2F0000230CDE904100520082101230222CDE9E6
:10D3000000100BA10B48FBF79AFE07B000BD000010
:10D31000DCA1002031343400B2BC0020ECA000209D
:10D320003134310085BC00203134320094BC0020FF
:10D3300031343300A3BC00205006002000B587B074
:10D3400040F2F9104FF46F714FF40772CDE90212F9
:10D35000CDE904100220012103460A46CDE9001060
:10D3600049A14A48FBF76BFE40F2F9104FF4667191
:10D370004FF40772CDE90212CDE904100220012119
:10D3800003460A46CDE9001041A14248FBF757FE8B
:10D390004FF4FA704FF46F714FF407724FF46673E5
:10D3A000CDE90232CDE904100220012103460A46EC
:10D3B000CDE9001038A13948FBF741FE40F2F910E1
:10D3C0004FF46F714FF46673CDE90230CDE904106C
:10D3D0000220012103460A46CDE9001030A1314860
:10D3E000FBF72DFE40F2D11040F21F4140F25D22CA
:10D3F000CDE90212CDE904100220012103460A46BC
:10D40000CDE9001028A12948FBF719FE40F2D11000
:10D4100040F2753140F25D22CDE90212CDE90410EF
:10D420000220012103460A46CDE9001020A121482F
:10D43000FBF705FE40F25D2040F21F4140F27533DC
:10D44000CDE90230CDE904100220012103460A464D
:10D45000CDE9001018A11948FBF7F1FD40F2D110F9
:10D4600040F21F4140F27533CDE90230CDE904109E
:10D470000220012103460A46CDE9001010A11148FF
:10D48000FBF7DDFD07B000BD31363100FDBC0020EB
:10D49000313632000CBD0020313633001BBD002078
:10D4A000313634002ABD00203136350039BD002028
:10D4B0003136360048BD00203136370057BD0020D8
:10D4C0003136380066BD002000B587B040F22D200F
:10D4D00040F2F2314FF46C73CDE90230CDE9041023
:10D4E0000320082101231A46CDE9001048A149482C
:10D4F000FBF7A5FD4FF4FA7040F2F23140F22D2215
:10D50000CDE90212CDE904100320082101231A46B7
:10D51000CDE9001040A14148FBF791FD4FF4FA70AE
:10D5200040F2F2314FF46C73CDE90230CDE90410D2
:10D530000320082101231A46CDE9001038A13948FB
:10D54000FBF77DFD4FF4FA704FF46C7140F22D2221
:10D55000CDE90212CDE904100320082101231A4667
:10D56000CDE9001030A13148FBF769FD40F24120C0
:10D5700040F21A414FF47173CDE90230CDE9041045
:10D580000320082101231A46CDE9001028A12948CB
:10D59000FBF755FD4FF4F07040F21A4140F2412282
:10D5A000CDE90212CDE904100320082101231A4617
:10D5B000CDE9001020A12148FBF741FD4FF4F070A8
:10D5C00040F21A414FF47173CDE90230CDE90410F5
:10D5D0000320082101231A46CDE9001018A119489B
:10D5E000FBF72DFD4FF4F0704FF4717140F24122C2
:10D5F000CDE90212CDE904100320082101231A46C7
:10D60000CDE9001010A11148FBF719FD07B000BDCE
:10D610003334380000BA0020333439000FBA002008
:10D62000333530001EBA0020333531002DBA0020CA
:10D63000333532003CBA0020333533004BBA00207A
:10D64000333534005ABA00203335350069BA00202A
:10D6500000B587B0F948C07800F0010000287CD1FF
:10D66000F74880790128FAD140F22D2040F2F231BA
:10D670004FF46C73CDE90230CDE90410032008218A
:10D6800001230222CDE90010EEA1EF48FBF7D7FC01
:10D690004FF4FA7040F2F23140F22D22CDE902123D
:10D6A000CDE904100320082101230222CDE9001056
:10D6B000E6A1E748FBF7C3FC4FF4FA7040F2F23101
:10D6C0004FF46C73CDE90230CDE90410032008213A
:10D6D00001230222CDE90010DEA1DF48FBF7AFFCF9
:10D6E0004FF4FA704FF46C7140F22D22CDE9021222
:10D6F000CDE904100320082101230222CDE9001006
:10D70000D6A1D748FBF79BFC40F2412040F21A41DA
:10D710004FF47173CDE90230CDE9041003200821E4
:10D7200001230222CDE90010CEA1CF48FBF787FCF0
:10D730004FF4F07040F21A4140F24122CDE902125A
:10D74000CDE904100320082101230222CDE90010B5
:10D75000C6A1C748FBF773FC00E028E04FF4F07067
:10D7600040F21A414FF47173CDE90230CDE9041053
:10D770000320082101230222CDE90010BDA1BE48EB
:10D78000FBF75DFC4FF4F0704FF4717140F24122F1
:10D79000CDE90212CDE90410032008210123022261
:10D7A000CDE90010B5A1B648FBF749FC44E1A34818
:10D7B000C07800F0010000287ED0A14880790128BF
:10D7C0007AD140F22D2040F2F2314FF46C73CDE962
:10D7D0000230CDE90410032000900123022299A118
:10D7E00001909948FBF72BFC4FF4FA7040F2F231AC
:10D7F00040F22D22CDE90212CDE904100320009061
:10D800000123022291A101909148FBF718FC4FF4EB
:10D81000FA7040F2F2314FF46C73CDE90230CDE989
:10D82000041003200090012302228AA101908A485B
:10D83000FBF705FC4FF4FA704FF46C7140F22D22A7
:10D84000CDE90212CDE90410032000900123022249
:10D8500082A101908248FBF7F2FB40F2412040F2A6
:10D860001A414FF47173CDE90230CDE90410032061
:10D870000090012302227BA101907B48FBF7DFFB94
:10D880004FF4F07040F21A4140F24122CDE9021209
:10D89000CDE90410032000900123022273A101901E
:10D8A0007348FBF7CCFB4FF4F07040F21A414FF491
:10D8B0007173CDE9023000E01EE0CDE904100320D1
:10D8C0000090012302226BA101906B48FBF7B7FB8C
:10D8D0004FF4F0704FF4717140F24122CDE9021221
:10D8E000CDE90410032000900123022263A10190DE
:10D8F0006348FBF7A4FB9FE040F22D2040F2F23199
:10D900004FF46C73CDE90230CDE9041003200521FA
:10D9100001230222CDE900104AA14B48FBF78FFBFF
:10D920004FF4FA7040F2F23140F22D22CDE90212AA
:10D93000CDE904100320052101230222CDE90010C6
:10D9400042A14348FBF77BFB4FF4FA7040F2F231FF
:10D950004FF46C73CDE90230CDE9041003200521AA
:10D9600001230222CDE900103AA13B48FBF767FBF7
:10D970004FF4FA704FF46C7140F22D22CDE902128F
:10D98000CDE904100320052101230222CDE9001076
:10D9900032A13348FBF753FB40F2412040F21A41D9
:10D9A0004FF47173CDE90230CDE904100320052155
:10D9B00001230222CDE900102AA12B48FBF73FFBEF
:10D9C0004FF4F07040F21A4140F24122CDE90212C8
:10D9D000CDE904100320052101230222CDE9001026
:10D9E00022A12348FBF72BFB4FF4F07040F21A41C1
:10D9F0004FF47173CDE90230CDE904100320052105
:10DA000001230222CDE900101AA11B48FBF717FBE6
:10DA10004FF4F0704FF4717140F24122CDE90212DF
:10DA2000CDE904100320052101230222CDE90010D5
:10DA300012A11348FBF703FB07B000BDDCA10020D7
:10DA4000ACB600203334380000BA0020333439003B
:10DA50000FBA0020333530001EBA002033353100B4
:10DA60002DBA0020333532003CBA00203335330064
:10DA70004BBA0020333534005ABA00203335350014
:10DA800069BA002000B587B040F2772040F281618A
:10DA900040F246224FF4C863CDE90232CDE90410CA
:10DAA0000520072101231A46CDE9001042A1434871
:10DAB000FBF7C5FA40F2162040F2816140F247229E
:10DAC0004FF4C863CDE90232CDE9041005200721E7
:10DAD00001231A46CDE9001039A13A48FBF7AFFA05
:10DAE00040F277204FF4D06140F2462240F2BD630D
:10DAF000CDE90232CDE904100520072101231A46A1
:10DB0000CDE9001030A13148FBF799FA40F2162018
:10DB10004FF4D06140F2472240F2BD63CDE90232BA
:10DB2000CDE904100520072101231A46CDE9001094
:10DB300027A12848FBF783FA40F2622040F29A615D
:10DB400040F22E2240F26663CDE90232CDE90410A4
:10DB50000320082102230122CDE900101EA11F4845
:10DB6000FCF70AFD40F24A204FF4D3614FF4CD6335
:10DB7000CDE90230CDE9041005200821002301225F
:10DB8000CDE9001016A11748FBF759FA4FF41870A9
:10DB900040F281614FF40C72CDE90212CDE904101C
:10DBA0000520082100230122CDE900100EA10F4815
:10DBB000FBF745FA07B000BD31323100D1BB002080
:10DBC00031323200E0BB002031323300EFBB0020A5
:10DBD00031323400FEBB0020313235000DBC002054
:10DBE000313236001CBC0020313237002BBC002003
:10DBF00000B587B0D148C068B0F5FA6F16DD40F2C5
:10DC0000772040F2816140F246224FF4C863CDE9AB
:10DC10000232CDE904100520082101230222CDE9BA
:10DC20000010C7A1C748FBF70AFA15E040F27720B9
:10DC300040F2816140F246224FF4C863CDE90232DE
:10DC4000CDE904100520072101230222CDE90010AF
:10DC5000BBA1BC48FBF7F3F9B8480068B0F5FA6F10
:10DC600016DD40F2162040F2816140F247224FF467
:10DC7000C863CDE90232CDE9041005200821012353
:10DC80000222CDE90010B0A1B048FBF7D8F915E0A9
:10DC900040F2162040F2816140F247224FF4C863FF
:10DCA000CDE90232CDE9041005200721012302222B
:10DCB000CDE90010A4A1A548FBF7C1F99F488068F1
:10DCC000B0F5FA6F16DD40F277204FF4D06140F2E4
:10DCD000462240F2BD63CDE90232CDE904100520B1
:10DCE000082101230222CDE9001099A19948FBF7F0
:10DCF000A6F915E040F277204FF4D06140F24622B9
:10DD000040F2BD63CDE90232CDE9041005200721C0
:10DD100001230222CDE900108DA18E48FBF78FF977
:10DD200086484068B0F5FA6F16DD40F216204FF4D1
:10DD3000D06140F2472240F2BD63CDE90232CDE925
:10DD400004100520082101230222CDE9001082A140
:10DD50008248FBF774F915E040F216204FF4D061C9
:10DD600040F2472240F2BD63CDE90232CDE9041012
:10DD70000520072101230222CDE9001076A1774872
:10DD8000FBF75DF976488078800900287DD07448DB
:10DD900090F8240000F001000028F7D040F2622043
:10DDA00040F29A6140F22E2240F26663CDE90232DF
:10DDB000CDE904100320009002231A4669A10190C6
:10DDC0006948FCF7D9FB664880780121B1EB901FC8
:10DDD00041D0634880780221B1EB901F3CD140F2E2
:10DDE0004A204FF4D3614FF4CD63CDE90230CDE941
:10DDF00004100520082100230222CDE900105BA1B8
:10DE00005B48FBF71CF94FF4187040F281614FF446
:10DE10000C72CDE90212CDE9041005200321002384
:10DE20000222CDE9001053A15348FBF708F94FF443
:10DE3000187040F281614FF40C72CDE90212CDE905
:10DE400004100520082100230222CDE9001049A179
:10DE50004948FBF7F4F86EE0414880780321B1EBC4
:10DE6000901F68D140F24A204FF4D3614FF4CD6344
:10DE7000CDE90230CDE90410052003210023022260
:10DE8000CDE9001039A13A4800E016E0FBF7D7F8D9
:10DE90004FF4187040F281614FF40C72CDE9021218
:10DEA000CDE904100520032100230222CDE9001052
:10DEB00030A13148FBF7C3F83DE040F2622040F268
:10DEC0009A6140F22E2240F26663CDE90232CDE93A
:10DED00004100320082102231A46CDE9001021A1D5
:10DEE0002148FCF749FB40F24A204FF4D3614FF43C
:10DEF000CD63CDE90230CDE90410052008210023CF
:10DF00000222CDE9001019A11948FBF798F84FF447
:10DF1000187040F281614FF40C72CDE90212CDE924
:10DF200004100520082100230222CDE9001011A1D0
:10DF30001148FBF784F807B000BD0000D0AF002007
:10DF400031323100D1BB002031323200E0BB002041
:10DF500031323300EFBB002031323400FEBB0020F1
:10DF6000DCA10020313235000DBC002031323600FA
:10DF70001CBC0020313237002BBC002008B54248C1
:10DF8000006800F01000002879D000BF0020009049
:10DF90003E480068006800903C4800684068009077
:10DFA00000BF00BF3948C06B0068006800F4002063
:10DFB00090BB3648C06B0068006820F00100334910
:10DFC000C96B096808603148C06B00684068C0F5DB
:10DFD00000702F4908804FF400702C49C96B096804
:10DFE00048602A48C06B0068006840F40020274958
:10DFF000C96B096808602548C06B0068006840F07C
:10E0000001002249C96B096808602148028821493A
:10E01000214805F0A6F832E0FFE71C48C06B006815
:10E02000006820F001001949C96B096808601748A9
:10E03000C06B00684068C0F50070154908804FF457
:10E0400000701249C96B096848601048C06B0068CD
:10E05000006820F400200D49C96B096808600B486E
:10E06000C06B0068006840F001000849C96B09688E
:10E070000860074802880949074805F072F8034814
:10E08000F8F7BEF808BD000000100140FC0C0020AD
:10E09000EC050020A4A50020A4A90020A4A700202E
:10E0A00038B524480068006800F0100010283CD102
:10E0B00020480068C06800F01000002835D01D48D6
:10E0C0000068006884B21B480068406884B2601E23
:10E0D00084B200BF002000901648006800680090DD
:10E0E000144800684068009000BF00BF1148F8F76E
:10E0F00024F81048C06B006840680F490880084643
:10E100000088C0F1A0000D4908600B480088C0F1EC
:10E11000A000252803D10A490A48F8F7E3FCA02209
:10E1200008490448F8F7D0FB00BF0248F8F768F840
:10E1300038BD00008C0D00209800002094000020C5
:10E14000DCA1002038A2002010B5044604B910BD9F
:10E150004C480078092803DA01204B49087002E096
:10E16000002049490870A5202070484890ED0A0A0F
:10E1700084ED010A4648D0F80300A060454890EDC0
:10E180001E0A84ED030A444890ED0A0A84ED040A4D
:10E190003C484089A082414890ED020A84ED060A7D
:10E1A0003F480089A0833D4890ED030A84ED080AAA
:10E1B000F5F7B6FD60623948C0786085394890ED62
:10E1C000020ABDEEC00A10EE100A00B2A0852F4868
:10E1D000B0F84000208504F0AFF894F82E1060F3FA
:10E1E000000184F82E102848017894F82E0061F37D
:10E1F000410084F82E0023480078072803D02148E6
:10E2000000786B2801D1012000E0002014F82E1FB7
:10E2100060F382012170244890F83810207861F36F
:10E22000C30020702048817D207861F304102070A5
:10E230001D48C17D207861F3451020701A48017E89
:10E24000207861F386102070174890F839102078F4
:10E2500061F3C71004F82E0900212F20015513483F
:10E26000007A442802D184F8300005E00F48007A93
:10E27000412801D184F83000AA2084F8310000BF81
:10E2800065E70000A3A200205005002048AE002052
:10E290007F050020E0AF002058B10020ECA0002056
:10E2A000B0A200208806002098B5002010A300200E
:10E2B00070B504460D4604B970BD2046FFF744FF13
:10E2C00020786D1C05F8010C60682860A068686003
:10E2D000E068A8602069E860A08A2882A069C5F883
:10E2E0001200A08BE882206AA861606AE861208D34
:10E2F0002884608D6884A08DA884E08DE88494F8DB
:10E30000300085F8280094F8310085F829006D1E4A
:10E310002B2229460248F8F7EFFA00BFCCE70000AD
:10E320008C0D002000B97047002101709FED130A89
:10E3300080ED010A9FED110A80ED020A9FED0F0AA0
:10E3400080ED030A9FED0D0A80ED040A81829FEDA6
:10E350000B0A80ED060A81839FED080A80ED080A0A
:10E36000416201854185818580F83110412180F825
:10E3700030100021C18500BFD5E70000000000007B
:10E3800070B5D0F8C822D0F8D43200EB8303D3F8AC
:10E39000C032002B28D001F00F0C0CEB8C0400EBEA
:10E3A000840500266C6954B10CEBCC0C02EB8C029A
:10E3B000D2F81CC0B4FBFCF20CFB1242B2B1C3F8A1
:10E3C0001462D0F8D42200EB8200D0F8C402D0F856
:10E3D00010C0BCF1000F05D00A4603F50471D3F854
:10E3E0000802E047002070BD032070BD6E6100236D
:10E3F0001A4600F0B0FFF5E770B50446D4F8D40231
:10E4000004EB8000D0F8C052002D12D0204600F05E
:10E4100030FEC5F80C02D4F8D412D5F8040204EB8F
:10E420008101D1F8C412CA6805F503719047002034
:10E4300070BD032070BD000070B50446234D20461A
:10E44000297800F018FD2878002600F00F0000EB76
:10E45000800004EB800080F823606978204600F09B
:10E460000AFD687800F00F0000EB800004EB8000EC
:10E4700080F86361A978204600F0FDFCA87800F0E0
:10E480000F0000EB800004EB800080F82360C66181
:10E49000D4F8D40204EB8000D0F8C01299B1D0F8BF
:10E4A000C40240688047D4F8D40204EB8000D0F85E
:10E4B000C00201F0F5F9D4F8D40204EB8000C0F8F2
:10E4C000C062C4F8BC62002070BD00004408002097
:10E4D00010B5D0F8D41200EB8100D0F8C042002C67
:10E4E00010D0D0F8C41259B194F80002FF2807D018
:10E4F0008B6894F8012221469847FF2084F8000297
:10E50000002010BD032010BD0A2101800048704783
:10E510004808002070B5064682210C4800F0F6FB42
:10E5200005460121094800F0F1FB04468121074816
:10E5300000F0ECFB0DB11021A971402104B1A180C4
:10E5400000B1818043203080004870BD5408002015
:10E5500070B5064682210D4800F0D8FB0546012122
:10E560000A4800F0D3FB04468121084800F0CEFBA6
:10E570000DB11021A9714FF4007104B1A18000B157
:10E58000818043203080014870BD00005408002085
:10E5900070B5064682210C4800F0B8FB0546012103
:10E5A000094800F0B3FB04468121074800F0AEFBA8
:10E5B0000DB11021A971402104B1A18000B1818069
:10E5C00043203080004870BD540800202DE9F047FA
:10E5D00004464FF4077001F065F905464FF0000856
:10E5E000002D65D04FF407712846F2F781FDD4F86D
:10E5F000D40204EB8000C0F8C052C4F8BC52207CA6
:10E6000001274A4E4FF0100900285AD04023022219
:10E610003178204600F0B0FD307800F00F0000EBBC
:10E62000800004EB800080F8237040230222717880
:10E63000204600F0A1FD707800F00F0000EB800094
:10E6400004EB800080F86371B07800F00F0000EBFD
:10E65000800004EB8000C0F81C9008230322B178EE
:10E66000204600F089FDB07800F00F0000EB80003C
:10E6700004EB800080F82370C5F80482D4F8D4023B
:10E6800004EB8000D0F8C40200688047C5F814820B
:10E69000C5F81882D5F80422002A3DD0207CD0B3DA
:10E6A00040237178204600F07FFD0020BDE8F08710
:10E6B000D4F8D40204EB8000C0F8C0820220BDE888
:10E6C000F0874FF4007302223178204600F054FDA9
:10E6D000307800F00F0000EB800004EB800080F841
:10E6E00023704FF4007302227178204600F044FD3D
:10E6F000707800F00F0000EB800004EB800080F8E1
:10E700006371B07800F00F0000EB800004EB800034
:10E71000C0F81C90A1E702E00220BDE8F0874FF4AA
:10E7200000737178204600F03FFDBEE744080020EA
:10E7300010B5D0F8D41200EB8101D1F8C012002935
:10E740000CD0027CDFF82CC052B1D1F80422402357
:10E750009CF8011000F028FD002010BD032010BD22
:10E76000D1F804224FF400739CF8011000F01CFD56
:10E77000F2E7000044080020002907D0D0F8D42296
:10E7800000EB8200C0F8C4120020704703207047DD
:10E79000D0F8D42200EB8200D0F8C002002803D0C9
:10E7A000C0F804120020704703207047D0F8D4321C
:10E7B00000EB8300D0F8C002002805D0C0F8081292
:10E7C000C0F810220020704703207047F0B583B0D6
:10E7D00006460C46D6F8D40206EB8000D0F8C0728C
:10E7E0000021029101910025002F0DD0217811F018
:10E7F00060023BD0202A0AD02146304600F0C9F8FA
:10E80000032503B02846F0BD03B00320F0BDE28825
:10E8100012B311F0800F10D0D0F8C40294F801C0E8
:10E820003946836860469847E288072A00D907225C
:10E830003946304600F0D5F8E3E7607887F8000203
:10E84000E088402800D34020C2B287F80122394630
:10E85000304600F0AAF8D4E7D0F8C40294F801C01A
:10E8600000228368214660469847CAE7607858B11D
:10E870000128C6D00A2817D00B2825D021463046BB
:10E8800000F087F80325BCE796F89C02032805D022
:10E890002146304600F07DF80325B2E7022201A9A7
:10E8A000304600F09EF8ACE796F89C02032805D0AD
:10E8B0002146304600F06DF80325A2E7012202A9A7
:10E8C000304600F08EF89CE796F89C02032898D01A
:10E8D0002146304600F05DF8032592E710B5D0F8E8
:10E8E000D41200EB8101D1F8C0220121002A03D00B
:10E8F000D2F8143213B117E0032010BD0121C2F881
:10E9000014120A49D2F810C2097801F00F0303EB80
:10E91000830300EB8303C3F814C0D2F81032D2F89B
:10E92000082200F018FD0021084610BD4408002010
:10E9300010B50024D0F8B8225268904700B10324E3
:10E94000204610BD90F89C22012A05D0022A03D04F
:10E95000032A01D000F01DB84988012904D1002103
:10E96000C0F8A41200F04BB8704700207047002098
:10E97000704710B513460A46002100F015FC002030
:10E9800010BD10B513460A46002100F0E4FC00203B
:10E9900010BD10B504468021204600F0ADFC204695
:10E9A000BDE81040002100F0A7BC10B50323C0F85B
:10E9B0009432C0F85421C0F86411C0F858211346AD
:10E9C0000A46002100F0F0FB002010BD10B5052123
:10E9D000C0F8941200231A46194600F0E5FB002007
:10E9E00010BD10B50223C0F89432426141628261C9
:10E9F00013460A46002100F0AEFC002010BD10B501
:10EA00000421C0F8941200231A46194600F0A3FC12
:10EA1000002010BD70B505460C462DB922460649AA
:10EA200006A000F0BFF904E02246034903A000F06D
:10EA3000B9F9014870BD00009419002043444320F7
:10EA4000436F6E6669670000024612200880014825
:10EA5000704700004C00002070B505460C462DB9EB
:10EA60002246064906A000F09DF904E0224603492B
:10EA700003A000F097F9014870BD00009419002030
:10EA800043444320496E746572666163650000000B
:10EA90000246042008800148704700006000002002
:10EAA00070B505460C462246024903A000F07AF9EB
:10EAB000004870BD9419002053544D6963726F650E
:10EAC0006C656374726F6E696373000070B50546A0
:10EAD0000C462DB92246064906A000F063F904E071
:10EAE0002246034903A000F05DF9014870BD000013
:10EAF0009419002053544D33322056697274756155
:10EB00006C20436F6D506F727400000070B5054645
:10EB10000C461A202080F3F74BFF014870BD00001F
:10EB200064000020CA88012A01D0FFF732BF90F8A4
:10EB30009C22012A05D0022A03D0032A08D0FFF71D
:10EB400028BF00218160012200F10801FFF749BFC1
:10EB50000122011DFFF745BF2DE9F84304460F468A
:10EB600000200090002600257888010A082970D22C
:10EB7000DFE801F0AB040C22ABAB8B9AD4F8B412F3
:10EB8000207C0A68694690470646A3E0207C4FF047
:10EB9000020840B1D4F8B802C16A68468847064600
:10EBA00086F8018096E0D4F8B802816A6846884702
:10EBB000064686F801808DE0C0B206285FD2DFE805
:10EBC00000F0031221303F4FD4F8B402426822B162
:10EBD000207C6946904706467CE039462046FFF790
:10EBE000D8FE012576E0D4F8B402826822B1207CF8
:10EBF0006946904706466DE039462046FFF7C9FE54
:10EC0000012567E0D4F8B402C26822B1207C6946CD
:10EC1000904706465EE039462046FFF7BAFE0125DA
:10EC200058E0D4F8B402026922B1207C69469047CA
:10EC300006464FE039462046FFF7ABFE012549E086
:10EC4000D4F8B40242692AB1207C6946904706464E
:10EC500040E03AE039462046FFF79BFE012539E0C7
:10EC6000D4F8B402826922B1207C694690470646F6
:10EC700030E039462046FFF78CFE01252AE0394670
:10EC80002046FFF786FE012524E0207C28B1394686
:10EC90002046FFF77EFE01251CE0D4F8B802416B48
:10ECA00068468847064615E0207C28B1394620464C
:10ECB000FFF76FFE01250DE0D4F8B802016B68463E
:10ECC000884706460721717004E039462046FFF761
:10ECD00060FE0125002D0CD1FA8892B1BDF800002C
:10ECE00048B1824200D90246009231462046FFF7E1
:10ECF00078FEBDE8F88339462046FFF74AFEBDE8B6
:10ED0000F8832046FFF77BFEBDE8F88378B50E4612
:10ED1000054600246A88297828468A4212D900913B
:10ED20008A420FD9694600F01BF84178052904D1C1
:10ED30000446A178B14205D000246988BDF80020BE
:10ED40009142EFD8204678BD00210278002A05D0F4
:10ED5000491CC9B2401C0278002AF9D10846704704
:10ED60000A8803781A440A8001780844704790F8AA
:10ED70009C22012A05D0022A03D0032A01D0FFF7E2
:10ED800008BECA88022A01D0FFF703BE0121C16074
:10ED9000D0F8A41209B10321C160022200F10C01D4
:10EDA000FFF71FBE70B50D461646002825D0044655
:10EDB0002046FFF7C9FF022101EB4000B0F5007FBC
:10EDC00001D9080204E02046FFF7BEFF4000801C86
:10EDD0003080307828700320687002202178002964
:10EDE0000BD0002122782A54641C401CC0B2295444
:10EDF000401CC0B22278002AF4D170BD0146002028
:10EE000031B1012906D0022906D0032908D105E035
:10EE1000002007E0032005E0012003E0032001E0DB
:10EE2000032000BF00BF704700280FD00023C0F8A8
:10EE3000B832C0F8C432C0F8D03209B1C0F8B41248
:10EE4000012180F89C12027000F01CB90320704769
:10EE50002DE9F04104460D46002600272946D4F846
:10EE6000C802F5F728F906463046FFF7C7FF074600
:10EE70003846BDE8F0812DE9F04104460D460026F4
:10EE800000272946D4F8C802F5F7E0F806463046D0
:10EE9000FFF7B4FF07463846BDE8F08170B5044679
:10EEA0000B46002B09D043F080012046FFF75DFDA3
:10EEB000FF2862D0002850D05FE004F11400D4F89D
:10EEC0009412002502293FD1818942688A4210D9D3
:10EED000511A4160828901691144016142682046EA
:10EEE000FFF74FFD00231A461946204600F05CF953
:10EEF0002AE0914214D10068884211D3D4F89812C4
:10EF000088420DD2002211462046FFF73AFDC4F890
:10EF1000985200231A461946204600F045F913E09E
:10EF200094F89C02032808D1D4F8B802C16821B132
:10EF3000C4F8D452C168204688478021204600F09A
:10EF4000DBF92046FFF742FD94F8A00220B12046ED
:10EF500000F04FFA84F8A0520FE094F89C120329B5
:10EF60000BD1D4F8B822516939B1C4F8D40252692E
:10EF7000194620469047002800D1002070BD70B58A
:10EF800004460B460025002B09D003F07F012046E4
:10EF9000FFF7EBFCFF2858D0002844D055E004F5DB
:10EFA000AA70D4F8941203294FD1818942688A4209
:10EFB0000ED9511A41608289016911440161426888
:10EFC0008089824200D802462046FFF7D2FC3CE00E
:10EFD00094F8AA0210F01F0006D0012806D00228DB
:10EFE0000AD0002070B11AE00020FBE794F8AE12BE
:10EFF0002046FFF7BCFCF5E794F8AE122046FFF779
:10F00000B4FCEFE794F89C12032908D1D4F8B812A5
:10F010000A6922B1C4F8D40209692046884720460B
:10F02000FFF7EDFC11E094F89C1203290AD1D4F803
:10F03000B822916931B1C4F8D402926919462046C8
:10F04000904705460DB1284670BD002070BD0020D8
:10F05000704710B50024012180F89C12D0F8B82226
:10F06000002A04D052680179904700B10324204659
:10F0700010BD70B504460D462946D4F8C802F5F710
:10F0800058F870BD10B50446207800282AD11648DB
:10F09000C0F8E044C4F8C8024FF0A040124908602C
:10F0A0000420087102211048C171002181710221E0
:10F0B000417200218172C17201738173C173F5F7CE
:10F0C0008DFC08B1F3F77EFB80210748F4F743FF7E
:10F0D000402200210448F4F743FF80220121024826
:10F0E000F4F73EFF002010BD9012002010B502463C
:10F0F000D2F8C83201F08000802809D101F07F00E9
:10F1000000EBC00403F1140000EB8400807810BD14
:10F1100001F07F0000EBC00403F5157000EB8400E4
:10F120008078F4E710B5D0F8D42200EB8202D2F850
:10F13000B822002A04D090F89C32032B02D004E0BD
:10F14000032010BD126A02B19047002010BD10B517
:10F15000D0F8D42200EB8202D2F8B822002A04D0E0
:10F1600090F89C32032B02D004E0032010BD526AB9
:10F1700002B19047002010BD2DE9F04704460F462C
:10F1800015461E464FF00008C1462B46324639460A
:10F19000D4F8C802F4F7D8FF80464046FFF72EFEA9
:10F1A00081464846BDE8F0872DE9F04704460D4604
:10F1B00016461F464FF00008C1463B4632462946D8
:10F1C000D4F8C802F5F707F880464046FFF716FE68
:10F1D00081464846BDE8F0872DE9F0410446002508
:10F1E000012684F89C620020C4F894026060C4F890
:10F1F000A40284F8A002D4F8B802002806D042681D
:10F2000022B100212046904700B10325002240236F
:10F2100011462046FFF7B0FF84F863614027A4F849
:10F2200060714023002280212046FFF7A5FF84F86B
:10F23000236027842846BDE8F08190F89C120429B9
:10F2400003D190F89D1280F89C120020704710B5F1
:10F2500090F89C12032905D1D0F8B81211B1C969F0
:10F2600001B18847002010BD0174002070472DE9CE
:10F27000F04104460D46002600272946D4F8C8026E
:10F28000F5F7D6FC06463046FFF7B8FD0746384688
:10F29000BDE8F08110B5044604F2AA2000F073F82E
:10F2A0000120C4F89402B4F8B002C4F8980294F8AB
:10F2B000AA1211F01F000AD001280FD0022814D082
:10F2C0002046BDE8104001F0800100F015B804F2BE
:10F2D000AA212046BDE8104000F046B904F2AA2158
:10F2E0002046BDE8104000F094BA04F2AA2120465E
:10F2F000BDE8104000F073B92DE9F04104460D4619
:10F30000002600272946D4F8C802F4F787FF0646EE
:10F310003046FFF773FD07463846BDE8F08170B50B
:10F32000044600250026D4F8C802F5F7A4FC0546DB
:10F330002846FFF763FD0646304670BD90F89C12E4
:10F34000042903D090F89C1280F89D12042180F8C3
:10F350009C12002070472DE9F04704460D461646E2
:10F360001F464FF00008C1463B4632462946D4F8B6
:10F37000C802F4F798FF80464046FFF73FFD8146FC
:10F380004846BDE8F0870A780270491C0A78427046
:10F39000491C0A784B1C1B7842EA03224280891CD4
:10F3A0000A784B1C1B7842EA032282808A78C9784B
:10F3B00042EA0121C180704738B504460020009020
:10F3C000002914D0C4F8B812D4F8D40204EB800099
:10F3D000D0F8B802C16A19B168468847C4F8D002AB
:10F3E000D4F8D802401CC4F8D802002038BD03204D
:10F3F00038BD0020704770B504468888002821D1A8
:10F40000C888F8B9488880281CD200F07F0594F895
:10F410009C0203280DD084F89E5229462046FFF70F
:10F4200026FF2046FFF7EBFA45B1022084F89C0244
:10F4300070BD2046BDE87040FFF7ABBA012084F8EC
:10F440009C0270BD2046BDE87040FFF7A2BA03469B
:10F450000020D3F8B822002A02D0126818461047BC
:10F46000704700002DE9F04104460F460025334E59
:10F47000B9783170012906D939462046FFF789FA53
:10F480000320BDE8F08194F89C024FF002080228A6
:10F490000DD0032825D039462046FFF77AFA317877
:10F4A0002046FFF745FA03252846BDE8F081A1B1C3
:10F4B00061602046FFF7CBFF0546280006D039469D
:10F4C0002046FFF766FA84F89C82EDE72046FFF7B6
:10F4D00096FA032084F89C02E6E72046FFF78FFAAD
:10F4E000E2E7C9B16068884224D0C1B22046FFF784
:10F4F0001FFA317861602046FFF7A9FF0546280012
:10F5000014D039462046FFF744FA21792046FFF708
:10F510000FFA84F89C82C7E784F89C8261602046D9
:10F52000FFF706FA2046FFF76AFABDE72046FFF725
:10F5300066FAB9E72046FFF762FAB5E7400800200F
:10F540004A88012A03D0022A06D0FFF722BA0121F5
:10F55000C0F8A412FFF753BA8988090A80F8A012EC
:10F56000FFF74DBAFFF7DBBE10B500240A7812F0A2
:10F57000600211D0202A05D0402A03D0FFF709FAF3
:10F58000204610BDD0F8D42200EB8202D2F8B82277
:10F59000926890470446F3E74A780A2A1CD2DFE8CB
:10F5A00002F012181B151B08051B0F0BFFF7D4FAEE
:10F5B000E6E7FFF720FFE3E7FFF754FF0446DFE746
:10F5C000FFF7B0FADCE7FFF7D2FBD9E7FFF7B8FFA8
:10F5D000D6E7FFF7B7F9D3E7FFF7DBF9D0E72DE977
:10F5E000F04105460E4600273479307810F060006F
:10F5F0001ED0202808D0402806D031462846FFF7E4
:10F60000C8F93846BDE8F08121462846FFF7ADF934
:10F61000FF28F6D00028F4D1C5F8D402D5F8B802F6
:10F620008268002AEDD03146284690470746E8E731
:10F630007078002872D0012831D0032804D03146D8
:10F640002846FFF7A6F9DCE795F89C02022806D0C9
:10F65000032815D031462846FFF79BF9D1E754B16E
:10F66000802C08D021462846FFF746FE80212846F8
:10F67000FFF742FEC5E731462846FFF78AF9C0E7A3
:10F68000708840B93CB1802C05D0F08818B921466B
:10F690002846FFF731FE2846FFF7B1F9B1E795F8A4
:10F6A0009C02022806D0032815D031462846FFF7D1
:10F6B00070F9A6E754B1802C08D021462846FFF700
:10F6C0001BFE80212846FFF717FE9AE731462846A1
:10F6D000FFF75FF995E77088002892D114F07F0F4B
:10F6E00003D021462846FFF7B3FB2846FFF787F9EA
:10F6F00021462846FFF739F9FF2882D0002880D11B
:10F70000C5F8D402D5F8B8028268002A3FF479AF70
:10F71000314628469047074673E7FFE795F89C0275
:10F720004FF00008022806D0032828D0314628468A
:10F73000FFF72FF965E734B1802C04D03146284615
:10F74000FFF727F95DE714F0800F07D004F07F0082
:10F7500000EB800005EB8000143007E004F07F0030
:10F7600000EB800005EB800000F5AA7080F80E80A9
:10F7700000F10E0102222846FFF733F941E714F0A9
:10F78000800F0DD004F00F0000EB800005EB80002F
:10F7900090F8230068B931462846FFF7FAF830E7B9
:10F7A00004F00F0000EB800005EB800090F863018F
:10F7B00058B114F0800F0DD004F07F0000EB8000F2
:10F7C00005EB800000F114060CE031462846FFF7F7
:10F7D000E0F816E704F07F0000EB800005EB800006
:10F7E00000F5AA764CB1802C07D021462846FFF7B9
:10F7F0007DFC28B10120B07304E086F80E8001E0A2
:10F8000086F80E80022206F10E012846FFF7E9F87D
:10F81000F7E670B505460E460024307810F060001B
:10F8200009D0202807D0402805D031462846FFF7C8
:10F83000B0F8204670BD95F89C02012808D0022837
:10F8400006D0032804D031462846FFF7A2F8F0E797
:10F85000B088C1B201291ED8C1B22846FFF787F887
:10F86000FF2800D048B10324F0880028E1D1002C03
:10F87000DFD12846FFF7C3F8DBE7D5F8B8128A686E
:10F880003AB1C5F8D4028A68314628469047044602
:10F89000EAE70324E8E731462846FFF77AF8C8E7A5
:10F8A00070470000014601487047000074170020AF
:10F8B00070B504460B4622461978587801282CD199
:10F8C00040F61C0080581D7805F00F060125B54054
:10F8D000ADB2284340F61C05A85002F5106000EBBD
:10F8E0004110006800F40040F0BB1889C0F30A0022
:10F8F0001D7940EA854040EA815040F0805040F454
:10F90000004002F5106505EB41152D68284302F50E
:10F91000106505EB411528602DE040F61C0080586D
:10F920001D7805F00F060125B540144E06EA054581
:10F93000284340F61C05A85002F5306000EB41104A
:10F94000006800F4004078B91889C0F30A001D79F6
:10F9500040EA854040F0805040F4004002F53065B8
:10F9600005EB41152D6800E005E0284302F5306500
:10F9700005EB41152860002070BD00000000FFFF6E
:10F9800001460A464FF410608058C30ADB024FF468
:10F990001060835040F60400805840F4807340F6B5
:10F9A00004008350002070470FB470B504469DF8E2
:10F9B0001900012818D1A06B20F48030A063E06802
:10F9C0001B490840E060E06820F44010E0609DF8CA
:10F9D0002000012803D1E06840F48010E060204658
:10F9E00000F028F8054613E0E06840F04000E060D1
:10F9F000204600F01FF805469DF81D0020B9A06BB9
:10FA000040F48030A06303E0A06B20F48030A0635A
:10FA10009DF81600012807D1A06840F00600A060FC
:10FA2000A06840F02000A060284670BC5DF814FB80
:10FA3000BFFFBDFF08B501460020009000BF009841
:10FA4000401C00900098B0F1706F01D9032008BDF0
:10FA5000086900F000400028F1D00A20009002E080
:10FA60000098401E009000980028F9D1086940F0E5
:10FA70000100086100BF0098401C00900098B0F1A0
:10FA8000706F01D90320E2E7086900F00100002847
:10FA9000F1D100BFDBE7000070B504460B462246FB
:10FAA00019785878012848D102F5106000EB411010
:10FAB000006800F00040B0F1004F17D102F510606F
:10FAC00000EB4110006840F0006502F5106000EBAB
:10FAD0004110056002F5106000EB4110006840F035
:10FAE000804502F5106000EB4110056040F63C00D7
:10FAF00080581D7805F00F060125B540ADB2A8432A
:10FB000040F63C05A85040F61C0080581D7805F0D2
:10FB10000F060125B540ADB2A84340F61C05A8501C
:10FB200002F5106000EB411000682B4D284002F5F3
:10FB3000106505EB411528604BE002F5306000EBE5
:10FB40004110006800F00040B0F1004F17D102F5FD
:10FB5000306000EB4110006840F0006502F5306055
:10FB600000EB4110056002F5306000EB41100068C9
:10FB700040F0804502F5306000EB4110056040F632
:10FB80003C0080581D7805F00F060125B540134E46
:10FB900006EA0545A84340F63C05A85040F61C007F
:10FBA0008558187800F00F060120B0400B4E06EA89
:10FBB0000040854340F61C00855002F5306000EBA4
:10FBC00041100068064D284002F5306505EB4115EF
:10FBD0002860002070BD0000007833EC0000FFFFBB
:10FBE0000078F3EF01460A46D2F8000E20F0030039
:10FBF000C2F8000E40F60400805820F0020340F6E0
:10FC0000040083500020704701460A46D2F8000ED7
:10FC100020F00300C2F8000E40F60400805840F0C7
:10FC2000020340F604008350002070470FB4F0B583
:10FC3000054600272E46002405E0002105F58270C8
:10FC400040F82410641C0F2CF7D39DF82200A0B9B3
:10FC500040F60400805940F0020140F60400815152
:10FC6000A86B40F40010A863A86B20F40020A863E0
:10FC7000A86B20F48020A86307E0A86B20F4001094
:10FC8000A863A86B40F40020A8630020C6F8000E0B
:10FC90009DF81D0001280CD19DF81B0020B9002102
:10FCA000284600F00AFD08E00121284600F005FD85
:10FCB00003E00321284600F000FD1021284600F053
:10FCC00002FC00B10127284600F0D5FB00B1012756
:10FCD00000214FF401608151001D815140F61C004C
:10FCE000815100242EE006F5106000EB44100068FE
:10FCF00000F00040B0F1004F10D13CB94FF000616E
:10FD000006F5106000EB441001600DE04FF09041EB
:10FD100006F5106000EB4410016005E0002106F5D7
:10FD2000106000EB44100160002106F5106000EB4C
:10FD3000441001614FF67F3106F5106000EB44106E
:10FD40008160641C9DF81800A042CCD800242EE0ED
:10FD500006F5306000EB4410006800F00040B0F1A0
:10FD6000004F10D13CB94FF0006106F5306000EB58
:10FD7000441001600DE04FF0904106F5306000EB5B
:10FD80004410016005E0002106F5306000EB4410EE
:10FD90000160002106F5306000EB441001614FF670
:10FDA0007F3106F5306000EB44108160641C9DF8E3
:10FDB0001800A042CCD84FF40160805920F4807123
:10FDC0004FF4016081510020A8616FF080406861AC
:10FDD0009DF81A0018B9A86940F01000A861A86938
:10FDE0000A490843A8619DF81E0018B1A86940F0AF
:10FDF0000800A8619DF82200012803D1A8690449E0
:10FE00000843A8613846F0BC5DF814FB00383C801C
:10FE1000040000400146886820F00100886000204E
:10FE20007047000070B503460C4619461D6C184813
:10FE3000854209D94FF43060405800F00040B0F1DD
:10FE4000004F01D1002070BD0026C1F8106BD1F821
:10FE5000100B40F40026C1F8106BD1F8100B40F0E5
:10FE60001806C1F8106BD1F8100B40F0C046C1F86D
:10FE7000106B012C09D1C1F8142B4FF4306040589D
:10FE800040F080264FF4306046500020DBE7000051
:10FE90000A30544F30B504460B462246197858783C
:10FEA00001281ED102F5106000EB4110006820F41B
:10FEB000001502F5106000EB411005601879032869
:10FEC00002D0187902282AD102F5106000EB411007
:10FED000006840F0805502F5106000EB41100560AD
:10FEE0001DE002F5306000EB4110006820F40015C1
:10FEF00002F5306000EB411005601879032802D04C
:10FF0000187902280BD102F5306000EB411000682F
:10FF100040F0805502F5306000EB41100560002094
:10FF200030BD30B504460B46224619785878012872
:10FF300021D102F5106000EB4110006800F0004094
:10FF400060B959B102F5106000EB4110006820F073
:10FF5000804502F5106000EB4110056002F510606D
:10FF600000EB4110006840F4001502F5106000EB52
:10FF70004110056020E002F5306000EB41100068A0
:10FF800000F0004060B959B102F5306000EB41105B
:10FF9000006820F0804502F5306000EB41100560FC
:10FFA00002F5306000EB4110006840F4001502F5E6
:10FFB000306000EB41100560002030BD2DE9F843B2
:10FFC00081460E4690464D463478707801287DD1A2
:10FFD000306920BB05F5106000EB44100069E6496C
:10FFE000084005F5106101EB4411086105F510604A
:10FFF00000EB4410006940F4002105F5106000EBAF
:020000040801F1
:100000004410016105F5106000EB44100069C10C5B
:10001000C90405F5106000EB441001616FE005F5BF
:10002000106000EB44100069C10CC90405F51060B4
:1000300000EB4410016105F5106000EB441000690D
:10004000CD49084005F5106101EB4411086194B9F0
:10005000B1683069884201D9B068306105F5106037
:1000600000EB4410006940F4002105F5106000EB3E
:100070004410016135E0B16830690844401EB0FBAE
:10008000F1F087B205F5106000EB44100069BA4941
:10009000C94301EAC741084305F5106101EB44116A
:1000A0000861307901281CD105F5106000EB44107F
:1000B000006920F0C04105F5106000EB44100161BB
:1000C00005F5106000EB4410006900E099E04FF086
:1000D000C04101EA4771084305F5106101EB441185
:1000E000086105F5106000EB441000693169C1F347
:1000F0001201084305F5106101EB44110861B8F1E4
:10010000010F36D1F06928B105F5106000EB4410FD
:10011000F1694161307901281ED140F6080040594B
:1001200000F4807060B905F5106000EB44100068C1
:1001300040F0005105F5106000EB441001600BE049
:1001400005F5106000EB4410006840F0805105F5A3
:10015000106000EB4410016005F5106000EB4410E6
:10016000006840F0044105F5106000EB44100160A8
:10017000FEE005F5106000EB4410006840F004411B
:1001800005F5106000EB44100160307901280FD0B4
:1001900030690028ECD040F634004059317801F045
:1001A0000F0201219140084340F634014851DFE03D
:1001B00040F60800405900F4807060B905F5106001
:1001C00000EB4410006840F0005105F5106000EBB2
:1001D000441001600BE005F5106000EB441000686E
:1001E00040F0805105F5106000EB44100160CDF83F
:1001F0000080308A83B232784846F16800F0DAFA3B
:10020000B6E005F5306000EB44100069C10CC9048C
:1002100005F5306000EB4410016105F5306000EB3E
:10022000441000695449084005F5306101EB441160
:10023000086104BB306908B1B0683061B0683062F1
:1002400005F5306000EB44100069316AC1F312011A
:10025000084305F5306101EB4411086105F5306094
:1002600000EB4410006940F4002105F5306000EB1C
:100270004410016143E03069D0B905F5306000EB0E
:1002800044100069B168C1F31201084305F53061FB
:1002900001EB4411086105F5306000EB4410006982
:1002A00040F4002105F5306000EB4410016126E0C8
:1002B000B16830690844401EB0FBF1F087B2B06805
:1002C0007843306205F5306000EB441000692A493C
:1002D000C94301EAC741084305F5306101EB441108
:1002E000086105F5306000EB44100069316AC1F324
:1002F0001201084305F5306101EB44110861B8F1C2
:10030000010F07D1F06828B105F5306000EB44100B
:10031000F1684161307901281ED140F6080040594A
:1003200000F4807060B905F5306000EB441000689F
:1003300040F0005105F5306000EB441001600BE027
:1003400005F5306000EB4410006840F0805105F581
:10035000306000EB4410016005F5306000EB4410A4
:10036000006840F0044105F5306000EB4410016086
:100370000020BDE8F8830000FFFF07E078B50346E2
:100380000024009400201A464C78012C35D10C78BA
:1003900002F5106505EB4414246804F00044B4F140
:1003A000004F60D10C7805EB4414246844F00066DB
:1003B0000C7805EB441426600C7805EB4414246893
:1003C00044F080460C7805EB4414266000BF009C86
:1003D000641C009442F21075009CAC4201D90120CB
:1003E0000AE00C7802F5106505EB4414246804F06B
:1003F0000044B4F1004FEAD035E00C7802F53065E6
:1004000005EB4414246804F00044B4F1004F2AD1F1
:100410000C7805EB4414246844F000660C7805EB76
:10042000441426600C7805EB4414246844F080469C
:100430000C7805EB4414266000BF009C641C0094FB
:1004400042F21075009CAC4201D901200AE00C7800
:1004500002F5306505EB4414246804F00044B4F15F
:10046000004FEAD000BF78BD0146886840F0010027
:1004700088600020704708B501460020009000BF4A
:100480000098401C00900098B0F1706F01D90320D3
:1004900008BD086900F000400028F1D0002000905D
:1004A0001020086100BF0098401C00900098B0F137
:1004B000706F01D90320EBE7086900F010001028E5
:1004C000F1D00020E4E708B502460020009000BF0C
:1004D0000098401C00900098B0F1706F01D9032083
:1004E00008BD106900F000400028F1D00020009005
:1004F000202040EA8110106100BF0098401C00904D
:100500000098B0F1706F01D90320E9E7106900F09D
:1005100020002028F1D00020E2E710B501460B466C
:1005200040F60804E45804F006020AB9002006E088
:10053000022A01D0062A01D1022000E00F2010BDBE
:100540000146486900F00100704701460B4640F63D
:100550001800C258001DC058024090B270470146B2
:100560000B4640F61800C258001DC0580240100C3F
:10057000704770B5024613464FF40166F45840F6D2
:100580003406F55801F00F0625FA06F606F00106C6
:1005900044EAC61403F5106606EB4116B66806EA8F
:1005A000040070BD10B50246134603F5306404EB39
:1005B0004114A06840F61404E458204010BD0146E0
:1005C00048698A69104070472DE9F04104460D469C
:1005D000274628464FEA920C02F0030300210AE066
:1005E0004FF4805858F80780C0F80080401C401C29
:1005F000401C401C491C6145F2D39BB100214FF4C3
:10060000805858F8076000BF4FEAC10826FA08F87A
:1006100080F80080491C401CA3F101081FFA88F3F0
:10062000002BF1D1BDE8F08170B504460E460025DF
:10063000E06820F0C040E060012E10D1E06840F09A
:100640000050E06000BF0A20F3F746FA0A35204662
:10065000FFF776FF012815D0C82DF4D312E07EB93C
:10066000E06840F08040E06000BF0A20F3F734FA11
:100670000A352046FFF764FF20B1C82DF5D301E00D
:10068000012070BDC82D01D10120FAE70020F8E754
:1006900010B502460B461146D1F8000820F4FE6062
:1006A000C1F80008D1F800084FF4FE6404EA03140E
:1006B0002043C1F80008002010BD02461346D3F8BD
:1006C00000080843C3F800080020704730B503460F
:1006D0001446022C49D12D48814204D32C48814232
:1006E00001D20F2245E02A48814204D329488142A1
:1006F00001D20E223DE02748814204D326488142A0
:1007000001D20D2235E02448814204D3234881429E
:1007100001D20C222DE02148814204D3204881429D
:1007200001D20B2225E01E48814204D31D4881429C
:1007300001D20A221DE01B48814204D31A4881429B
:1007400001D2092215E01848814204D3174881429A
:1007500001D208220DE01548814204D31448814299
:1007600001D2072205E0062203E00CB9092200E0CD
:100770000922D86820F47050D860D8684FF47055BA
:1007800005EA82252843D860002030BDC0ACD800DF
:10079000C0E1E4000024F40080730601A0491A01BE
:1007A000002D310140A44C0100366E0120ABA601A2
:1007B0000048E8012DE9F04304460D461E46DDF8E9
:1007C0001CC0A0462946BCF1000F12D1F01C8708BE
:1007D00000230CE0D1F8009008F5805000EB0230C7
:1007E000C0F80090491C491C491C491C5B1CBB42B9
:1007F000F0D30020BDE8F08300BFFEE703B401980A
:100800004100009850EAC12018BF04204A0D18BFCB
:1008100040F0010040F2FF72B2EB515F08BF40F0C0
:100820000200012808BF052002B0704741000802FD
:1008300018BF04200A0E18BF40F001004FF07F429D
:1008400032EA010108BF40F00200012808BF05207C
:100850007047000002480068C0F3022070470000A3
:100860000CED00E010B5002804DB0A07130E054A62
:10087000135406E00A07140E034A00F00F031B1F6F
:10088000D45410BD00E400E018ED00E0EFF3108058
:100890007047000010B510EE104A4FF01A402DEDD1
:1008A000028B00EB4400B0F1C85F4AD84FF0FC4027
:1008B000B0EB440F22D2B0EEC00AF7EE000A30EEE1
:1008C000C00AF6EE000A20EE208A18EE100A05F0A3
:1008D000E7FF00EE100A14F0004F1DBF9FED281A2D
:1008E000DFED280AB1EE400A9FED271A08BFF0EEAF
:1008F000410AF8EE001A20EE210A05E020EE008AF7
:100900009FED221ADFED220ADFED221A9FED222A47
:1009100070EEC00A20EE080A08EE212ADFED1F1A49
:1009200048EE021A9FED1E2A08EE212ADFED1D1A5D
:1009300048EE021ABDEC028B40EE610A30EE810AED
:1009400010BD4FF0CC40B0EB440F82BF9FED160AB4
:10095000BDEC028B10BD4FF07F40B0EB440F05D2D1
:10096000BDEC028BBDE8104000F0FABF0120F0F7AB
:1009700040FCBDEC028BBDE8104000F0F7BF00006A
:100980000000494022AA7D3A000000000000C93F53
:1009900022AAFD3924FE1C3DC78AD83C1E67383D7B
:1009A0001B93993DAFAA2A3EDB0FC93F10B54FF00C
:1009B0000E402DED028BB0EE408A18EE104A00EB8F
:1009C0004400B0F1506F4AD84FF0FC40B0EB440FF8
:1009D00022D2B0EEC80AF7EE000A30EEC00AF6EEF8
:1009E000000A60EE208A18EE900A05F059FF01EE29
:1009F000100A14F0004F1DBFDFED2D0A9FED2D0AE8
:100A0000B1EE411ADFED2C0A08BF9FED2C0AF8EE7B
:100A1000001A21EE218A05E0DFED290A68EE088A36
:100A2000B0EE600A9FED271ADFED271A30EE080AB4
:100A300048EE811A9FED251A08EEA11ADFED241A5F
:100A400048EE811A9FED231A08EEA11A68EE281AC3
:100A5000BDEC028B01EE810A30EE200A10BD4FF092
:100A6000E440B0EB440F0CD918EE100AFFF7DEFE9D
:100A7000042808BF00F082FFB0EE480ABDEC028BEC
:100A800010BD4FF07F40B0EB440F07D2B0EE480AE4
:100A9000BDEC028BBDE8104000F062BF0120F0F712
:100AA000A8FBBDEC028BBDE8104000F05FBF00006A
:100AB0000000C9BF22AAFDB90000C93F22AAFD3922
:100AC0000000000024FE1C3DC78AD83C1E67383D4C
:100AD0001B93993DAFAA2A3E70B54FF068422DEDA9
:100AE000048BF0EE408A18EE900AB0EE608A18EEA1
:100AF000101A02EB4003B3F1654F3CBF02EB410219
:100B0000B2F1654F7DD200BFC0F3C753C1F3C752E6
:100B10009A1A1B2A09DD10F0004F14BF9FED830ABB
:100B20009FED830ABDEC048B70BD12F11A0F36DA0B
:100B300011F0004F09D010F0004F0CBF9FED7D0A5F
:100B40009FED7D0ABDEC048B70BD88EE889A19EE8E
:100B5000100AFFF76BFE042808BF00F00FFF18EE25
:100B6000900AFFF763FE054618EE100AFFF75EFED7
:100B7000044619EE100AFFF759FE042D18BF052D83
:100B800008D1042C18BF052C04D1002804BF022072
:100B9000F0F72FFBB0EE490ABDEC048B70BD4200AC
:100BA000B2EB410F3AD910F0004F19BFDFED630AE5
:100BB0009FED630ADFED630A9FED630AB0EE481A0A
:100BC0000A46B1EE688A80F00041F0EE418A104694
:100BD0000A1A5200B2F1807F34D2484010F0004F20
:100BE000DFED5A1A9FED5A2A1DBFBEEE001A70EEB5
:100BF000E10A30EE420AB6EE001A08BF70EEA10A12
:100C000000E040E008BF30EE020AB0EE682A01EED4
:100C1000482A08EE818AC2EE081A15E011F0004F4A
:100C200004BF9FED4C0AF0EE400AD1D010F0004F07
:100C300019BFDFED490A9FED490ADFED490A9FED33
:100C4000490AC5E7C8EE881A21EEA11A9FED462A87
:100C5000DFED462A41EE022A9FED452A01EE222AC7
:100C6000DFED442A41EE022A9FED432ABDEC048BBE
:100C700001EE222A21EE811A01EE020A30EE210A4B
:100C800030EE200A70BD4FF07F42B2EB400F28BF1C
:100C9000B2EB410F09D2F0EE480AB0EE680ABDECA3
:100CA000048BBDE8704000F05EBE40EA01035B00CB
:100CB00008BF41F0FF410BD0B2EB400F08BFB2EBD1
:100CC000410F08D120F0804008EE900A21F08041C9
:100CD00008EE101A18E7B2EB400F12BF5FEA4103AB
:100CE00040F0FF4001F000413FF40EAFB2EB410F86
:100CF00012BF5FEA400200F0004041F0FF413FF4C4
:100D000003AF4A0092EA40033FF5FEAE002AACBFB3
:100D10009FED1A0A9FED1A0A68EE808A28EE008A73
:100D200018EE900A18EE101AEEE60000DB0FC9BFAD
:100D3000DB0FC93FDB0F4940DB0F49C00000C9BFD3
:100D400022AAFDB90000C93F22AAFD390060ED3E8C
:100D5000C30ACE3700000000000049C022AA7DBAB5
:100D60000000494022AA7D3A2DAD65BD8FB8D53D22
:100D70000FB511BE61C84C3EA8AAAABE0000804FA4
:100D80000000802F0000000010B52F499FED2C1BA4
:100D90002DED020B84B0059820F000408842D8BFAA
:100DA0009DED040B2DDD2949884209D1049840B9F5
:100DB0004FF00100F0F71DFA00F0B2FD06B010BDD3
:100DC00005DB9DED040B00F09FFD06B010BD6846ED
:100DD0009DED040B00F0B0F910F0030004BF9DED91
:100DE000021B9DED000B0CD001280ED09DED021BC7
:100DF0009DED000B022817D0012000F0EDFC06B09D
:100E000010BD00F0B5FB06B010BD9DED021B9DEDC1
:100E1000000B012000F0E0FC51EC100B06F0AEFEE0
:100E200006B041EC100B10BD00F0A2FB51EC100B12
:100E300006F0A4FE06B041EC100B10BD000000004F
:100E40000000000000000000FB21E93F0000F07FEF
:100E500010EE101A08B5444A6846B2EB410F28D983
:100E60004FF0E640B0EB410F94BF00204FF0FF3051
:100E700000900098002861DB60EE000A10F0010F7E
:100E800045D010F0020FDFED391A9FED391A00EE50
:100E9000E11ADFED381A40EE811A21EEA01AF0EEC9
:100EA000400A40EE010A08BFF1EE600AB0EE600AA7
:100EB00008BD314B21F0004293423CD911F0004F64
:100EC000DFED2E0A20EE201ADFED2D0A19BF31EEDC
:100ED000601A71EE200A31EE201A71EE600ABDEE42
:100EE000E01A11EE100A9FED271A00F0030000EE41
:100EF000C10A9FED251A009000EEC10A9FED231A4A
:100F000000EEC10A9FED221A00EEC10AB1E79FED83
:100F1000211A9FED210A10F0020F00EE810A9FEDC9
:100F20001F1A00EE801AB7EE000A00EE810A18BF01
:100F3000B1EE400A08BD00F029FD9AE710EE100A54
:100F40004000B0F17F4F3CBFB7EE000A08BD07D1AB
:100F50004FF00100F0F74DF9BDE8084000F006BD84
:100F6000BDE8084000F0FCBCB61F927E336D4C39E2
:100F7000DA82083CA0AA2ABE490E494683F9223FDC
:100F80000000004B0000C93F00A0FD390020A23343
:100F90001A61342CB93AB2BACA9F2A3DDDFFFFBEAE
:100FA0002DED020B019820F0004001909DED000B0B
:100FB00002B070470000000010B52F499FED2C1BB8
:100FC0002DED020B84B0059820F000408842DCBF74
:100FD00000209DED040B32DD2849884209D1049898
:100FE00040B94FF00100F0F704F900F099FC06B0A9
:100FF00010BD05DB9DED040B00F086FC06B010BDB6
:1010000068469DED040B00F097F810F0030011D036
:10101000012818D09DED021B9DED000B02281AD06F
:1010200000F0A6FA51EC100B06F0A8FD06B041EC5A
:10103000100B10BD9DED021B9DED000B012000F07B
:10104000CBFB06B010BD9DED021B9DED000B00F02B
:101050008FFA06B010BD012000F0BEFB51EC100B62
:1010600006F08CFD06B041EC100B10BD0000000036
:101070000000000000000000FB21E93F0000F07FBD
:1010800000B52DED048BB0EE409AF0EE609A83B07F
:1010900051EC190B07F0A0FC41EC180B18EE100AEC
:1010A00018EE901A8DED008B002818BF0120084320
:1010B00020F00040C0F17F6000F1E040C00F14D08C
:1010C00019EE101A19EE900A8DED009B002918BF39
:1010D0000121084320F00040C0F17F6000F1E040B2
:1010E000C00F04BF0120F0F784F8B0EE480A03B047
:1010F000F0EE680ABDEC048B00BD10B52DED028B3F
:10110000B1EEC08A18EE100A20F00040C0F1FF4096
:10111000C00F0AD010EE100A20F00040C0F1FF40CE
:10112000C00F04BF0120F0F764F8B0EE480ABDEC30
:10113000028B10BD000000002DE9F14F04462DED9B
:10114000020B2DED088B8AB09FEDE70B80ED020BB3
:10115000139EE74826F0004585420ADC9DED120B00
:10116000002084ED000B0AB0BDEC088B03B0BDE895
:10117000F08FE0489FEDE0AB9FEDE1BBA84247DD7B
:10118000E14F9FEDE39B9FEDE48B9DED120B53EC44
:101190001A2B51EC100B002E1CDD07F021FD41EC49
:1011A000100BBD4208D053EC1B2B51EC100B07F079
:1011B00017FDC4E900010BE053EC192B51EC100BA7
:1011C00007F00EFD53EC182B07F00AFDC4E90001EF
:1011D0000120C8E706F040FE41EC100BBD4208D0EC
:1011E00053EC1B2B51EC100B06F036FEC4E900014A
:1011F0000BE053EC192B51EC100B06F02DFE53ECC9
:10120000182B06F029FEC4E900014FF0FF30AAE7D1
:10121000C348A84279DB9DED120B51EC100B01F095
:101220006CFF41EC180B9FEDC00B53EC102B07F03B
:10123000DBF99FEDBF1B53EC112B06F00DFE07F001
:10124000FBF8074607F05CF941EC190B53EC1A2B3D
:1012500007F0CAF953EC182B07F096FB41EC180B7A
:1012600053EC1B2B51EC190B07F0BEF9DFF8C8A2A9
:1012700041EC100B4FEA15580125FA4453EC102BA2
:1012800051EC180B07F0ACFC032DC4E900013DD074
:10129000C1F30A5005EB4511A8EB0000113981425A
:1012A00034DA0AEB051BB0EE48AA9BED000BF0EE1A
:1012B00068AA53EC102B51EC190B07F095F941EC8F
:1012C0001B0B51EC1A0B53EC1B2B07F089FC41EC68
:1012D000180B51EC1A0B53EC182B07F081FC53EC54
:1012E0001B2B07F07DFC9BED020B41EC1A0B53EC22
:1012F000102B51EC190B07F077F953EC1A2B07F070
:101300006FFC41EC100B6D1CB8E70EE0002EA8BF7F
:101310003846BFF628AF94ED000B51EC100B06F0E9
:101320002DFCC4E9000178421DE7C6F3130040F428
:10133000801EC6F30A50A0F2F530471100F01F05D9
:10134000C5F12000DDF848B0089000200690079015
:101350000520EC467949002D07EB0002794408BFCF
:1013600051F8221009D051F8223001EB8201AB4034
:101370004A68089922FA01F11943A1FB0E26A1FB44
:101380000B131A449A4234BF0123002303EB0608CF
:101390000CEB8003D3E901A60E448E4234BF012139
:1013A000002192448A4411B1924502D903E092454A
:1013B00001D2012100E00021C3E901A641444CF81B
:1013C0002010011EA0F10100C4DC029800F10050C1
:1013D000850F0298DDE903678000DDF8148007F0CF
:1013E0008FF841EC1A0B304607F0AEF89FED541B16
:1013F00053EC112B07F0F8F841EC1B0B384607F0C3
:10140000A3F89FED511B53EC112B07F0EDF841ECC5
:10141000180B404607F098F89FED4D1B53EC112B2D
:1014200007F0E2F841EC190B51EC180B53EC192BB7
:1014300006F012FD53EC1B2B06F00EFD53EC1A2B9D
:1014400006F00AFDCDE90801002008909DED080B8B
:1014500053EC1A2B51EC100B07F0C2FB53EC1B2B77
:1014600007F0BEFB53EC182B07F0BAFB53EC192B1B
:1014700007F08AFA9FED381B53EC112B07F0B4F8F4
:101480009FED370B41EC180B53EC102B9DED080B27
:1014900051EC100B07F0A8F853EC182B06F0DCFC0D
:1014A0009FED310B41EC180B53EC102B9DED080B0D
:1014B00051EC100B07F098F853EC182B06F0CCFC0D
:1014C00041EC100B139810F0004F06D06D4251EC18
:1014D000100B06F053FB41EC100B284684ED000B7B
:1014E00041E60000000000000000000000000000D5
:1014F000FB21E93F7CD9024000004054FB21F93F29
:101500003163621A61B4D03DFB21F93F0000000055
:101510000000601A61B4D03D7370032E8A19A33B9A
:10152000FB2139410000000083C8C96D305FE43FF2
:10153000000000000000E03FA2900000F08F0000DB
:10154000000000000000103E000000000000103C01
:10155000000000000000103A182D4454FB21F93D12
:101560003326A611460B113C00000054FB21F93D27
:1015700010B52DED040B2DED088B82B0B0EE419A25
:10158000F0EE619A0B9820F000449FED4BABB4F164
:10159000795F11DA9DED0A0B51EC100B06F04CFF50
:1015A000002801BFB0EE4A0AF0EE6A0A02B0BDECB4
:1015B000088B04BF04B010BD9DED0A0B53EC102B3B
:1015C00051EC100B07F010F841EC180B3C480621C9
:1015D000B0EE480AF0EE680A784400F081F853EC67
:1015E000182B51EC100B06F0FFFF9DED0A0B41ECA0
:1015F0001B0B53EC192B51EC100B06F0F5FF41ECD3
:10160000190B53EC1B2B51EC180B06F0EDFF53ECB0
:10161000192B07F0E5FA9FED2C0B41EC190B53EC5D
:10162000102B51EC180B06F0DFFF41EC100B284893
:10163000844210DA53EC192B51EC100B07F0D0FA5E
:1016400053EC1A2B07F0A0F941EC100B02B0BDECE3
:10165000088B04B010BD1F48A042BCBF9FED1E1BED
:101660008DED001B06DBA4F500100190002000901A
:101670009DED001B51EC100B53EC112B07F0B0FA51
:101680009DED000B41EC180B53EC102B51EC1A0B99
:1016900007F0A6FA41EC1A0B53EC192B51EC180B7E
:1016A00007F09EFA53EC1A2B07F06EF941EC100B81
:1016B000CCE7000000000000000000000000F03F48
:1016C000148D000000000000000000000000E03F5A
:1016D0003333D33F0000E93F000000000000D23F59
:1016E00070B504462DED028B4D1E00EBC500B0EE2B
:1016F000408AF0EE608A90ED000B35F0060017D0BE
:1017000053EC182B51EC100B06F06EFF41EC100B54
:101710006D1E04EBC50090ED001B51EC100B53EC5B
:10172000112B06F099FB41EC100B35F00600E7D1C8
:10173000022D36D0042D1CD0062D1CBFBDEC028B13
:1017400070BD53EC182B51EC100B06F04DFF94EDCF
:101750000A1B53EC112B06F07FFB53EC182B06F001
:1017600043FF94ED081B53EC112B06F075FB41EC85
:10177000100B53EC182B51EC100B06F035FF94EDC9
:10178000061B53EC112B06F067FB53EC182B06F0ED
:101790002BFF94ED040B53EC102B06F05DFB41EC9A
:1017A000100B53EC182B51EC100B06F01DFF94EDB1
:1017B000021B53EC112B06F04FFB53EC182B06F0D9
:1017C00013FF94ED001B53EC112B06F045FBBDEC11
:1017D000028B41EC100B70BD31B504462DED040BAE
:1017E0002DED0A8BB0EE41BAF0EE61BA0B989DED8B
:1017F0000A0B20F00040B0F1795F0DDA51EC100BCC
:10180000FEF7FCFF042808BF00F09AF89DED0A0BD4
:10181000BDEC0A8B05B030BD53EC102B51EC100B16
:1018200006F0E2FE41EC180B9DED0A0B53EC182B71
:1018300051EC100B06F0D8FE41EC190B2C48B0EE21
:10184000480AF0EE680A05217844FFF749FF9FED4A
:101850002ACBB0EE40AAF0EE60AA9CB353EC1C2B4E
:1018600051EC190B06F0C0FE41EC1C0B53EC1A2B8B
:1018700051EC190B06F0B8FE9FED210B41EC190B52
:1018800053EC102B51EC1B0B06F0AEFE53EC192B56
:1018900007F0A6F953EC182B06F0A6FE53EC1B2B11
:1018A00007F09EF953EC1C2B07F09AF99DED0A1BEB
:1018B00053EC112B07F068F8BDEC0A8B05B041EC36
:1018C000100B30BDFFE753EC1A2B51EC180B06F050
:1018D0008BFE53EC1C2B06F0BFFA53EC192B06F0D1
:1018E00083FE9DED0A1B53EC112B06F0B5FAE3E7DE
:1018F000BC8B000000000000495555555555C5BF2B
:10190000000000000000E03F10B553EC102B51EC3C
:10191000100B06F0A1FA41EC100B10BD0000000006
:101920009FED050B10B553EC102B51EC100B06F08E
:10193000C5FB41EC100B10BD0000000000000000D2
:101940009FED050B10B553EC102B51EC100B06F06E
:101950004BFE41EC100B10BD000000000000001019
:1019600030EE000A704730EE200A7047DFED020AC1
:1019700080EEA00A70470000000000009FED020A00
:1019800020EE000A70470000000000102DE9F00171
:101990004FF07F42B2EB410F9FBF4FF0FF3101602C
:1019A000BDE8F00170474FF0004242EA0123C1F365
:1019B000C752783A551112F01F0C434CCCF1200657
:1019C0007C44C1F3C752A2F178024FEA621204EBE1
:1019D000820254F8254008BFD2E9015612D055685A
:1019E00004FA0CF425FA06F73C43976805FA0CF55F
:1019F00027FA06F8D26807FA0CFCF24045EA080517
:101A00004CEA0206A4FB034CA5FB0352A6FB0363AE
:101A10001D449D4234BF012600261319334416B1DC
:101A2000934202D903E0934201D2012200E0002256
:101A3000624402F1200C9206DC0C42EA443200EED1
:101A4000102A5B03DFED210AF8EEC01A00EE103A0F
:101A50004FEA9C1C11F0004FB8EE400AC0F800C0DD
:101A600020EE201A00EE105ADFED190AB8EE400AF7
:101A700020EE200A71EE810A70EE800A10EE902AA4
:101A800002F500626FF30B0200EE902A70EEE11A8D
:101A900031EEC11ADFED101A30EE411A9FED0D0A3A
:101AA00020EE800A01EE210A9FED0C1A00EE810A59
:101AB00004BFBDE8F0017047CCF180510160BDE882
:101AC000F001B1EE400A7047248A000000000036A1
:101AD0000000802C22AAFD29DB0FC92F0000C92F8E
:101AE00080F310887047000070B505460C4600264C
:101AF0000DB1022C00D870BDA11E064802882846F0
:101B000001F0E8FB0646A01E2E54310A601E29543F
:101B100000BFF0E75E05002070B505460C460026C4
:101B20000DB1022C00D870BD611EFF22284601F0C5
:101B3000EBFB0646601E2E5400BFF4E71048807889
:101B4000C0F3C20002281AD10D4991ED030ADFED5E
:101B50000D0A30EE600ABDEEC00A10EE100A002831
:101B600001DB014600E0414240F23A22914203DDAE
:101B700001200549088402E00020034908847047D9
:101B8000DCA100200080224558B1002010B5EFF7FD
:101B9000C9FC8020EFF78EFE5520EFF78BFE552015
:101BA000EFF788FE50490870EFF7B2FC0120F1F71B
:101BB00093FFEFF7B7FC8020EFF77CFE5520EFF79F
:101BC00079FE5520EFF776FE47490870EFF7A0FC45
:101BD0000120F1F781FFEFF7A5FCB6217E20EFF79A
:101BE0007BFEEFF795FC5020F1F776FFEFF79AFCBC
:101BF0008020EFF75FFE5520EFF75CFE5520EFF7F2
:101C000059FE39490870EFF783FC0120F1F764FFB2
:101C1000EFF788FC8020EFF74DFE5520EFF74AFEE6
:101C20005520EFF747FE30490870EFF771FC0120AF
:101C3000F1F752FF2C4800781E2801D0FF2010BD7C
:101C400000202A49087049E0EFF76CFC274A127817
:101C500002EB4202264B1A445178244A127802EBD6
:101C60004202985CEFF738FEEFF752FC0120F1F7E3
:101C700033FFEFF757FC1D49097801EB41011C4A7E
:101C8000515C41F08000EFF715FE5520EFF712FE92
:101C90005520EFF70FFE14490870EFF739FC0120CB
:101CA000F1F71AFF1148007800EB40001049084492
:101CB00040780D49097888420BD00C48007800EB39
:101CC00040000B49084480780A49097808430949CB
:101CD000087006480078401C0449087003480078E2
:101CE0000628B1DB0020AAE77C0400207D04002048
:101CF000880400207E04002010B5EFF727FC45493A
:101D00000020EFF7CAFDEFF717FC0120F1F7E4FE22
:101D1000EFF71CFC3F490020EFF7BFFDEFF70CFC8D
:101D20000120F1F7D9FEEFF711FCB6211420EFF7EF
:101D3000D3FDEFF701FC5020F1F7CEFEEFF706FCE4
:101D400034490020EFF7A9FDEFF7F6FB0120F1F78A
:101D5000C3FEEFF7FBFB2F490020EFF79EFDEFF7E7
:101D6000EBFB0120F1F7B8FE2A4800780F2801D0DC
:101D7000FF2010BD00202849087045E0EFF7E6FB82
:101D8000254A127802EB4202244B1A445178224A27
:101D9000127802EB4202985CEFF79EFDEFF7CCFB66
:101DA0000120F1F799FEEFF7D1FB1B49097801EB10
:101DB00041011A4A505C1749EFF76FFDEFF7BCFB82
:101DC0000120F1F789FE1448007800EB4000134928
:101DD000084440780F490978884210D00E480078AE
:101DE000401E0D4908700846007800EB40000C4981
:101DF000084480780B49097808430A490870064866
:101E00000078401C04490870034800780628B5DBB8
:101E10000020AEE77C0400207D0400209A0400200E
:101E2000880400207E04002070B52DED0A8B044646
:101E30000D46C44890ED030A20EE000A10EE101A79
:101E4000084607F0CFF941EC190B9FEDBF0B53EC9F
:101E5000102B06F0C9FB41EC180B05F09BFEA063AC
:101E6000BB4890ED140A20EE000A10EE101A084646
:101E700007F0B8F941EC190B9FEDB30B53EC102BA5
:101E800006F0B2FB41EC180B05F084FEB049C863C4
:101E9000B048408900B20882AF48008900B2488249
:101EA000084690ED0F0A10EE101A084607F09AF94E
:101EB00041EC1C0B9FEDA90B53EC102B06F064FDBD
:101EC00041EC1A0BB4F9100006F01AFB41EC1B0BA5
:101ED00053EC1A2B06F0F2F841EC190B9FEDA10B15
:101EE00053EC102B05F0B8FF41EC180B05F052FE37
:101EF0009749C864B4F9100000EE100AB8EEC00AA1
:101F0000D4ED160A9FED991A71EE600A80EE201A40
:101F1000084680ED151ADDB3012D64D1944890F880
:101F20002500C0F3C000A0BBB4F9100000EE100AF9
:101F3000B8EEC00ADFED8F0AB4EEE00AF1EE10FA57
:101F40000EDB94ED0E0A0846D0ED0F0AB4EEE00A5F
:101F5000F1EE10FA04DD94ED110A84ED020A1DE0A1
:101F6000B4F9100000EE100AB8EEC00ADFED810AE5
:101F7000B4EEE00AF1EE10FA10D294ED0E0A7448B5
:101F8000D0ED0F0AB4EEE00AF1EE10FA06DD01E042
:101F90002AE024E09FED780A84ED020A94ED0E0A0F
:101FA0006B48D0ED0F0AB4EEE00AF1EE10FA1AD247
:101FB000B4F9120000EE100AB8EEC00AD4ED160A09
:101FC00070EE600AB4F9100000EE100AB8EEC00A14
:101FD00094ED151A01EE200A84ED020A03E0B3EE37
:101FE000090A84ED020A70E0B4F9120028281CDD09
:101FF0005748B0F91000282817DD6048B0F90400F0
:1020000040F6B831884210DAB4F9100000EE100A38
:10201000B8EEC00AD4ED120A30EE200ADFED580AFD
:1020200030EE200A84ED100A23E04948B0F9100090
:1020300000EE100AB8EEC00ADFED4E0AB4EEE00A78
:10204000F1EE10FA09D84A48007FC0F3801020B1A1
:102050009FED4C0A84ED100A0BE0B4F9100000EE7D
:10206000100AB8EEC00AD4ED120A30EE200A84ED50
:10207000100A3F4890F82500C0F3C00000BB94ED63
:102080000E0AD4ED0F0AB4EEE00AF1EE10FA12D205
:1020900094ED0E0AD4ED0F0A70EE600AB4F9100048
:1020A00000EE100AB8EEC00A94ED131A01EE200AF1
:1020B00084ED020A08E094ED100A84ED020A03E0C0
:1020C000B3EE090A84ED020A00BF00BF94ED0E0AC8
:1020D000DFED2D0AB4EEE00AF1EE10FA10D294ED25
:1020E0000E0AB2EE021AC0EE010A1948B0F9100049
:1020F00000EE100AB8EEC00A30EE600A84ED020A63
:102100001348B0F91200192819DA1148B0F9120071
:1021100000EE100AB8EEC00ADFED1C0A30EEC00A6D
:10212000B0EE001AC0EE010A0948B0F9100000EE46
:10213000100AB8EEC00A30EE600A84ED020ABDEC67
:102140000A8B70BDECA00020C3F5285C8FC20D4047
:1021500088060020A3A20020B0A20020EC51B81EE7
:1021600085BF9E409A9999999999B93F000070420C
:10217000DCA10020000020420000344328A1002000
:102180000000C842000048430000964300000C4293
:1021900000B58BB000200690079001200890002029
:1021A00001900290039004900590012009900E2068
:1021B0000A9001A90548F0F7CFFC0448F1F709FAA5
:1021C00002210248F0F70EFC0BB000BD2C0B0020E2
:1021D00000B58BB00E2006900020079001200890DB
:1021E0000020019002900390049001200590099036
:1021F0000E200A9001A90648F0F7AEFC0448F1F75A
:10220000E8F910210248F0F7EDFB0BB000BD00002B
:10221000540B00201CB500F049F91148C078C0F3F8
:10222000011050B900200090034602464FF400719F
:1022300001900C4804F042F911E00B48B0F9460057
:102240000949B1F94410CDE900100748B0F942300E
:10225000B0F940204FF40071024804F02FF91CBD82
:10226000DCA100202C0B002048AE002010B5044655
:1022700094ED061AF0EE410A2D48B0F9700001EE17
:10228000100AB8EEC11AB0EE410A2A48F7F7D6FF95
:10229000BDEEC00A10EE100A01B24620015394EDC3
:1022A000031AF0EE410A2248B0F9040001EE100AC8
:1022B000B8EEC11AB0EE410A1E48B438F7F7BEFFB7
:1022C000BDEEC00A10EE100A00B2A4F8400094ED72
:1022D000051AF0EE410A1648B0F94C0001EE100A5A
:1022E000B8EEC11AB0EE410A12483C38F7F7A6FF23
:1022F000BDEEC00A10EE100A01B24420015394ED65
:10230000041AF0EE410A0A48B0F9280001EE100A5A
:10231000B8EEC11AB0EE410A06487838F7F78EFFDA
:10232000BDEEC00A10EE100A01B24220015310BDEA
:1023300028A1002058AF00200A48806840F6B83134
:1023400088420BDC0748C068884207DC05484068C3
:10235000884203DC03480068884201DD01207047A1
:102360000020FCE7D0AF002010B5012044490886CA
:1023700081F848009FED430A084680ED000A9FED72
:10238000410A80ED080A9FED3F0A80ED010A9FEDAA
:102390003D0A80ED090A9FED3B0A80ED020A9FEDA0
:1023A000390A80ED050A9FED370A80ED040A9FED9A
:1023B000350A80ED030A9FED330A80ED060A3248A4
:1023C000C078C0F30110888530484088A1F85400D7
:1023D0009FED2F0A084680ED130A9FED2E0A80ED2F
:1023E000140A9FED280A80ED160A9FED2B2ADFEDD7
:1023F000251A9FED241ADFED230AB2EE040A00210C
:102400002648F7F7FBFF9FED242ADFED1E1A9FED0C
:102410001D1ADFED1C0AB2EE040A00211F48B43871
:10242000F7F7ECFF9FED1C2ADFED161A9FED151A4A
:10243000DFED140AB2EE040A002118483C38F7F721
:10244000DDFF9FED152ADFED0F1A9FED0E1ADFED70
:102450000D0AB2EE040A002110487838F7F7CEFFD3
:102460009FED0F2ADFED071A9FED061ADFED050A33
:102470009FED0C0A00210C48F7F7C0FF10BD0000CB
:1024800048AE002000000000DCA10020A3A2002034
:10249000008006C30000364200007A4658AF002094
:1024A00000007A450000704294AF002010B5F7F7A5
:1024B000C7FF044801780448FFF7B6FC02F0CEFBE2
:1024C00010BD0000500600208806002030B52DED1C
:1024D000108B87B004460D46C34890ED001AF0EE0D
:1024E000410A90ED081AB0EE410A02F03DF9BE48EB
:1024F00080ED080A90ED011AF0EE410A90ED091AFC
:10250000B0EE410A02F030F9B74880ED090A012D1A
:102510007DD19FEDB60BB0EE408AF0EE608A9FED64
:10252000B30B8DED040B9FEDB10B8DED020B94ED14
:102530000A0ADFEDB00A30EEC00A10EE101A0846A3
:1025400006F050FE41EC180B94ED0A0ADFEDA90AE3
:1025500030EE200A10EE101A084606F043FECDE9D0
:1025600004018DED028B94ED020A10EE101A08465C
:1025700006F038FE41EC1A0B94ED090A10EE101A21
:10258000084606F02FFE41EC1E0BB0EE480AF0EEB6
:10259000680AFEF711FDB0EE40FAF0EE60FA53EC77
:1025A0001E2B51EC1F0B06F01FF841EC1C0B94ED99
:1025B000080A10EE101A084606F014FE41EC1E0B35
:1025C000B0EE480AF0EE680AFEF7DEFBB0EE40FA25
:1025D000F0EE60FA53EC1E2B51EC1F0B06F004F8E2
:1025E00041EC1D0B53EC1C2B05F036FC41EC1B0B96
:1025F00053EC1A2B05F030FC41EC190B05F0CAFA2C
:10260000606194ED020A10EE101A084600E0E7E05F
:1026100006F0E8FD41EC1A0B94ED090A10EE101AD1
:10262000084606F0DFFD41EC1E0B9DED040BFEF7A6
:10263000C3FCB0EE40FAF0EE60FA53EC1E2B51EC06
:102640001F0B05F0D1FF41EC1C0B94ED080A10EEB6
:10265000101A084606F0C6FD41EC1E0B9DED040B5A
:10266000FEF792FBB0EE40FAF0EE60FA53EC1E2B50
:1026700051EC1F0B05F0B8FF41EC1D0B53EC1C2B6C
:1026800006F0AEFA41EC1B0B53EC1A2B05F0E4FB01
:1026900041EC190B05F07EFA206194ED020A10EE70
:1026A000101A084606F09EFD41EC1A0B94ED090A3B
:1026B00010EE101A084606F095FD41EC1E0B9DED3C
:1026C000020BFEF779FCB0EE40FAF0EE60FA53EC44
:1026D0001E2B51EC1F0B05F087FF41EC1C0B94EDFA
:1026E000080A10EE101A084606F07CFD41EC1E0B9D
:1026F0009DED020BFEF748FBB0EE40FAF0EE60FAFB
:1027000051EC1F0B05F03AFA53EC1E2BCDE90001FA
:102710009DED000B51EC100B05F066FF41EC1D0B1D
:1027200053EC1C2B06F05CFA41EC1B0B53EC1A2B00
:1027300005F092FB41EC190B05F02CFAE06094EDEA
:10274000020A10EE101A084606F04CFD41EC1A0B76
:1027500094ED090A10EE101A084606F043FD41EC0C
:102760001E0B9DED040BFEF727FCB0EE40FAF0EED9
:1027700060FA53EC1E2B51EC1F0B05F035FF41ECBA
:102780001C0B94ED080A10EE101A084606F02AFDFC
:10279000CDE900019DED040BFEF7F6FAB0EE40FA2C
:1027A000F0EE60FA51EC1F0B05F0E8F941EC1E0B5E
:1027B0009DED000B53EC102B05F016FF41EC1D0BAB
:1027C00053EC1C2B05F048FB41EC1B0B53EC1A2B74
:1027D00005F042FB41EC190B05F0DCF9A06100BFEC
:1027E00007B0BDEC108B30BD48AE002000000000EB
:1027F00000000000FE0E493FFFF7B6FD0A2004F07E
:10280000F5FD00BF1248807800F0010028B901F002
:1028100083F9104801F0B4F804E003F095FA0D488C
:1028200003F0AEF901210B48FFF750FE0948FFF70E
:102830001DFD094A09490A4802F01CF80948408868
:102840000449A1F85400012004F0D0FDDAE70000AB
:10285000DCA1002048AE0020D0AF0020F40600200C
:1028600028A10020A3A200202DE9F0472DED068B22
:102870008AB082460C46B0EE40AAB0EE608AF0EE16
:10288000418AB0EE619AF0EE429A1020B2EE091A37
:10289000FAEE090AB0EE4A0A00F002FD85B20C20F9
:1028A000B3EE0E1AFBEE0E0AB0EE480A00F0F8FC8A
:1028B00086B20C209FED2E1ADFED2E0AB0EE680ACC
:1028C00000F0EEFC87B20C20B1EE041ADFED290A0D
:1028D000B0EE490A00F0E4FC1FFA80F80C20B2EEDA
:1028E000041AFAEE040AB0EE690A00F0D9FC1FFAE5
:1028F00080F9049400200690079008200890281280
:102900008DF80800E8B28DF80900C6F307108DF8BD
:102910000A003007000E40EA27208DF80B00F8B2BD
:102920008DF80C00C8F307108DF80D004FEA087001
:10293000000E40EA29208DF80E0009F0FF008DF806
:102940000F0001AB02AA04A95046F0F760F80A494B
:10295000087008460078012804D108480068401C27
:10296000064908600AB0BDEC068BBDE8F0870000A0
:102970000000FA4300000000C4040020C804002046
:1029800010B503460C46002003E0215C264A115492
:10299000401C0828F9DB207800F00F001880207810
:1029A00000095880A078617840EA01205860E078FA
:1029B0000001217940EA211098606079217901F0C5
:1029C0000F0140EA0120D860A0791874E0795874AA
:1029D0001021DFED160A9FED160A586804F04CFB33
:1029E00083ED050A0C21DFED130A9FED130A9868A9
:1029F00004F042FB83ED060A0C21F3EE020ABBEE63
:102A0000020AD86804F038FB83ED070A93ED050A43
:102A1000DFED0A0A20EE200ADFED040A80EE201A1C
:102A200083ED081A10BD000048050020D00F494072
:102A3000D00F49C000003442000034C200003443CB
:102A400030B589B005460C460394002005900690E9
:102A500008200790FF208DF80A008DF809008DF8F6
:102A600008008DF807008DF806008DF805008DF838
:102A70000400FD208DF80B006B4601AA03A928462F
:102A8000EFF7C5FF0149087009B030BDC40400204C
:102A900030B589B005460C46039400200590069099
:102AA00008200790FF208DF80A008DF809008DF8A6
:102AB00008008DF807008DF806008DF805008DF8E8
:102AC0000400FC208DF80B006B4601AA03A92846E0
:102AD000EFF79DFF0149087009B030BDC404002024
:102AE00010B511488078C0F3C20048B10F48408843
:102AF00030B902210E48FFF7CBFF012004F076FC2D
:102B000009488078C0F3C20030B1074890F824002B
:102B10000121B1EBD01F06D102210548FFF790FF3C
:102B2000012004F063FC10BDDCA10020C8A000203F
:102B30002C0B002010B5028842804A780B7842EABC
:102B4000032212B20280CA788B7842EA032212B2C0
:102B500082804A790B7942EA032212B2C2808A79D2
:102B60000272B0F90020B0F90230D21AB2F5805FDB
:102B700003DDC268521EC2600AE0B0F90020B0F95D
:102B80000230D21A12F5805F02DAC268521CC260AB
:102B9000B0F90030C26803EB4232038CD21A0261F2
:102BA0004FF4B474036903FB04F2D31702EBD3436D
:102BB0005B13436110BD0000816900EE101A816A49
:102BC00000EE901A20EE200AB5EEC00AF1EE10FADF
:102BD00065DD816900EE101AB5EEC00AF1EE10FA5B
:102BE00003DD816900EE101A04E0816900EE101A1D
:102BF000B1EE400A416D00EE901AB4EEE00AF1EE3B
:102C000010FA00D87047016D00EE101A416D00EE09
:102C1000901A70EE200A816900EE101AB5EEC00A13
:102C2000F1EE10FA03DD816900EE101A04E081690B
:102C300000EE101AB1EE400AF4EEC00AF1EE10FAFE
:102C400028DB016D00EE901A816900EE101AB5EED6
:102C5000C00AF1EE10FA03DD816900EE101A04E0FB
:102C6000816900EE101AB1EE400A70EEC00A416DA3
:102C700000EE101A30EE801A016D00EE101AC1EE4F
:102C8000000A016B00EE101A20EE800A10EE101AF6
:102C9000016304E09FED030A10EE101A016300BF08
:102CA000B0E700000000000050F82C1F00EE101AE2
:102CB000416E00EE901A60EE201A016B00EE101AC1
:102CC000416E00EE901A30EE200A81EE801A016902
:102CD00000EE101A016B00EE901A60EE201A00EE62
:102CE000101A416E00EE901A30EE200AC1EE800AF2
:102CF00031EE200A10EE101A40F82C19704710B56A
:102D00000446D4F8940090BBB4F86000022817DDA4
:102D1000206901EE100AB1EE411AF0EE410AD4F832
:102D2000900000EE100A04F16200F6F737FEE0684A
:102D300000EE900A20EE200A10EE100AE06257E042
:102D4000606900EE100A206900EE900A70EE600AD9
:102D5000E06800EE100A20EE801AD4F8900000EE31
:102D6000100AC1EE000A10EE900AE06240E0FFE7B0
:102D7000B4F8600002281EDD206901EE100AB1EEF1
:102D8000411AF0EE410AD4F8900000EE100A04F166
:102D90006200F6F703FEE06800EE900AD4F89400B3
:102DA000806801EE100A70EE810A20EE200A10EE13
:102DB000100AE0621CE0E06800EE100AD4F894000B
:102DC000806800EE900A30EE201A606900EE100A6A
:102DD000206900EE900A30EE600A21EE001AD4F865
:102DE000900000EE900A81EE200A10EE100AE062D8
:102DF00010BD0000816A00EE101A016B00EE901AFF
:102E000030EE200A344981ED000A416A00EE101AC2
:102E1000816A00EE901A70EE200AC16A00EE101A64
:102E200030EE800A2D4981ED000A91ED000AB5EEE1
:102E3000C00AF1EE10FA02DD91ED000A04E0274924
:102E400091ED000AB1EE400A016C00EE901AB4EE6A
:102E5000E00AF1EE10FA11DD816900EE101A816AC4
:102E600000EE901A20EE200AB5EEC00AF1EE10FA3C
:102E700004DD9FED1B0A10EE101A0163416C00EE99
:102E8000101A1549D1ED000AB4EEE00AF1EE10FA7D
:102E900006D29FED130A10EE101A0163416C816295
:102EA000416C00EE101AB1EE400A0B49D1ED000A58
:102EB000B4EEE00AF1EE10FA0CDD9FED090A10EE17
:102EC000101A0163416C00EE101AB1EE400A10EEC8
:102ED000101A816270470000540400205004002042
:102EE0000000000050F8341F00EE101AC16D00EE13
:102EF000901A60EE201A416A00EE101AC16D00EEC1
:102F0000901A30EE200A81EE801A416800EE101A05
:102F1000416A00EE901A60EE201A00EE101AC16DA0
:102F200000EE901A30EE200AC1EE800A31EE200A3F
:102F300010EE101A40F834197047416B00EE101A69
:102F4000016C00EE901AB4EEE00AF1EE10FA01DD29
:102F5000016C4163416B00EE101A016C00EE901A97
:102F6000F1EE600AB4EEE00AF1EE10FA07D2016C5D
:102F700000EE101AB1EE400A10EE101A41637047CD
:102F800010B5416B00EE101A016C00EE901A9FED27
:102F9000261A60EE810AB4EEE00AF1EE10FA0BD3C5
:102FA000016800EE101AB0EEC00ADFED200AB4EEA0
:102FB000E00AF1EE10FA00D210BD016800EE101A1E
:102FC000016900EE901A30EE600AF0EEC00A016866
:102FD00000EE101AB0EEC00A80EE801A9FED140ABF
:102FE000B4EEC01AF1EE10FA09DD50F8994F4168BD
:102FF000631C41F1000103604160993804E0002244
:10300000C0F89920C0F89D20D0F89940D0F89D30A4
:103010004FF4FA720021121B994102D20122A12120
:103020000A5400BFC8E700006F12833A17B7D138BF
:103030003333733F416A00EE101A016C00EE901AB0
:10304000B4EEE00AF1EE10FA01DD016C4162416A72
:1030500000EE101A016C00EE901AF1EE600AB4EE68
:10306000E00AF1EE10FA07D2016C00EE101AB1EE90
:10307000400A10EE101A41627047D0F89410D1B98E
:10308000816900EE101AC16900EE901A30EE200A34
:10309000B0EE001AC0EE010A816800EE101A60EE70
:1030A000800AD0F8901000EE101A20EE800A10EE80
:1030B000101A016320E0816900EE101AC16900EE68
:1030C000901A30EE200AF0EE000A80EE201A816895
:1030D00000EE101AD0F89410496800EE901A30EE05
:1030E000200A61EE000AD0F8901000EE101A20EECF
:1030F000800A10EE101A0163704782B0CDE900011A
:1031000021F0004001909DED000B02B051EC100B3E
:10311000704770B504460026FDF7B8FB054672B649
:1031200061682069884201D9206820612069067899
:103130002069401C2061A068401CA060E068401E1F
:10314000E0602846FEF7CCFC304670BD03461960AF
:103150008818401E58609A600020D8601961596133
:1031600070472DE9F047044688461546FDF78EFB6B
:10317000824672B6B8F1000F00D13CE0A06800B9F9
:1031800039E061686069884201D920686061A0689F
:10319000A84201DD284600E0A06805466169606834
:1031A000401A461CAE4209DB2E4632464146606953
:1031B000EDF7FDFE6069304460610FE0A5EB0609A4
:1031C000324641466069EDF7F2FE08EB06014A46D9
:1031D0002068EDF7ECFE206848446061A068401B61
:1031E000A060E0682844E0602F465046FEF778FC77
:1031F0003846BDE8F0875046FEF772FC4FF0FF30CE
:10320000F7E70146C868704710EE102AC2600A68E6
:103210008260DFED050A10EE902A0260DFED020AFF
:1032200010EE902A4260704700000000F0EE401A55
:10323000F4EEE01AF1EE10FA02D2B0EE600A704736
:10324000F4EEC11AF1EE10FA02DDB0EE410AF6E733
:10325000B0EE610AF3E70000FDEEC00A0E48C0EDD3
:10326000000AD0ED000AF8EEE00A70EE600A0B48A2
:10327000C0ED000AD0ED000AB6EE001AF4EEC10A65
:10328000F1EE10FA04DD04480068401C02490860B1
:1032900001480068704700001C0100202001002048
:1032A000014671EE602AF0EE621AB0EE602A30EE4E
:1032B000423A01208840401E02EE900AF8EEE22ACF
:1032C00063EE222A82EEA13AFDEEC32A12EE900AA4
:1032D0007047000030B5034613B94FF6FF7030BD9C
:1032E00009E013F8014B82EA0400C0B2054D35F83D
:1032F000100080EA2222081EA1F10101F1D110463E
:10330000EDE70000B698010830B5034605E013F874
:10331000010B80EA02040448025D081EA1F10101CC
:10332000F5D1104630BD0000B59701084A780B78FA
:1033300042EA032212B2028002880284704700002F
:1033400010B55F48807820F038005D498870002013
:103350005C490881C8800120088208830020C88356
:1033600059499FED5A0A5A48FFF74EFFB1EE0C2A11
:10337000DFED581A9FED571ADFED560AB7EE000A37
:1033800000215548F7F73AF8B1EE002ADFED511A5F
:103390009FED501ADFED4F0A9FED500A0021504873
:1033A000F7F72CF89FED4B6ADFED4A5A9FED4D5A27
:1033B000DFED4D4A9FED4B4AF1EE0C3A9FED4B3A53
:1033C000DFED4B2A9FED4B2ADFED4B1AB7EE081AC3
:1033D000F7EE000A9FED490A4948EFF70BFAB1EE04
:1033E0000C2ADFED3C1A9FED3B1ADFED3A0A9FED08
:1033F000450A00214448F7F701F8B1EE042ADFED51
:10340000351A9FED341ADFED330A9FED400A002193
:103410003F48F6F7F3FFB1EE0C2ADFED2E1A9FEDD1
:103420002D1ADFED2C0A9FED370A00213948F6F7F7
:10343000E5FFB0EE082ADFED271A9FED261ADFED33
:10344000250A9FED320A00213348F6F7D7FFB1EE87
:103450000C2ADFED201A9FED1F1ADFED220A9FEDE7
:103460002F0A00212E48F6F7C9FFB1EE002ADFED42
:10347000191A9FED181ADFED1D0AB7EE000A002198
:103480002848F6F7BBFFB1EE0C2ADFED121A9FEDCC
:10349000111ADFED100A9FED1B0A00212248F6F7F2
:1034A000ADFFB1EE002ADFED0B1A9FED0A1ADFED3A
:1034B000090A9FED1E0A00211D48F6F79FFF10BD67
:1034C000DCA1002058B1002070070020295C8F3E4D
:1034D000BCB1002000000000CCB100209A99D93F77
:1034E00008B200206F12833A53F15A3817B7D13817
:1034F0000060EA4700C0DA456666A63F00008C42DD
:1035000044B200209A99193FA8B20020CDCC8C3F3C
:10351000E4B2002098B30020D4B300203333333F0B
:1035200010B400204CB4002088B40020CDCC4C3F17
:10353000C4B40020034890ED1E0A034880ED0A0A37
:1035400070470000E0AF002058B1002010B52DED0D
:10355000028BCF4890ED0A1AF0EE410ACD4890ED6B
:103560001E1AB0EE410A02F0DFFFB0EE408ACA48F0
:103570008078C0F3C20005287ED2DFE800F0F603B1
:103580008A65F500F0EE480A9FEDC40AC448F6F7D4
:1035900055FEC14890F82400C0F34010D8B1BE4891
:1035A000C078C0F30110022815D1BD4890ED081A6B
:1035B000F0EE410AB74890ED061AB1EE411AB0EEAE
:1035C000410AB848F6F73AFEDFEDB70A30EE200AB6
:1035D000AF4880ED0B0AB04890F82400C0F34010CB
:1035E000E0B9AD48C078C0F30110022816D1AC484C
:1035F00090ED081AF0EE410AA64890ED061AB1EED9
:10360000411AB0EE410AA748F6F718FEDFEDA60A08
:1036100030EE600A9E4880ED0B0A11E0A04890ED64
:10362000081AF0EE410A9B4890ED061AB1EE411AD5
:10363000B0EE410A9B48F6F701FE954880ED0B0A73
:103640009A4880ED008A1EE1F0EE480A9FED930A49
:103650009748F6F7F3FD964890ED081AF0EE410A08
:103660008C4890ED061AB0EE410A9248F6F7E6FD56
:10367000B1EE400A904800E004E1D0ED020A9FED6F
:103680008F1AC0EE811A30EE210A814880ED0B0AB4
:10369000F9E0814880788009002867D0012804D0AB
:1036A000022864D003287CD17CE0F0EE480A9FED2C
:1036B0007B0A8348F6F7C2FD774890F82400C0F3F0
:1036C0004010D8B17448C078C0F30110022815D159
:1036D0007B4890ED081AF0EE410A6E4890ED061A0C
:1036E000B1EE411AB0EE410A7648F6F7A7FDF7EEC3
:1036F000080A30EE200A664880ED0B0A664890F80A
:103700002400C0F34010E0B96348C078C0F3011052
:10371000022816D16A4890ED081AF0EE410A5D4879
:1037200090ED061AB1EE411AB0EE410A6548F6F77F
:1037300085FDF7EE080A30EE600A554880ED0B0A69
:1037400011E05F4890ED081AF0EE410A514890ED03
:10375000061AB1EE411AB0EE410A5A48F6F76EFD6C
:103760004B4880ED0B0A6BE06CE085E034E0F0EE56
:10377000480A9FED4A0A5448F6F760FD524890ED1A
:10378000081AF0EE410A434890ED061AB1EE411ACC
:10379000B0EE410A4D48F6F751FD3D4880ED0B0A69
:1037A0004EE033E0F0EE480A9FED3C0A4648F6F75B
:1037B00045FD454890ED081AF0EE410A354890ED78
:1037C000061AB1EE411AB0EE410A4048F6F736FD4E
:1037D0002F4880ED0B0A33E0F0EE480A9FED2F0AE8
:1037E0002F48F6F72BFD2E4890ED081AF0EE410A0F
:1037F000284890ED061AB1EE411AB0EE410A294868
:10380000F6F71CFD224880ED0B0A19E0F0EE480A9D
:103810009FED220A2248F6F711FD214890ED081A83
:10382000F0EE410A1B4890ED061AB1EE411AB0EED7
:10383000410A1C48F6F702FD154880ED0B0A00BF4F
:1038400000BF20E0F0EE480A9FED140A2048F6F78A
:10385000F5FC1F4890ED081AF0EE410A0D4890ED76
:10386000061AB0EE410A1B48F6F7E8FCB1EE400A32
:10387000074880ED0B0A06E09FED080A044880ED3A
:103880000B0A00E000BF00BFBDEC028B10BD0000C2
:1038900058B10020E0AF0020DCA1002000000000B3
:1038A000CCB1002008B200206666A63F7807002051
:1038B000A8B20020E4B2002048AE00200000FA4484
:1038C00010B400204CB4002088B40020C4B4002000
:1038D00098B30020D4B30020FFF732FD0A2003F094
:1038E00085FD00BFFEF72AF92348807800F001002B
:1038F00078B921488078C0F3410010B1012806D181
:1039000002E000F057FB03E000F026FA00E000BF01
:1039100026E019488078C0F34100022819D11648E2
:103920008078C0F3C20030B102280DD0032808D03F
:1039300004280CD102E0FFF7FDFD09E002F0F6FBE0
:1039400006E002F017FC03E002F07CFC00E000BFA0
:1039500006E009488078C0F3410008B902F062FC33
:10396000FFF7F4FD04488078C0F3C2000349C88023
:10397000012003F03BFDB5E7DCA1002058B1002099
:1039800010B52DED048B044694F8480000285ED154
:103990005D480068401C5C4908605C488078C0F362
:1039A000410028BB5949B1F9060004F0A9FD41ECDA
:1039B000190B9FED570B53EC102B04F015FE41EC47
:1039C000180B04F0E7F820605049B1F904104842A0
:1039D00004F096FD41EC190B9FED4D0B53EC102BB1
:1039E00004F002FE41EC180B04F0D4F8606087E0AC
:1039F00002F0ECFD4548007F00F001004349097FDB
:103A0000C1F34001401A00EE900AF8EEE00A20EE01
:103A1000200AF0EE000A20EE200A84ED000A02F0EF
:103A2000D5FD3A48007FC0F380003849097FC1F3D3
:103A3000C001401A00EE900AF8EEE00A20EE200ADB
:103A4000F0EE000A20EE200A84ED010A58E02F482B
:103A50008078C0F3410028BB2C49B1F906104842D8
:103A600004F04EFD41EC190B9FED290B53EC102B8C
:103A700004F0BAFD41EC180B04F08CF820602349E7
:103A8000B1F9040004F03CFD41EC190B9FED200B53
:103A900053EC102B04F0A8FD41EC180B04F07AF85D
:103AA00060602DE002F092FD1848007FC0F34000F6
:103AB0001649097F01F00101401A00EE900AF8EE64
:103AC000E00A20EE200AF0EE000A20EE200A84ED43
:103AD000000A02F07BFD0D48007FC0F3C0000B49D7
:103AE000097FC1F38001401A00EE900AF8EEE00A67
:103AF00020EE200AF0EE000A20EE200A84ED010AF2
:103B0000BDEC048B10BD0000FC060020DCA10020F1
:103B10000000000000002E4010B5834890ED030A1D
:103B20009FED821AC0EE010A814890ED080A9FEDD0
:103B3000811A10EE810A804880ED000A90ED000A9B
:103B4000DFED7E0AB4EEE00AF1EE10FA08DD90ED4A
:103B5000000ADFED780A30EE600A80ED000A11E01D
:103B6000754890ED000ADFED760AB4EEE00AF1EE5A
:103B700010FA07D290ED000ADFED6E0A30EE200A4F
:103B800080ED000A684890F82500C0F3C00080B9B5
:103B90006C4890F848104C3000EB810090ED000A22
:103BA0006548D0ED000A30EEC00A664880ED070A8D
:103BB0000AE0644890ED160A5F48D0ED000A30EE46
:103BC000C00A604880ED070A5E4890ED070ADFED05
:103BD0005B0AB4EEE00AF1EE10FA08DD90ED070A98
:103BE000DFED540A30EE600A80ED070A11E0554817
:103BF00090ED070ADFED520AB4EEE00AF1EE10FA9A
:103C000007D290ED070ADFED4B0A30EE200A80ED77
:103C1000070A4C4890ED070ADFED460A80EE201AAD
:103C2000B0EE000A21EE000ADFED470A20EE200A7E
:103C300080ED0A0A3C48C078C0F3011001280ED17B
:103C40004048D0ED070AF1EE600AB0EE600ADFED01
:103C50003F0A3F48F6F7F2FA3A4880ED020A324846
:103C6000C078C0F3011002283DD12F488078C0F3FE
:103C7000C200032837D02C4890F82400C0F38010ED
:103C800010B101281AD113E0274890F82400C0F39E
:103C9000401028B102F05AFD2A4880ED020A06E0E1
:103CA00002F054FDB1EE400A264880ED020A19E008
:103CB0009FED280A234880ED020A13E01A4890F885
:103CC0002400C0F3401028B102F040FD1D4880EDF3
:103CD000020A06E002F03AFDB1EE400A194880ED12
:103CE000020A00BF00BF10488078C0F3C20003285A
:103CF00018D10D48C078C0F30110022812D10A482B
:103D000090F82400C0F3401028B102F01FFD0D48C8
:103D100080ED020A06E002F019FDB1EE400A094802
:103D200080ED020A10BD0000DCA10020000000466A
:103D3000C8A000200000B443000700200000344366
:103D4000000034C348AE0020DA0F494000000000F4
:103D500094AF002000007A4500B50E488078C0F38B
:103D6000C20030B1012807D0022808D003280CD1A6
:103D700008E0FFF7DFFB0BE000F030F808E000F0B0
:103D800093F805E000F008F802E0FFF7D3FB00BF6E
:103D900000BF00BDDCA1002000B50D4890ED0A0A6F
:103DA0000C48D0ED050A9FED0C1A00EEC10A084838
:103DB00080ED0A0A03F00EF90548D0ED0A0AB0EECC
:103DC000600A03F0B9FE024880ED0A0A00BD000057
:103DD00058B10020DCA1002052499D3900B5294886
:103DE000C088012805D0284890ED1E0A254880ED9E
:103DF0000A0A264890ED030ADFED251AC0EE210AD3
:103E0000DFED241A9FED240A10EEA10AB0EE401A4D
:103E100003F092FEDFED210A80EE201A194880EDB2
:103E2000111A1A4991ED030ADFED1D0A30EE600AFE
:103E3000BDEEC00A10EE100A002801DB014600E0CA
:103E400041426E2904DA9FED170A0E4880ED110AEF
:103E50000D4890ED1E0A0B48D0ED110AB7EE001A7E
:103E600000EEC10A80ED0A0A03F0B4F80548D0ED6F
:103E70000A0AB0EE600A03F05FFE024880ED0A0A0B
:103E800000BD000058B10020E0AF0020DCA1002000
:103E900000008045000034430084E442009805415E
:103EA000008022450000000000B53748C088022885
:103EB00005D0364890ED1E0A334880ED0A0A344892
:103EC00090ED030ADFED331AC0EE210ADFED321A5E
:103ED0009FED320A10EEA10AB0EE401A03F02CFE5C
:103EE000DFED2F0A80EE201A274880ED111A2849AD
:103EF00091ED030ADFED2B0A30EE600ABDEEC00A39
:103F000010EE100A002801DB014600E041426E2954
:103F100004DA9FED250A1C4880ED110A1A48008C2E
:103F2000012813D1184890ED110A20EE000AD0EDB7
:103F3000110A60EE200A154890ED1E0A9FED1B1A2B
:103F400000EEC10A104880ED0A0A12E00E4890ED1A
:103F5000110A20EE000AD0ED110A60EE200A0B488B
:103F600090ED1E0A9FED121A00EEC10A064880ED80
:103F70000A0A0548D0ED0A0AB0EE600A03F0DCFD3B
:103F8000014880ED0A0A00BD58B10020E0AF0020D2
:103F9000DCA1002000008045000034430084E4429E
:103FA0000050204100802245000000009A99993E6F
:103FB000CDCCCC3D00B50D488078C0F3C20030B107
:103FC000012807D0022808D003280CD108E0FFF709
:103FD000B1FA09E000F02EF806E000F093F803E0F3
:103FE00000F006F800E000BF00BF00BDDCA100202B
:103FF00000B50D4890ED0A0A0C48B0F9080000EE33
:10400000900AF8EEE00A9FED0A1A00EEC10A06488F
:1040100080ED0A0AD0ED0A0AB0EE600A03F08CFDCA
:10402000014880ED0A0A00BD58B10020DCA1002043
:1040300052499D3900B52948C088012805D0284833
:1040400090ED1E0A254880ED0A0A264890ED030AE5
:10405000DFED251AC0EE210ADFED241A9FED240AB8
:1040600010EEA10AB0EE401A03F066FD9FED211A92
:10407000C0EE010A9FED200A20EE800A174880ED6D
:10408000110A184991ED030ADFED1C0A30EE600AAF
:10409000BDEEC00A10EE100A002801DB014600E068
:1040A00041426E2904DA9FED160A0C4880ED110A90
:1040B0000B4890ED1E0A0948D0ED110AB7EE001A20
:1040C00000EEC10A80ED0A0AD0ED0A0AB0EE600ADD
:1040D00003F032FD014880ED0A0A00BD58B100200E
:1040E000E0AF0020DCA10020000080450000344348
:1040F0000084E44200980541CDCC8C3F00802245ED
:104100000000000000B52B48C088022805D02A48CE
:1041100090ED1E0A274880ED0A0A284890ED030A10
:10412000DFED271AC0EE210ADFED261A9FED260AE1
:1041300010EEA10AB0EE401A03F0FEFCDFED230AF8
:1041400080EE201A1B4880ED111A008C012813D133
:10415000184890ED110A20EE000AD0ED110A60EE29
:10416000200A154890ED1E0A9FED191A00EEC10AAB
:10417000104880ED0A0A12E00E4890ED110A20EE78
:10418000000AD0ED110A60EE200A0B4890ED1E0ADD
:104190009FED101A00EEC10A064880ED0A0A054894
:1041A000D0ED0A0AB0EE600A03F0C6FC014880EDCB
:1041B0000A0A00BD58B10020E0AF0020DCA10020B9
:1041C00000008045000034430084E4420064C8409D
:1041D0009A99993ECDCCCC3D10B5EFF7A1FD00EEFC
:1041E000100AB8EE400AF94880ED100AF848007845
:1041F00006286AD2DFE800F003CFFE1DFDFCF5487B
:10420000807FC0F38100022804D1F2488078C0F397
:10421000410030B1EF4890F824000121B1EBD01FEC
:1042200003D10020EA49087002E00320E849087041
:10423000D7E1E848807FC0F38100022804D1E54837
:104240008078C0F3410030B1E24890F824000121A9
:10425000B1EBD01F03D10020DD4908709AE0DD48A2
:10426000C07800F0010078B3DA488078C0F34100EC
:1042700028B9D848807FC0F3021002281DD0D54845
:104280008078C0F34100012805D1D248C07F00F0FA
:104290000300022811D0CF488078C0F3C200022862
:1042A00014D1CC4880780121B1EB901F0ED1C948C0
:1042B00090F82500C0F3400030B1C448007B18B925
:1042C0000220C349087065E000E089E1C148C07878
:1042D00000F0010000285AD0BE488078C0F34100A9
:1042E00028B9BC48807FC0F3021004280BD0B9481D
:1042F0008078C0F34100012811D1B648C07F00F09A
:10430000030001280BD1B34880780221B1EB901F44
:1043100005D0B04880780321B1EB901F28D1AD487B
:104320008078C0F3410028B9AA48807FC0F302100A
:1043300004280BD0A7488078C0F34100012826D17B
:10434000A448C07F00F00300012820D1A148807854
:104350000221B1EB901F05D09E4880780321B1EB7C
:10436000901F14D19B4890F82500C0F3400070B115
:104370009648807801280AD19448007B38B90120FA
:1043800093490870914948700020887002E003202A
:104390008F49087025E18F48807FC0F38100022893
:1043A00004D18C488078C0F3410030B1894890F83E
:1043B00024000121B1EBD01F03D1002084490870F3
:1043C0002EE08448C07800F00100B8B17F48407901
:1043D000012813D104207E49087001207B49C87050
:1043E00000200871012088709FED7B0A084602E0DA
:1043F000ACE071E015E080ED090A11E07548C07885
:1044000000F0010048B17148807830B96F48007BF6
:1044100018B901206E49087002E003206C49087049
:10442000DFE06C48807FC0F38100022804D1694836
:104430008078C0F3410030B1664890F82400012133
:10444000B1EBD01F03D100206149087043E06148FF
:10445000C07800F0010060B15C484079012808D1C3
:1044600004205B49087001205849C8700020087179
:1044700031E05848C07800F0010048B355488078D2
:10448000C0F3410028B95348807FC0F302100228CE
:1044900017D050488078C0F34100012805D14D481D
:1044A000C07F00F0030002280BD04A488078012129
:1044B000B1EB901F0CD1474890F82500C0F34000A5
:1044C00030B14248007B18B902204149087002E02F
:1044D00003203F49087084E03E48807FC0F381009C
:1044E000022804D13B488078C0F3410030B13948FC
:1044F00090F824000121B1EBD01F03D100203449F2
:10450000087022E03348C07800F0010070B13148F3
:10451000C07800F0010048B12C48007930B92B4830
:10452000807918B904202A4908700EE00320284930
:1045300008700120254908719FED270A084680ED83
:10454000090A9FED250A80ED0A0A4AE02148807F8A
:10455000C0F38100022804D11E488078C0F34100D6
:1045600060B11C488078C0F34100012806D019488A
:1045700090F824000121B1EBD01F08D19FED160A5D
:10458000124880ED0F0A0020114908701DE00F4805
:10459000407A012811D10D4890ED100AD0ED0F0A94
:1045A00030EE600ADFED0D0AB4EEE00AF1EE10FA2B
:1045B00003D205200649087007E09FED070A03486B
:1045C00080ED0F0A0320024908700AE0ACB6002013
:1045D000D4070020DCA100200000000000A08C45D2
:1045E00000BF00BF10BD000010B5334800210160BE
:1045F00001713248016001713148016041600181FF
:1046000081723048017010212F48ECF74FFD2F4880
:10461000002101602E48018081702E480180817048
:104620000D212D48ECF742FD0E212C48ECF73EFD04
:104630002B4800210160416081602A48016041608F
:1046400029480170294801608180817128480160F2
:10465000416028480160017127480160818028215C
:104660002648ECF723FD26480021018025480160FB
:104670008180254801702548016081801E212448E1
:10468000ECF714FD2348002101604160816018218E
:104690002148ECF70BFD21480021016041606921B0
:1046A0001F48ECF703FD22211E48ECF7FFFC1E21FA
:1046B0001D48ECF7FBFC10BD6005002065050020DF
:1046C00088A200206A05002093A200206B0500202C
:1046D0006F05002072050020A3A20020B0A20020D8
:1046E000BEA20020750500207D0500207F0500206A
:1046F000860500208E05002093050020CAA2002018
:10470000990500209B050020A1050020A20500209E
:10471000F2A2002010A300201CA30020A905002065
:1047200034A300209DA30020BFA30020F0EE400A88
:10473000F6EE001A60EEA11AB0EE611AB0EE600A51
:1047400010EE100A0749A1EB600000EE100A21EEFE
:10475000002AF7EE081A42EE401A61EE801AB0EE17
:10476000610A7047865A375F10B52DED088BB0EEA1
:10477000408AF0EE608A01F0FFFE10EE104A2046FB
:1047800004F030FD41EC190B38EE680A10EE101AF7
:10479000084604F027FD41EC1B0BB0EE4B0AF0EE8F
:1047A0006B0AFCF7FDFBB0EE40AAF0EE60AA53ECFA
:1047B000192B51EC1A0B04F0B6F815D8B4EEE88AB0
:1047C000F1EE10FA05DD01F0D7FE38EE400AF0EE0A
:1047D000408AB4EEE88AF1EE10FA05D201F0CCFE80
:1047E00030EE080AF0EE408AB0EE680ABDEC088BA5
:1047F00010BD0000EFF7A6FAF6F7A2F8F4F7C6FD31
:10480000F4F7C8FCF4F722FFF4F744FFF4F77AFC5E
:10481000F4F79CFCF4F790FFF4F7ACFFF4F770FFAB
:10482000F4F7FAFEF4F7D0FFFDF7B2FCFDF7D0FC89
:10483000012211030948EFF76DFAA820EDF7E2FD18
:1048400000BF01210648ECF7C9FF0028F9D1F4F7B1
:10485000FDFC00F0CFF900BFFEE70000001C0240A5
:104860009C0B002001460020842901D0CA1C104462
:104870007047000030B5034600201CE000EBC00488
:104880000E4D05EB8404B4F9064031F91050AC42EA
:1048900005D152F82040641C42F820400AE0002470
:1048A00042F8204000EBC004044D05EB8404E4888A
:1048B00021F81040401C0428E0DB30BD28A1002076
:1048C00070B52DED048B88B005460E4614467F4822
:1048D0000068401C7D4908601DB908B0BDEC048B20
:1048E00070BD2878A5287DD1701E285CAA28FAD131
:1048F00000207749086000BF21E0411C695C07AADD
:104900001154411D695C06AA115400F10901695C4A
:1049100005AA115400F10D01695C04AA115400F1BB
:104920001101695C03AA115400F11A01695C02AA21
:10493000115400F12001695C01AA1154401C0428A3
:10494000DBDB9DED010A634880ED000A9DED020A64
:10495000614880ED000A687D04F8140FA87D60703E
:10496000E87DA070287EE070687E2071A87F2073AB
:10497000E87F607395F8240020759DED070A04ED2B
:10498000050A9DED060A04ED040A14ED050ADFEDA3
:10499000530A20EE200A84ED070A14ED040ADFED25
:1049A0004F0A20EE200A84ED080A9DED020ADFED91
:1049B0004C0A20EE200A04ED030A9DED040A04EDE2
:1049C000020A9DED030A04ED010A14ED030A143CEA
:1049D000DFED440AB4EEE00AF1EE10FA0ADD94EDE0
:1049E000020A00E070E0DFED400A30EE600A84ED7C
:1049F000020A10E094ED020ADFED3C0AB4EEE00A90
:104A0000F1EE10FA07D294ED020ADFED370A30EE2C
:104A1000200A84ED020A94ED020A10EE101A0846EC
:104A200004F0E0FB41EC190BB0EE490AF0EE690A24
:104A3000FCF7B6FAB0EE408AF0EE608A9FED2C0BE0
:104A400053EC102B51EC180B03F092FD03D29FEDA9
:104A50002A0A84ED020A00201D490860274890EDCB
:104A60001E0AD4ED020A30EE200A84ED0B0A94ED02
:104A70000B0ADFED1C0AB4EEE00AF1EE10FA08DDD5
:104A800094ED0B0ADFED180A30EE600A84ED0B0A94
:104A900010E094ED0B0ADFED150AB4EEE00AF1EE3A
:104AA00010FA07D294ED0B0ADFED0F0A30EE200A60
:104AB00084ED0B0A207D18B1607D08B1012000E073
:104AC000002084F8380000BF00BF06E78C070020F4
:104AD00088070020A8070020AC07002000A08C4514
:104AE00033336542000034430000B443000034C354
:104AF0000000000000003E4000000000E0AF002089
:104B000000BF1F48F4F78AFE012002F06FFC1D4829
:104B10000088401C00B21B490880142808DB1A4892
:104B2000EDF714FD002017490880012002F05EFC1B
:104B30001648006816490968884206D11548008859
:104B4000401C00B21349088002E00020114908808F
:104B50001048B0F90000B0F5FA6F04DD01200E49ED
:104B600081F8390003E000200B4981F8390008483A
:104B7000006806490860012002F038FCC1E7000027
:104B8000D8B500208407002000B500209007002041
:104B90008C070020A407002098B5002010B500BFA6
:104BA000002200BF00BF0B4C94ED080A9FED0A1ACB
:104BB000C0EE010AB5EE001AB7EE000A00EE810A57
:104BC000BDEEC00A10EE101A01EB81046300D01A8A
:104BD00010BD0000ACB6002000207D4570B5044635
:104BE00025460DB1294600E00121084602F0FEFBF2
:104BF000002070BD10B502F027FC002010BD7FB56D
:104C000004460D46606998B1A06988B1B4F90800FE
:104C1000FFF728FE0646D4E90510CDE900610290B1
:104C20002B462269D4E9001002F0D2FD039013E074
:104C3000B4F90800FFF716FE064603A8CDE90060A8
:104C4000238A9AB22B46D4E9001002F08FFD012886
:104C500002D0002004B070BD0398FBE710B52DED25
:104C6000108B8EB09FEDFE0AB0EE40AA9FEDFC0ABD
:104C7000B0EE408A9FEDFB0AB0EE40FAFA4890EDA4
:104C8000020AB0EE40AA9FEDF60AF0EE40AA9FEDB0
:104C9000F40AB0EE40EA0020ECE0C0EB0011F34A69
:104CA00002EB810191ED080ABDEEC00A10EE101A68
:104CB0000AB2ED49143121F8102000EBC001EC4A92
:104CC00002EB81018A88E8491C3121F8102000EBB1
:104CD000C001E74A02EB8101CA88E349243121F887
:104CE0001020103931F9101000EE101AB8EEC00A79
:104CF000DFEDDC0A60EE200ADB491C3131F91010CF
:104D000000EE101AB8EEC00A20EE800AD94901EB75
:104D1000800191ED001AD4491C3131F9101000EED8
:104D2000901AF8EEE00A21EE201ACF491C3131F931
:104D3000101000EE901AF8EEE00A01EE200ACD49BC
:104D4000103101EB800191ED001AC749143131F99E
:104D5000101000EE901AF8EEE00A21EE201AC24977
:104D6000143131F9101000EE901AF8EEE00A01EE5D
:104D7000200AC049203101EB8001D1ED000A30EE5C
:104D8000200A0AA901EB800181ED000A0AA901EBC2
:104D9000800191ED000AB5EEC00AF1EE10FA00D2E2
:104DA00067E0B149243131F9101000EE101AB8EE65
:104DB000C00ADFEDAC0A60EE200AAB491C3131F9C4
:104DC000101000EE101AB8EEC00A20EE800AA949B1
:104DD00001EB800191ED001AA3491C3131F910104B
:104DE00000EE901AF8EEE00A21EE201A9E491C31DE
:104DF00031F9101000EE901AF8EEE00A01EE200AE8
:104E00009C49103101EB800191ED001A9649243143
:104E100031F9101000EE901AF8EEE00A21EE201A97
:104E20009149243131F9101000EE901AF8EEE00AA1
:104E300001EE200A8F49203101EB8001D1ED000AFB
:104E400030EE200A30EE0E0AB0EE40EA0AA901EB7D
:104E5000800191ED000A30EE2A0AF0EE40AA0AA97C
:104E600001EB800191ED000A30EE080AB0EE408AB5
:104E700000BF401C0428FFF610AF7B4880ED01EA1C
:104E8000C0ED00AA7C4880ED008AB4EECA8AF1EE3B
:104E900010FA7CDD8AEE080AF0EE40EA7748C0EDB1
:104EA00000EA002437E10AA800EB840090ED000A34
:104EB00020EE2E0A06A800EB840080ED000A06A86A
:104EC00000EB840090ED000AB5EEC00AF1EE10FA96
:104ED00000D21EE1674800EB8400D0ED008A04EBAD
:104EE000C400634901EB8000B0F9040000EE100A31
:104EF000B8EEC00A20EE0F9A5E48103000EB840036
:104F0000D0ED000A04EBC40001EB8000B0F904000E
:104F100000EE100AB8EEC00A60EE800A04EBC4008E
:104F200001EB8000B0F9040000EE100AB8EEC01AE0
:104F300006A800EB840090ED000A10EE810A4D48AF
:104F4000203000EB8400D0ED000A70EE209AC4EB14
:104F50000410464901EB800090ED080AB5EEC00A46
:104F6000F1EE10FA64DDB0EE000A28EE800A10EED1
:104F7000101A084604F036F929EE090AF1EE000A83
:104F800068EEA00A00EEE90ACDE9020100E0C6E001
:104F900010EE101A084604F025F941EC1D0BB0EE96
:104FA0004D0AF0EE6D0AFCF76BF8B0EE40BAF0EE89
:104FB00060BAB1EE490A10EE100A04F013F941ECA0
:104FC0001C0B53EC1B2B02F047FFCDE900019DEDBC
:104FD000020B53EC102B9DED000B51EC100B03F06A
:104FE0006DF8CDE904019DED040B51EC100B02F0BE
:104FF000D1FD0FEE900A1FEE900A04F0F3F81A4A62
:10500000C2E90C019FED1E0AF4EEC0FAF1EE10FAAF
:1050100005DD4FF47A511B4820F8141007E0BDEE6F
:10502000EF0A10EE100A01B2164820F814106FE0D3
:10503000B0EE000A28EE800A10EE101A084604F0BE
:10504000D1F841EC1B0B29EE090AF1EE000A68EEDB
:10505000A00A00EEE90A10EE101A084614E000005B
:10506000000000004F02063688060020A4AE002093
:1050700028A1002054060020F0060020EC060020A5
:1050800000007A4688AE002004F0ACF841EC1D0B1D
:10509000B0EE4D0AF0EE6D0AFBF7F2FF8DED020B5C
:1050A000B1EE490A10EE100A04F09CF8CDE90001B7
:1050B0009DED020B53EC102B9DED000B51EC100BF2
:1050C00003F08EFD41EC1C0B53EC1B2B02F0F6FFA2
:1050D000CDE904019DED040B51EC100B02F05AFDDB
:1050E0000FEE900A9FED110AF4EEC0FAF1EE10FAFD
:1050F00005D24CF280110E4820F8141007E0BDEEE6
:10510000EF0A10EE100A01B2094820F8141000BF8F
:1051100000BF601CC4B2042CFFF6C5AE00BF05483A
:1051200080ED008A0EB0BDEC108B10BD00007AC679
:1051300088AE0020E80600202DE9F04105460E4625
:105140001C4807681C480068001D02F04BF850B965
:105150001948006890F82C10012088401749096808
:10516000814316480160681C38B936B1124801689D
:10517000091D134802F080F81AE07C190E480068F7
:105180004460BC4207D20C480168091D0D48006804
:1051900002F058F80CE008480168091D0A48006848
:1051A00002F050F809480068844201D207480460C0
:1051B000BDE8F081C0000020AC000020C400002049
:1051C000B82C0020B4000020B0000020DC0000203B
:1051D00010B5044602F05CF824480068401C2349DE
:1051E00008602348006840B9214804600846006808
:1051F00001280DD100F046F90AE01E48006838B9D0
:105200001B480068C06AE16A884201D818480460F7
:1052100019480068401C1849086008460068606426
:1052200094F82C1001208840144909680843134958
:105230000860E16A01EB8101114A02EB8100211D46
:1052400002F01AF802F04EF80A48006868B10848FF
:105250000068C06AE16A884207D24FF0805009496D
:105260000860BFF34F8FBFF36F8F10BDBC000020ED
:10527000AC000020C8000020D8000020C40000209E
:10528000DC2B002004ED00E010B516E002F000F881
:105290000C48C068C468201D01F0A4FF0A480068DB
:1052A000401E0949086009480068401E0749086017
:1052B00002F018F8204600F00BF8044800680028B7
:1052C000E4D110BDA42C0020BC000020B8000020B8
:1052D00010B5044694F8590030B9206B02F020F85C
:1052E000204602F01DF81AE094F85900012803D175
:1052F000204602F015F812E094F85900022801D176
:10530000012000E0002050B900BF502080F3118838
:10531000BFF34F8FBFF36F8F00BF00BFFEE710BD1D
:1053200030B547F24813174800F007042CB1C01DF0
:1053300020F00700134C041B1B1B0246124C22607A
:105340000024114D6C60D018083820F007000F4C75
:10535000206000240D4D2D686C600C4D2D682C6074
:105360001146441A4C60094C24680C60084D4C6886
:105370002C60084D4C682C604FF00044064D2C60AA
:1053800030BD0000CC2C0020E8000020F000002000
:10539000F8000020F40000200401002000BFFFF707
:1053A00073FF064800680128F9D94FF0805004497E
:1053B0000860BFF34F8FBFF36F8FF0E7DC2B002047
:1053C00004ED00E02DE9F05F82460E4690469B46D4
:1053D0000A9F0C9C4FEA8801A522206BEBF75EFE2A
:1053E000A8F10100216B01EB800929F0070909F000
:1053F000070008B9012000E0002050B900BF50208C
:1054000080F31188BFF34F8FBFF36F8F00BF00BFD2
:10541000FEE786B1002507E0715D04F134004155D7
:10542000705D00B902E06D1C102DF5D300BF0021A6
:105430004320015502E0002084F83400072F00D3F8
:105440000627E762E76400202065201D01F0F7FED3
:1054500004F1180001F0F3FE2461C7F10700A06118
:1054600064620020606584F858005A4651464846F8
:1054700000F050F920600B9808B10B980460BDE86B
:10548000F09F000010B5002407E004EB84010F4AF0
:1054900002EB810001F0C6FE641C072CF5D30C481A
:1054A00001F0C0FE0B4801F0BDFE0B4801F0BAFE52
:1054B0000A4801F0B7FE0A4801F0B4FE0448094961
:1054C000086004480849086010BD0000DC2B00207B
:1054D000682C00207C2C0020902C0020A42C002084
:1054E000B82C0020B0000020B400002010B5014608
:1054F000164800E0006803688B42FBD3024643680D
:1055000013448B4204D143684C68234443600146F2
:105510000A464B6813440468A34211D10C4C03683B
:105520002468A34208D04B680468646823444B6035
:1055300003681B680B6005E0054B1B680B6001E00E
:1055400003680B60884200D0016010BDE8000020B5
:10555000F00000200A490968096809B9012100E042
:10556000002121B14FF0FF31064A116006E00449E5
:105570000968C968C868034A41681160704700003B
:10558000B0000020DC0000200E480068401C08B974
:10559000012000E0002050B900BF502080F31188A6
:1055A000BFF34F8FBFF36F8F00BF00BFFEE700BF99
:1055B000502080F31188BFF34F8FBFF36F8F00BF70
:1055C00000BFFEE7080100202DE9F04104464FF03E
:1055D000000801F091FF4948006808B9FFF7A0FEF4
:1055E000474800682040002870D1D4B1083404F046
:1055F0000700B0B104F00700C0F10800044404F053
:10560000070008B9012000E0002050B900BF502079
:1056100080F31188BFF34F8FBFF36F8F00BF00BFC0
:10562000FEE7002C52D03748006884424ED8364EF0
:105630003046056801E02E462D686868A04202D217
:1056400028680028F7D12D48006885423ED0306890
:1056500000F10808286830606868001B102819D914
:105660002F1907F0070008B9012000E0002050B909
:1056700000BF502080F31188BFF34F8FBFF36F8FAF
:1056800000BF00BFFEE76868001B78606C603846AA
:10569000FFF72CFF1B4968680968081A1949086058
:1056A0000846006819490968884203D2154800680D
:1056B0001649086012496868096808436860002054
:1056C000286013480068401C1149086002F082F904
:1056D00008F0070008B9012000E0002050B900BF21
:1056E000502080F31188BFF34F8FBFF36F8F00BF3F
:1056F00000BFFEE74046BDE8F0810000F00000205A
:1057000004010020F4000020E8000020F800002040
:10571000FC000020001F4FF080730360001F21F089
:1057200001030360001F054B036014380260001F73
:105730006FF00203036020387047000089550108AC
:1057400038B504460020009000258C48216801608F
:10575000217901716D1D601900880090AD1C062033
:1057600087490860BDF8001040F20922881A91426A
:1057700071D021DC40F20122A1EB020091425ED007
:1057800012DC40F20112A1EB0200914244D006DC8F
:1057900001292CD0022935D0032974D136E0032801
:1057A0003FD00428F9D143E008286CD2DFE800F0AC
:1057B000E24D545DE2646C79F9286ED00EDC042869
:1057C0006CD006DC01287BD0022869D00328E4D104
:1057D00083E0052873D0F828DFD193E0FA38072852
:1057E000E3D2DFE800F09CC7A8AEB5BBC1006019EA
:1057F000644902680A6042684A6002890A81807AC4
:105800008872B8E06048615D0170B4E061191022EF
:105810005E48EBF7CCFBAEE061195D4809680160BA
:10582000A9E060195B4902880A8080788870A2E04C
:105830006019594902880A80807888709BE0611954
:105840000D225648EBF7B3FB95E061190E22544840
:10585000EBF7ADFB8FE02BE0611952480A6802605C
:105860004A6842608968816085E061194E480A682B
:105870000260496841607EE04C48615D0170012032
:105880004B49087077E075E061194A480A68026080
:105890008A888280897981716DE03AE022E00FE0A8
:1058A00015E0611944480A6802604968416062E095
:1058B000611942480A680260097901715BE01DE0E4
:1058C00061193F480A6802608988818053E0611944
:1058D00028223C48EBF76BFB4DE061193A480988F8
:1058E000018048E039480078401C38490870611947
:1058F00037480A680260898881803CE03548615DEC
:10590000017038E0611934480A6802608988818032
:1059100031E061191E223148EBF749FB2BE0611998
:105920002F480A6802604A684260896881600120E5
:105930002C4988761FE0611918222B48EBF737FBBA
:1059400019E06019294902680A604068486012E05D
:10595000611969222648EBF72AFB0CE06119222223
:105960002448EBF724FB06E061191E222248EBF7DE
:105970001EFB00E000BF00BF38BD00006005002036
:10598000CC05002088A200206A05002093A20020F8
:105990006B0500206F05002072050020A3A20020E7
:1059A000B0A20020BEA20020750500207D050020C9
:1059B0007E0500207F050020860500208E05002042
:1059C00093050020CAA2002099050020D1050020DF
:1059D0009B050020A1050020A2050020F2A20020C6
:1059E00010A3002000B500201CA30020A905002062
:1059F00034A300209DA30020BFA3002070B5002584
:105A0000A5264F4C95E04F48FDF783FB054694F8DB
:105A1000860006287ED2DFE800F003142038445FB9
:105A2000B5420AD10120873404F8010C2188481CB2
:105A300024F88709A01D455402E00020A4F887003F
:105A400076E0A580B4F88710481CA4F88700A01D54
:105A50004554022084F886006AE0A08840EA0520C8
:105A6000A080B4F88710481CA4F88700A01D4554F6
:105A7000A088772803D2032084F8860004E0002061
:105A800084F88600A4F8870052E034F8871F208845
:105A9000401C24F88709A01D4554042084F8860082
:105AA00046E034F8871F2088401C24F88709A01D91
:105AB0004554B4F8870005280DD10521A01D01F03B
:105AC00089FD18B1052084F8860004E0002084F8E0
:105AD0008600A4F887002BE0B4F88710A08809306E
:105AE000814207D234F8871F2088401C24F8870998
:105AF000A01D4554B4F88710A0880930814210D306
:105B0000002084F88600A4F88700A08800F109012D
:105B1000A01D00E006E001F03DFD10B1A01DFFF763
:105B20000FFE05E0002084F88600A4F8870000BF7F
:105B300000BF0448FDF765FB00287FF464AF70BD2B
:105B4000BCAD0020A4A900201E2001F04FFC00BF26
:105B5000FCF7C6FF0948007820B901F0BDFF00F04E
:105B6000DDFE01E0ECF732FE012001F03FFCFCF726
:105B700051FB012001F03AFCEAE70000510500204A
:105B800010B52DED068B0446614890ED0B0A614877
:105B9000D0ED1E0A30EE600AB0EE408A9FED5E0A3C
:105BA000B4EEC08AF1EE10FA06DD9FED5C0A38EE25
:105BB000400AB0EE408A0CE09FED590AB4EEC08A6C
:105BC000F1EE10FA05D29FED550A38EE000AB0EE5C
:105BD000408A54488078C0F34100022870D14C4874
:105BE000007D002862D04A48807D00285ED1484868
:105BF00090F83900E8BB4B488078C0F3C200032816
:105C00003ED1484890F82400C0F3001090B34648B5
:105C100090ED070A10EE101A084603F0E3FA41EC83
:105C20001A0BB0EE4A0AF0EE6A0AFBF7B9F9B0EEC9
:105C3000409AF0EE609A9FED3D0B53EC102B51EC27
:105C4000190B02F095FC1BD218EE100A03F0CAFAE9
:105C500041EC1A0BB0EE4A0AF0EE6A0AFBF7A0F923
:105C6000B0EE409AF0EE609A9FED320B53EC102BA1
:105C700001E01BE004E051EC190B02F079FC0BD3BE
:105C800028488078C0F3C200042805D025488078D1
:105C9000C0F3C200022809D11D4890ED0C0A84ED22
:105CA000000A90ED0D0A84ED010A2EE09FED230A13
:105CB00084ED000A9FED210A84ED010A25E0FFE74B
:105CC0001849B1F9060002F01BFC41EC1A0B9FEDDC
:105CD0001C0B53EC102B02F087FC41EC190B01F06C
:105CE00059FF20600F49B1F90410484202F008FC46
:105CF00041EC1A0B9FED120B53EC102B02F074FCCD
:105D000041EC190B01F046FF6060BDEC068B10BD45
:105D100098B50020E0AF0020000034430000B443F9
:105D2000000034C3DCA1002048AE002000000000C9
:105D300000002440000000000000144000000000AB
:105D40000000000000002E4070B52DED048BE448EB
:105D500090ED080AE34880ED000A90ED000ADFEDBF
:105D6000E20AB4EEE00AF1EE10FA08DD90ED000A66
:105D7000DFEDDE0A30EE600A80ED000A11E0D9485E
:105D800090ED000ADFEDDA0AB4EEE00AF1EE10FA67
:105D900007D290ED000ADFEDD50A30EE200A80ED43
:105DA000000AD04890ED000ADFEDD20A30EE600A1A
:105DB000D14880ED070A90ED070ADFEDCB0AB4EE7B
:105DC000E00AF1EE10FA08DD90ED070ADFEDC70AF0
:105DD00030EE600A80ED070A11E0C74890ED070A2F
:105DE000DFEDC30AB4EEE00AF1EE10FA07D290ED4F
:105DF000070ADFEDBE0A30EE200A80ED070ABE4832
:105E000090ED070AB1EE400ADFEDB80A80EE201AE5
:105E1000B0EE000A21EE000ADFEDB80A20EE200AFB
:105E200080ED0A0AB6488078C0F3410000287BD193
:105E3000B348C078C0F3011001280DD1AE48D0EDB1
:105E4000070AB0EE600ADFEDAF0AAF48F4F7F6F9E3
:105E5000A94880ED020A3BE1A948C078C0F30110CF
:105E60000228F8D1A448B0F85400A8494988401A3B
:105E70000A2803DBEDF754FFA5490860A3484088D2
:105E8000C8280ADAEDF74CFFA1490968401A41F227
:105E90008831884201D2012000E0002004469B485E
:105EA0004088C82819DD99484088B0F5967F14DAF3
:105EB000EDF736FF96490968401A41F28831884269
:105EC0000BD2944890ED030AF3EE020AB4EEE00A16
:105ED000F1EE10FA01DD012000E0002005464DB38F
:105EE00000F034FCB0EE409AEDF71AFF00EE100A15
:105EF000B8EE400A9FED881AC0EE010A9FED870AAE
:105F000020EE800AF0EE408AFAF7A2FFDFED840A65
:105F1000B0EE498A00EE808A9FED820AB4EEC08A14
:105F2000F1EE10FA16D200E024E09FED7E0AB0EE0A
:105F3000408A0FE075484088C82800DC24B900F08A
:105F400005FCB0EE408A05E000F000FCDFED740ACD
:105F500030EE208A6A4890F82400C0F3401018B14F
:105F6000654880ED028A04E0B1EE480A624880ED9F
:105F7000020AADE062488078C0F34100022815D1E2
:105F80006948007E98B15E4890F82400C0F3001084
:105F900068B15948D0ED070AB0EE600ADFED590A42
:105FA0005948F4F74BF9544880ED020A90E05E48F6
:105FB000007E58B1524890F82400C0F3001028B970
:105FC0009FED500A4C4880ED020A81E04A48B0F843
:105FD00054004E494988401A0A2803DBEDF7A0FE19
:105FE0004B49086049484088C8280ADAEDF798FE0E
:105FF00047490968401A41F28831884201D201209C
:1060000000E00020044641484088B0F5967F14DD4A
:10601000EDF786FE3E490968401A41F28831884210
:106020000BD23C4890ED030AF3EE020AB4EEE00A0C
:10603000F1EE10FA01DD012000E0002005463DB33D
:1060400000F084FBB0EE409AEDF76AFE00EE100A15
:10605000B8EE400ADFED300A80EE201A9FED2F0ADD
:1060600021EE000AF0EE408AFAF7F2FEDFED2C0A8C
:10607000B0EE498A00EE808A9FED2A0AB4EEC08A0B
:10608000F1EE10FA14D29FED270AB0EE408A0FE02D
:106090001E484088C82800DC24B900F057FBB0EE49
:1060A000408A05E000F052FBDFED1D0A30EE208A49
:1060B000134890F82400C0F3401018B10E4880ED4A
:1060C000028A04E0B1EE480A0B4880ED020A00BFE4
:1060D0000E4840880849A1F85400BDEC048B70BDFF
:1060E000C8A0002000070020000034430000B44393
:1060F000000034C30000B04248AE0020DA0F49402F
:10610000DCA100200000000094AF0020A3A200202A
:106110000C070020ECA000200000FA43D00FC9407B
:106120000000FA4400007A4598B5002000B50E48FA
:10613000C088042805D00D4890ED1E0A0A4880ED5D
:106140000A0A094890ED0A0ADFED090A30EE200A32
:1061500080ED0A0AD0ED0A0AB0EE600A01F0ECFC0C
:10616000014880ED0A0A00BD58B10020E0AF0020D0
:10617000CDCC4C3D00B5234890F82400C0F300106E
:1061800030B1214890ED0B0A204880ED0A0A2DE03D
:106190001E48C088032829D01A4890ED030ADFED75
:1061A0001C1AC0EE210ADFED1B1A9FED1B0A10EE30
:1061B000A10AB0EE401A01F0BFFCDFED180A80EE34
:1061C000201A124880ED111A90ED110A20EE000AF3
:1061D000D0ED110A60EE200A114890ED1E0AB6EECD
:1061E000001A00EEC10A094880ED0A0A0748D0EDFE
:1061F0000A0AB0EE600A01F09FFC044880ED0A0A2A
:1062000000BD0000DCA1002098B5002058B100209E
:1062100000008045000034430084E4420064C8402C
:10622000E0AF002000B506488078C0F3C200042823
:1062300002D1FFF77BFF01E0FDF7BCFE00BD0000CF
:10624000DCA1002000B5334991ED030ADFED320AED
:1062500030EE600ABDEEC00A10EE101A08B2B0F5BA
:10626000805F03DDA0F5005108B205E010F5805F06
:1062700002DA00F5005108B2264991ED030ADFED7C
:10628000271AC0EE210ADFED261A9FED260A10EE2E
:10629000A10AB0EE401A01F04FFCDFED230A80EEB8
:1062A000201A224981ED111A011E01DB0A4600E085
:1062B0004A426E2A05DA9FED1E0A1C4981ED110A39
:1062C00011E0011E01DB0A4600E04A4240F23A2397
:1062D0009A4208DA154991ED110AF0EE000A80EEB3
:1062E000201A81ED111A134991ED1E0A0F49D1EDC3
:1062F000110AB7EE001A00EEC10A81ED0A0AD1EDCB
:106300000A0AB0EE600A01F017FC084981ED0A0A9A
:1063100000BD0000DCA10020008022450000804577
:10632000000034430084E4420064C84058B10020B7
:1063300000000000E0AF002070B5EDF7F1FC00EECA
:10634000100AB8EE400A594880ED100A5848807F7C
:10635000C0F38100022804D155488078C0F3410081
:1063600030B1534890F824000121B1EBD01F01D186
:10637000012000E00020044600254D488078C0F34D
:10638000410050B94A48807FC0F30210022820D152
:106390004648007BE8B901251BE045488078C0F3FA
:1063A0004100022815D142488078C0F3C20002287B
:1063B0000FD13F4880780121B1EB901F09D13C48B3
:1063C00090F82500C0F3400018B13848007B00B9B0
:1063D00001253848007830B1022827D003280BD097
:1063E00004285CD13CE01CB100203249087002E076
:1063F00003203049087056E01CB100202D49087078
:1064000013E02A48407940B104202A49087001204D
:106410002649C8700020087107E01DB102202549F7
:10642000087002E00320234908703CE01CB1002002
:106430002049087013E01D48407940B104201D49EF
:10644000087001201949C8700020087107E01DB1CB
:1064500002201849087002E003201649087022E063
:106460001CB100201349087018E01048007930B9B9
:106470000E48807918B904200E4908700EE00320F8
:106480000C4908700120094908719FED0B0A084664
:1064900080ED090A9FED080A80ED0A0A03E000205A
:1064A0000449087000BF00BF70BD0000ACB60020FA
:1064B000DCA10020D4070020000000002DE9F043FB
:1064C00089B081460E4614461D46DDE910780396D4
:1064D00000200590069008200790200A8DF80400FF
:1064E000E0B28DF80500280A8DF80600E8B28DF8B4
:1064F0000700380A8DF80800F8B28DF809004FEA55
:1065000018208DF80A0008F0FF008DF80B006B468C
:1065100001AA03A94846ECF77AFA0249087009B0C3
:10652000BDE8F083C4040020B0EE401A70EEC11A3A
:10653000B0EE610ADFED0D1AB4EEE10AF1EE10FAE9
:1065400006DDDFED0B1A70EE611AB0EE610A0CE0A9
:10655000DFED081AB4EEE10AF1EE10FA05D2DFED34
:10656000041A70EE211AB0EE610A7047000034433D
:106570000000B443000034C31048C0780121B1EBDF
:10658000901F05D19FED0E0A0E4880ED0F0A10E016
:106590000A48C0780221B1EB901F05D19FED0A0A8D
:1065A000084880ED0F0A04E0B3EE090A054880EDC3
:1065B0000F0A044890ED0F0A70470000DCA100208C
:1065C0000000344248AE0020000020424C48C07811
:1065D0008009002879D14B48B0F910004B2842D0EF
:1065E0000EDC3C282DD006DC2D2818D032281CD0FB
:1065F000372863D11FE0412829D046285ED12CE0FE
:106600005F2848D006DC502833D0552837D05A2888
:1066100054D13AE0642844D078284FD147E09FED28
:106620003A0A3A4880ED0D0A4EE09FED390A3748A4
:1066300080ED0D0A48E09FED370A344880ED0D0AE1
:1066400042E09FED350A314880ED0D0A3CE09FEDB8
:10665000330A2E4880ED0D0A36E09FED310A2B48B3
:1066600080ED0D0A30E09FED2F0A284880ED0D0ADD
:106670002AE09FED2D0A254880ED0D0A24E09FEDCC
:106680002B0A224880ED0D0A1EE09FED290A1F48C3
:1066900080ED0D0A18E09FED270A1C4880ED0D0AD9
:1066A00012E09FED250A194880ED0D0A0CE09FEDE0
:1066B000230A164880ED0D0A06E006E09FED200A49
:1066C000124880ED0D0A00BF16E00D48C078012188
:1066D000B1EB901F05D19FED1B0A0C4880ED0D0A10
:1066E0000AE00748C0780221B1EB901F04D19FED6A
:1066F000160A064880ED0D0A044890ED0D0A704711
:10670000DCA10020880600200080224548AE002041
:1067100000C0284500E02B4500C0414500E044454D
:106720000090494500404E45006051450070554578
:1067300000205A4500805E450040624500606A4581
:1067400000C0324500409C45007094454C48C078DC
:106750008009002879D14B48B0F910004B2842D06D
:106760000EDC3C282DD006DC2D2818D032281CD079
:10677000372863D11FE0412829D046285ED12CE07C
:106780005F2848D006DC502833D0552837D05A2807
:1067900054D13AE0642844D078284FD147E09FEDA7
:1067A0003A0A3A4880ED0E0A4EE09FED370A374824
:1067B00080ED0E0A48E09FED340A344880ED0E0A61
:1067C00042E09FED310A314880ED0E0A3CE09FED3A
:1067D0002E0A2E4880ED0E0A36E09FED2B0A2B483C
:1067E00080ED0E0A30E09FED280A284880ED0E0A61
:1067F0002AE09FED250A254880ED0E0A24E09FED52
:10680000220A224880ED0E0A1EE09FED210A1F4851
:1068100080ED0E0A18E09FED1E0A1C4880ED0E0A5E
:1068200012E09FED1B0A194880ED0E0A0CE09FED67
:10683000190A164880ED0E0A06E006E09FED150ADB
:10684000124880ED0E0A00BF16E00D48C078012105
:10685000B1EB901F05D19FED100A0C4880ED0E0A98
:106860000AE00748C0780221B1EB901F04D19FEDE8
:106870000B0A064880ED0E0A044890ED0E0A704798
:10688000DCA100208806002000803B4548AE0020A7
:1068900000C05A4500007A4500C0DA450080BB457B
:1068A00010B500EE100A2DED028BB1EEC08A18EE85
:1068B000100A20F00040C0F1FF40C00F0AD010EED7
:1068C000100A20F00040C0F1FF40C00F04BF0120BB
:1068D000EAF78FFC18EE100ABDEC028B10BD000029
:1068E00000F06CF80A2000F081FD00BF0A488078B3
:1068F00000F0010010B9FDF76FFC01E0FFF71CFD8F
:1069000000F036F800F096FA00F09CF800F012FA69
:10691000012000F06BFDE9E7DCA100201CB5114867
:1069200090F82400C00988B90020009001900E481A
:1069300090ED0E0ABDEEC00A10EE100A02B200235E
:106940004FF400710948FFF7B9FD09E000200090FD
:10695000034602464FF4007101900448FFF7AEFD74
:106960001CBD0000DCA10020ACB60020540B0020B0
:1069700030B50D4804890D484589FEF70FF9611BB4
:106980000844142806DA032009490870012009493F
:10699000087302E00020074908739FED070A0548C5
:1069A00080ED080A30BD0000A3A20020B0A20020A4
:1069B000D4070020ACB6002000C0A84510B50020C8
:1069C00019490872C8700120087100204870012020
:1069D00088709FED162ADFED161A9FED151ADFED70
:1069E000140AB5EE000A00211248F3F707FD9FEDE7
:1069F000122ADFED0F1A9FED0E1ADFED0D0AB2EE2F
:106A0000000A00210D48F3F7F9FC9FED0B2ADFED9A
:106A1000081A9FED071ADFED060AB2EE0E0A0021F2
:106A20000748F3F7EBFC10BDACB6002000C0DA4518
:106A3000000000002CB7002000701446F0B60020C3
:106A400068B7002010B52DED048BAE4800780628FD
:106A50007ED2DFE800F0F8033EF964AAAA48407845
:106A600001280BD1A84890ED060ADFEDA80A30EE08
:106A7000200A80ED060A0020A3494870A44890ED42
:106A8000040AB8EEC00AA048D0ED060A30EE600A4B
:106A900010EE101A084602F0A5FB41EC190BB0EEFF
:106AA000490AF0EE690AFAF77BFAB0EE408AF0EE96
:106AB000608A9FED980B53EC102B51EC180B01F0F2
:106AC00057FD05D29048407810B901208E49887052
:106AD00010E18D4890ED080A80ED070A8C4890ED92
:106AE000040AB8EEC00A8848D0ED040A30EE600A05
:106AF000BDEEC00A10EE100A4FF4104190FBF1F207
:106B000001FB12018248006900F51040401A00EEB6
:106B1000100AB8EEC00A7C4880ED060AEAE07A481E
:106B2000C07801280BD1784890ED060ADFED770A8E
:106B300030EE600A80ED060A00207349C870744880
:106B400090ED040AB8EEC00A6F48D0ED060A00E0E6
:106B5000CFE030EE600A10EE101A084602F042FB59
:106B600041EC190BB0EE490AF0EE690AFAF718FA8F
:106B7000B0EE408AF0EE608A9FED680B53EC102B6C
:106B800051EC180B01F0F4FC0ED25F48C07858B9F4
:106B900001205D4908719FED630A084680ED090AEE
:106BA0009FED600A80ED0A0AA4E05748407A012868
:106BB00036D15548807A01280CD1554890ED040A09
:106BC000B8EEC00A504880ED060A9FED570A80EDE6
:106BD000070A25E04C48C07A012821D19FED510ACF
:106BE000494880ED070A4A4890ED040AB8EEC00A09
:106BF000DFED4E0A30EE200A434880ED060A444895
:106C000090ED040AB8EEC00ADFED480A30EE200A23
:106C10003D4880ED040A0021C17200203A494872C3
:106C20003948807A01280CD13748C07A48B93648AB
:106C3000C079012805D100203349887201213248EA
:106C4000C17257E000E03DE09FED360A2E4880ED2E
:106C5000070A3748007802282AD12B4890ED040A09
:106C6000B5EEC00AF1EE10FA22D029480069F8B159
:106C7000274890ED040AB8EEC00A2348D0ED040A74
:106C800030EE600ABDEEC00A10EE100A4FF410415B
:106C900090FBF1F201FB12011D48006900F5104064
:106CA000401A00EE100AB8EEC00A174880ED060A36
:106CB0009FED1C0A144880ED090A9FED1A0A80ED29
:106CC0000A0A17E09FED170A0F4880ED070A1048DF
:106CD00090ED040AB8EEC00A0B4880ED060A0020C9
:106CE0000949C8700120087100204870012088708F
:106CF00000E000BF00BF034800780D490870BDECFC
:106D0000048B10BDD4070020ACB600200000104753
:106D1000B8A10020000000000070A74000000000A3
:106D20000040AF400000000000000744001058463B
:106D3000D507002010B5384890ED061AF0EE410A4C
:106D4000364890ED041AB8EEC11AB0EE410A344844
:106D5000F3F774FA324890ED081AF0EE410A2F4822
:106D6000B0F9040001EE100AB8EEC11AB0EE410A03
:106D70002C48F3F763FA284880ED0C0A90ED071AC7
:106D8000F0EE410A2548B0F9040001EE100AB8EE11
:106D9000C11AB0EE410A2448F3F750FA1E4880EDBC
:106DA0000D0A22480078042812D0204800780128D3
:106DB0000ED01E48007803280AD01C480078052809
:106DC0000CD11548807A48B91348C07A012805D1FA
:106DD000114890ED0C0A80ED0E0A1CE01348007873
:106DE00002280AD01148007805280CD10A48807A78
:106DF000012808D10848C07A28B9074890ED0D0A43
:106E000080ED0E0A07E00948007820B99FED080AD6
:106E1000014880ED0E0A10BDACB60020B8A10020DC
:106E20002CB70020F0B6002068B70020D40700205F
:106E3000000000006049B1F90400002801DB0146B0
:106E400000E04142322913DC5C4991ED0E0ADFED8E
:106E50005C0AB4EEE00AF1EE10FA09DD084690EDA6
:106E6000090AF7EE000A30EE200A80ED090A0FE069
:106E7000524890ED090AB5EEC00AF1EE10FA07DDAE
:106E800090ED090AF7EE000A30EE600A80ED090A7B
:106E90004949B1F90400002801DB014600E0414204
:106EA000322913DC454991ED0E0ADFED460AB4EEB6
:106EB000E00AF1EE10FA09D2084690ED0A0AF7EE60
:106EC000000A30EE200A80ED0A0A0FE03B4890ED00
:106ED0000A0AB5EEC00AF1EE10FA07DD90ED0A0AD3
:106EE000F7EE000A30EE600A80ED0A0A3249B1F985
:106EF0000400002801DB014600E04142322913DC96
:106F00002E4991ED0E0ADFED300AB4EEE00AF1EE03
:106F100010FA09D2084690ED0B0AF7EE000A30EE9F
:106F2000200A80ED0B0A0FE0244890ED0B0AB5EE25
:106F3000C00AF1EE10FA07DD90ED0B0AF7EE000A39
:106F400030EE600A80ED0B0A20480078052821D039
:106F50001A4890ED090ADFED1E0AB4EEE00AF1EEE0
:106F600010FA03DD01201549487102E000201349A1
:106F70004871124890ED0A0ADFED150AB4EEE00AF6
:106F8000F1EE10FA02DD0121817113E000210B48BE
:106F900081710FE0094890ED0B0AF3EE040AB4EE9C
:106FA000E00AF1EE10FA02DD0121C17102E00021D8
:106FB0000248C17170470000B8A10020ACB60020A3
:106FC0000080BB4500C0DAC500409CC5D407002046
:106FD0000000A04222480088012813D1214890F8DF
:106FE000250000F0010068B91E488078C0F3C20097
:106FF000012807D11C4890F8480080F001001A4988
:1070000081F8480016480088012821D1154890F8D9
:10701000250000F00100D8B912488078C0F3C20002
:10702000032815D111480068401C104908600E481B
:1070300090F8480080F001000B4981F848000C48A6
:1070400090ED0A0ADFED0B0A30EE200A80ED0A0A05
:10705000044890F8250000F00100014908807047BD
:107060007C070020DCA1002048AE00208007002023
:1070700058B1002000003443B0EE401A30EEC10A8F
:10708000F0EE401AB0EE412A00EE100AB8EEC00A47
:1070900060EE212A01228A40521E00EE102AB8EE2C
:1070A000C03A82EE830A30EE020A704710B5474BB1
:1070B0001B685B6943F04003444C24686361434BA5
:1070C0001B685B6943F08003404C246863613F4B5D
:1070D0001B68DB6843F010033C4C2468E3603C4BC6
:1070E0001B681B6823F00103394C2468236007E008
:1070F000374B1B681B6823F00103354C2468236061
:10710000334B1B681B6803F00103002BF0D1304B9D
:107110001B68304CA34204D9E3142E4C4C3C236032
:1071200019E02B4B1B682C4CA34204D9E314294CC7
:10713000503C23600FE0264B1B68274C603CA34269
:1071400004D9E314244CB83CE36004E04FF400633A
:10715000214CB83CA360214B1D4C2468A3601C4B00
:107160001B68D8601A4B1B681961194B1B685A6061
:10717000174B1B681B6843F48023154C246823605D
:10718000134B1B681B6843F00103114C24682360F8
:10719000134B1B681B6823F00103114C2468236008
:1071A00007E00F4B1B681B6823F001030C4C24689D
:1071B00023600B4B1B681B6803F00103002BF0D10D
:1071C000064B074C2468A36010BD0000FC0C002097
:1071D000D40D002058640240B86002400410014001
:1071E000340E002001460A69D1E901309860D1E9E6
:1071F000010358605068884201D1886850600020BF
:1072000008611068401E106010687047034B0360EF
:10721000034B0B608023136070470000D0080020F0
:107220002C09002000F1080141604FF0FF3181601E
:1072300000F10801C1600161002101607047002177
:107240000161704710B502460B685C1C0CB91069EF
:1072500007E002F1080000E04068446824689C42AE
:10726000FAD944684C604C68A160886041600A614A
:107270001468641C146010BD42684A6093688B6097
:10728000936859609160086103685B1C03607047F4
:1072900000BF502080F31188BFF34F8FBFF36F8F73
:1072A00000BF0E480068401C0C4908600846006892
:1072B000012812D10A480068C0B208B9012000E0D4
:1072C000002050B900BF502080F31188BFF34F8FCA
:1072D000BFF36F8F00BF00BFFEE7704708010020BB
:1072E00004ED00E00D48006850B900BF502080F365
:1072F0001188BFF34F8FBFF36F8F00BF00BFFEE752
:1073000006480068401E054908600846006820B924
:10731000002080F3118800BF00BF704708010020E3
:1073200070B506463546002E44D0083D2C4622490D
:1073300060680968084008B1012000E0002050B9E9
:1073400000BF502080F31188BFF34F8FBFF36F8FC2
:1073500000BF00BFFEE7206808B9012000E0002060
:1073600050B900BF502080F31188BFF34F8FBFF397
:107370006F8F00BF00BFFEE70F49606809680840D3
:10738000C0B12068B0B90C49606809688843606082
:1073900000F0B2F8094960680968084407490860C4
:1073A0002046FEF7A3F806480068401C0449086020
:1073B00000F010FB70BD000004010020F40000206C
:1073C0000001002000204FF0E0210861886106489C
:1073D00000684FF47A71B0FBF1F0401E4FF0E021ED
:1073E0004861072008617047A800002070B5044676
:1073F0000025D4B11248006808B9012000E000203F
:1074000050B900BF502080F31188BFF34F8FBFF3F6
:107410006F8F00BF00BFFEE700F06EF8002120462E
:10742000FDF78AFE00F0D6FA05463DB94FF08050D0
:1074300004490860BFF34F8FBFF36F8F70BD00002A
:10744000E400002004ED00E010B586B000200590B7
:10745000049003AA04A905A8FFF7D8FE0022DDE9DD
:1074600004101346CDE9002102901CA11D48039A87
:1074700000F0AEF91C4908600846006808B1012414
:1074800000E00024012C15D100BF502080F31188AA
:10749000BFF34F8FBFF36F8F00BF4FF0FF30134923
:1074A000086001201249086000201249086000F0BD
:1074B000A9F810E0601C08B1012000E0002050B9DC
:1074C00000BF502080F31188BFF34F8FBFF36F8F41
:1074D00000BF00BFFEE706B010BD000049444C45A8
:1074E000000000009D530108E0000020DC000020A7
:1074F000C8000020C000002002480068401C01496C
:1075000008607047E40000201D48006818B10120A1
:107510001C49086032E000201A4908601A480068D7
:10752000B0FA80F0C0F11F0101EB8100174A52F858
:10753000200008B1012000E0002050B900BF502019
:1075400080F31188BFF34F8FBFF36F8F00BF00BF71
:10755000FEE701EB81020D4B03EB820042685268AB
:10756000426000F108024368934202D142685268C7
:1075700042604268D268064B1A6000BF7047000044
:10758000E4000020D0000020C4000020DC2B0020FC
:10759000AC00002070B505460C4600260DB1022C4B
:1075A00001D8002070BDA11E094802882846FBF7BB
:1075B00091FE0646F1B2A01E285C814206D1601EF3
:1075C000285CB0EB162F01D10120EBE70020E9E7A2
:1075D0005E05002070B505460C4600260DB1022C54
:1075E00001D8002070BD611EFF222846FBF78CFEEB
:1075F0000646601E285CB04201D10120F2E700205F
:10760000F0E700001CB5524800685249884201D09A
:10761000012000E0002050B900BF502080F3118805
:10762000BFF34F8FBFF36F8F00BF00BFFEE7484827
:1076300000684849491E884201D0012000E000202E
:1076400050B900BF502080F31188BFF34F8FBFF3B4
:107650006F8F00BF00BFFEE73F49084600780190EA
:10766000FF200A4610700846007800909DF8000040
:1076700000F0F0009DF80020904201D1012000E0D0
:10768000002050B900BF502080F31188BFF34F8F06
:10769000BFF36F8F00BF00BFFEE79DF8000000F052
:1076A00050002E4A107007202D4A106009E02C4827
:1076B0000068401E2A4A10609DF800004006000E37
:1076C00000909DF8000000F080008028EFD0244852
:1076D0000068C0F10700042801D1012000E000206B
:1076E00050B900BF502080F31188BFF34F8FBFF314
:1076F0006F8F00BF00BFFEE7194800680002184AFC
:1077000010601046008800F4E0601060124A019892
:1077100010700F482030006840F470000C49203190
:1077200008600846006840F070400860FFF74AFEB5
:1077300000200C490860E8F7BFFD0B48006840F0E6
:10774000404009490860E8F7A3FD00201CBD000087
:1077500000ED00E071C20F4100E400E00C010020E8
:10776000100100200801002034EF00E02DE9FF4F58
:1077700085B0804689461746DDE912ABB800FDF7B3
:1077800023FF064656B15C20FDF71EFF04460CB1F0
:10779000266304E03046FFF7C3FD00E000248CB10F
:1077A000002084F85900CDE900ABCDE902403A460B
:1077B00049464046089BFDF705FE2046FDF708FDBB
:1077C000012501E04FF0FF35284609B0BDE8F08FF4
:1077D0002DE9F04F85B00746884691469A46DDE987
:1077E0000EB6109C0EB1012000E0002050B900BF81
:1077F000502080F31188BFF34F8FBFF36F8F00BF0E
:1078000000BFFEE70CB1012000E0002050B900BF2E
:10781000502080F31188BFF34F8FBFF36F8F00BFED
:1078200000BFFEE75C20039003985C2801D1012093
:1078300000E0002050B900BF502080F31188BFF352
:107840004F8FBFF36F8F00BF00BFFEE700BFB4B123
:10785000AEB125462C462E63022085F85900002043
:1078600004A953464A46CDE900B1CDE9025041464C
:107870003846FDF7A7FD2846FDF7AAFC01E00020E9
:107880000490049805B0BDE8F08F00002DE9F041A8
:107890004FF000084448006800287CD14348006845
:1078A000451C4248056015BB41480068006808B99E
:1078B000012000E0002050B900BF502080F3118863
:1078C000BFF34F8FBFF36F8F00BF00BFFEE7384895
:1078D0000768384800683649086036480760364807
:1078E0000068401C34490860FDF734FE00BF33488F
:1078F000006885423CD300BF2D480068006808B985
:10790000012000E0002020B14FF0FF302B4908603B
:107910002DE027480068C068C4686668B54202D296
:107920002648066023E0201DFFF75CFCA06A18B122
:1079300004F11800FFF756FC94F82C100120884041
:107940001F49096808431E490860E16A01EB81018B
:107950001C4A02EB8100211DFFF78EFC1A49E06AE8
:107960000968C96A8842C7D34FF00108C4E700BF5D
:1079700015480068C06A00EB8000124951F82000E9
:10798000012801D94FF001081048006808B14FF0F4
:10799000010805E0FFE70E480068401C0C4908603C
:1079A0004046BDE8F0810000E4000020C000002057
:1079B000B0000020B4000020D4000020DC00002033
:1079C000C4000020DC2B0020AC000020D0000020F0
:1079D000CC00002070B5002400263648006850B95D
:1079E00000BF502080F31188BFF34F8FBFF36F8F1C
:1079F00000BF00BFFEE7FFF74BFC2E480068401EAB
:107A00002C4908600846006800284FD12A480068C1
:107A100000284BD024E02948C068C46804F118004D
:107A2000FFF7E0FB201DFFF7DDFB94F82C10012091
:107A3000884023490968084321490860E16A01EB4D
:107A40008101204A02EB8100211DFFF715FC1E4930
:107A5000E06A0968C96A884202D301201B490860AC
:107A60001648006808B9012000E000200028D2D0A4
:107A70000CB1FDF76FFD1648056865B100BFFFF753
:107A800005FF10B10120114908606D1E002DF6D1CF
:107A900000200F4908600D48006838B10126300702
:107AA0000C490860BFF34F8FBFF36F8FFFF71AFCCD
:107AB000304670BDE4000020BC000020902C002067
:107AC000C4000020DC2B0020AC000020D0000020EF
:107AD000CC00002004ED00E010B513488078C0F31E
:107AE000C20088B1114890ED0B0AB0EE402ADFEDDC
:107AF000101A9FED0F1ADFED0E0A9FED0D0A0221FD
:107B00000C48FAF7B1FE0DE09FED092ADFED081AE7
:107B10009FED071ADFED060A9FED050A02210548D1
:107B2000FAF7A2FE10BD0000DCA1002058B1002031
:107B3000000000002C0B0020DFED0D0AB4EEE00A7F
:107B4000F1EE10FA06DDDFED0B0A70EE600AB0EE22
:107B5000600A0CE0DFED080AB4EEE00AF1EE10FA7C
:107B600005D2DFED040A70EE200AB0EE600A70471D
:107B7000000034430000B443000034C381F00041EE
:107B8000704780F00040704721F00041704720F0BE
:107B90000040704721F00042A2F16052B2F5801F10
:107BA00001F0004328BFD2F17E6C51D9F1EE10CA2A
:107BB0001CF4400F14D15FEAC00C43EAC20202EB8E
:107BC000507008BF70475FEA4C0C40F10000DFF8CE
:107BD00080C241F0118228BF20F0010001F00CBAF0
:107BE000C30001F0004343EAC20202EB507008BF39
:107BF00070471B4248BF4FEA4C0C1CF4000F08BFF3
:107C0000401CDFF84CC201F0F7B9C30001F000439B
:107C100043EAC20202EB507204BF104670471B4297
:107C200048BF4FEA4C0C1CF4000FDFF824C218BF09
:107C3000104641F0E18108BF521C12F4000F08BF4A
:107C4000104601F0D98121F0004201F0004330E0FC
:107C500050EA410C04BF084670475FEA125CBCF171
:107C6000FE0F1ED1F1EE10CA1CF4400FCDD15FEA19
:107C7000C00C9BD05FEA001C4FEAC20C4CEB507C5E
:107C800004BFC2002CEAD27C1CF4000F04BF4CEAF3
:107C90000300DFF8BCC101F0AF8121F00042A2F186
:107CA0006052B2F5801F4FEA410C2ADB1CF5001F21
:107CB00016D2F1EE10CA1CF4806F06D02CF0005CD6
:107CC0004CF0805CA1F140612AE04FF07F40DFF88A
:107CD00084C143EA500001F08FB9084601F03DBB72
:107CE00070B500F061FD00BF000000B9880000041D
:107CF000FFF7F3BF21F0704243EA507040EAC20040
:107D00007047F1EE10CA2CF0805C4CF0005C1CF463
:107D1000006F25D04B00B3F5001F51D301F1406136
:107D20001CF4400F40F07E800CF0405CC3004CF02F
:107D3000880C11D05CF0404C10F0805F0CD00346F2
:107D400010F1005041F10001020108BF20F0005085
:107D5000834218BF2CF0004C00F0604001F0F9BBEA
:107D60001CF4400F1AD01B4248BF4FEA4C0C1CF4C5
:107D7000000F13D112F1406248BF22F07F424FEA58
:107D8000C00CBCF1010F43EAC20242EB50704FF04D
:107D9000880228BF42F0804201F0E4BA12F140624A
:107DA00048BF22F07F425FEAC00C43EAC20242EAC7
:107DB00050704FF0880218BF42F0404201F0D2BA32
:107DC00001F0004321F00041094214D0B1FA81FCD6
:107DD000ACF10B0CCCF1200201FA0CF120FA02F20A
:107DE00041EA02014FEA0C5200FA0CF0A1EB020149
:107DF00081EA03010FE0B0FA80F200FA02F002F12A
:107E000015024FEAD0214FEA0252A1EB02014FEADC
:107E1000405081EA0301F1EE10CA2CF0805C4CF076
:107E2000005C7BE762460CF0405CC3004CF0880CC1
:107E300092D05CF0404C094248BF520012F4000F4F
:107E40008AD110F1005041F100012CF0004C83D197
:107E5000880000408800001010B5DFF840E211F5FE
:107E6000801C13F580141EEA4C0F18BF1EEA440F45
:107E700000F0C88091EA030F48BF83F0004300F18F
:107E8000C486841A71EB030C05D2121943EB0C0360
:107E9000001B61EB0C014FEA1154A4EB135C23EAC5
:107EA0006E0321EA045143F48013DCF1200E53D316
:107EB00022FA0CFE10EB0E0023FA0CFE41EB0E0131
:107EC000CCF1200E03FA0EFE10EB0E0051F1000172
:107ED000B1F5801FCCF1200E53D201EB045112FA00
:107EE0000EF2BDE8104008BF7047F1EE10CA1CF456
:107EF000400F1ED14FF0110C92F0000F4CF0804C4F
:107F000041F17A80401C38BF5FEA420241F0748040
:107F1000002814BF20F0010041F100014FEA4103A5
:107F200013F5001F24BF4CF0805CA1F1C04101F0AB
:107F300063B811F0004F54BF1CF4000F1CF4800F05
:107F40004FF0110C4CF0804C41F05680401CC1F0B9
:107F5000538041F10001E1E7012A43EB0302ACF158
:107F6000200CDCF11F0E32BF4FF0000E23FA0CF391
:107F700010EB030041EB0451B4EB115FAFD0A1EB68
:107F8000045101F5801149085FEA300002FA0EF24F
:107F900042EA420201EB04515FEA320213D0BDE82B
:107FA0001040F1EE10CA1CF4400F1AD14FF0110C22
:107FB00092F0000F4CF0804CB0D5401C38BF5FEA07
:107FC0004202ABD1A4E7BDE810404FEA410313F5EC
:107FD000001F38BF7047DFF8C8C0A1F1C04101F0F1
:107FE0000BB811F0004F54BF1CF4000F1CF4800FAD
:107FF0004FF0110C4CF0804C90D1401C8ED341F1CD
:1080000000018BE74EF4001E3EEA410418BF3EEA31
:10801000430439D091EA030F48BF83F0004300F1D5
:10802000EF86841A71EB030C05D2121943EB0C0393
:10803000001B61EB0C0152EA430E4FEA1154A4EB12
:10804000135C13D05FEA445E21EA04511CBF23F0A5
:108050000043ACF1010C7FF428AFBDE810404FF0B5
:10806000110C801841EB030100F0B1BE5FEA445EE1
:10807000BDE8104018BF704750EA410C08BF704778
:108080004FF0110C00F0A3BEBDE8104070B500F039
:108090008BFB00BF64FBBE3E110000040000C0FF6C
:1080A00011000010491058BFC1F140415B1058BF8A
:1080B000C3F140438B42EFF3008070472DE9C0418C
:1080C00030B4DFF864C33CEA111418BF3CEA13145F
:1080D00000F04B8181EA03051CEA111444EAD574CF
:1080E00018BF1CEA131500F01D81A4EB05044FF026
:1080F000004545EAC12145EAC32341EA505143EA1C
:10810000525304F17F74994204F500344FEAC020C1
:108110004FEAC22208BF904200F0D0804FEA1365B8
:108120000FF20426765D4FEA134506FB05F7C7F10B
:10813000807706FB07F74FEAD737A7FB036876423D
:10814000C8F58038A7FB06CE38BFA8F1010807FBA9
:1081500008E64FF0000EA6FB028CE6FB03CEDCF136
:10816000000CCEF1004E38BFAEF1010EA6FB0C584C
:108170004FF000074FF00005E6FB0E87A1FB08C695
:10818000A0FB07CE16EB0E0645F10005E1FB0765E7
:1081900015F1E04E7EBFA4F580345FEA46066D41DE
:1081A00016F18007F1EE10CA45F100054FEA1727D6
:1081B00047EA05671CF4400F4FEA152536D14FEA10
:1081C0004666A6F15E46B6F1085F2FD9B4F1FE6FA0
:1081D0002CD8384624F0010C05EBC471BCF1FE6FBD
:1081E00001EB0C11DFF844C202D8F0BCBDE800413D
:1081F00040F2028724425CBF01F5801E9EEAC47FE4
:1082000002D4F0BCBDE8004140F1F686244277D4A8
:10821000DFF81CC256EA080EA1F1C04118BF4CF0AD
:10822000804CF0BCBDE8004100F0E6BE4FEAD2222F
:1082300042EA43524FEAD323A7FB02864FEAD020FB
:1082400040EA415007FB03661EEA0E0F4FEAD121B8
:1082500005FB026658BFA6EB0056B6EB00564FEA88
:10826000520E4EEAC37E18EB0E0E56EB530E05D59A
:1082700018EB02085E417F1C55F1000556EA080E16
:1082800024D01CF4400FA4D014F0010F18BF4FEA03
:108290004C0C1CF4000F08D036429AD4B8EB0208FC
:1082A0009E417F1E75F1000593E7364291D518EB8C
:1082B00002085E417F1C55F100058AE74FF48015E6
:1082C0004FF000074FF000064FF0000824F0010CBB
:1082D000384605EBC471BCF1FE6F01EB0C1102D8FE
:1082E000F0BCBDE800811CEA0C0F5CBF01F5801EEC
:1082F0009EEAC47F02D4F0BCBDE80081244287D549
:1083000056EA080C01F1C0411CBF06F0004C4CF0CD
:10831000804C4CF0005CF0BC4CF0140CBDE800410B
:1083200000F0ACBD50EA410E0CEA13150BD052EA36
:10833000430E13D000F0B9FA641B86EA4606240403
:1083400044EAD674D3E652EA430E00F02680F0BC2D
:1083500081EA030101F00041BDE80081F0BCBDE805
:108360000041DFF8D0C000F047BEF0BCBDE80041DE
:1083700070B500F019FA00BF097EFC3E140000043D
:1083800000F007B881EA03014FF0000001F000415E
:10839000704781EA030100F0C0BAF0BCBDE80041BB
:1083A0005FF828C000F028BEFFFDFBF9F7F5F4F2F6
:1083B000F0EEEDEBE9E8E6E4E3E1E0DEDDDBDAD880
:1083C000D7D5D4D3D1D0CFCDCCCBCAC8C7C6C5C4DE
:1083D000C2C1C0BFBEBDBCBBBAB9B8B7B6B5B4B3F5
:1083E000B2B1B0AFAEADACABAAA9A8A8A7A6A5A4E0
:1083F000A3A3A2A1A09F9F9E9D9C9C9B9A999998A4
:108400009797969595949393929191908F8F8E8E46
:108410008D8C8C8B8B8A89898888878786858584D3
:1084200084838382828181800000FF0714000040E2
:1084300014000010140000084FEA410380B54FEA11
:108440005353A3F58063D3F11E03C8BFD3F1210CAE
:108450001FDD4FF0004242EAC12242EA505232FA96
:1084600003FC62FA03F787EA0C0757EAC0270BD030
:1084700032FA03FC8CEAE17CACEBE170BDE88040B1
:10848000DFF874C000F0B8BD8CEAE17CACEBE170C1
:1084900080BD50EA410C00D180BD102B07DD4FF0AC
:1084A0000000BDE88040DFF850C000F0A5BD03F536
:1084B000787CBCF1FF3F14D0002B02BF7FEA210C77
:1084C0005FEA013C5FEA505C05D100284FF00040B4
:1084D000D4D100D180BDBDE88040DFF820C000F0DD
:1084E0008BBDBDE8804070B500F05EF9000000BFB4
:1084F000C800030480B5DFE7C8000240C8000204DA
:1085000010F0004248BF4042B0FA80F310FA03F185
:108510000AD0C3F11D0303F580634FEA415002EB1B
:10852000035202EBD12170474FF000007047B1FABF
:1085300081F201FA02F1C2F11D024FEA415003EB50
:10854000025303EBD1217047B0FA80F310FA03F124
:108550000AD0C3F11D0303F580634FEA41504FEA8F
:10856000035202EBD12170474FF00000704700002A
:1085700051EA030C11D41CF5801F00F106809942CA
:1085800018BF704708BF9042704711F5801F58BF51
:1085900013F5801F18D4994270471CF5801F09D528
:1085A00050EA410C0EBF52EA430C8B42704708BFA1
:1085B000824270474FF4001C1CEB410F38BF1CEB8C
:1085C000430F01D28B42704770B500F0EDF800BF49
:1085D0000000003F19001604FFF764BD4FF0005182
:1085E0004FF08053FFF75EBDDFF8B4C170B51CEAF1
:1085F000111E1EBF1CEA13159EEA0C0F95EA0C0F04
:1086000000F0948081EA030421EA4C114EEAD47E02
:1086100023EA4C13AE4441F4801143F48013A1FBD0
:10862000024CA0FB0365AEF17F7E361955EB0C05BD
:10863000A1FB034C4CF10003A0FB021C16EB0C0643
:10864000654153F10003094218BF46F0010613F4D7
:10865000007F0BD14FEA03314FEA0530340341EA82
:10866000155140EA16506FF003020AE04FEAC321A9
:108670004FEAC520F40241EA555140EA56506FF0E6
:108680000202264602EB2E4201EB025585EACE712C
:1086900027D0F1EE10CA05461CF4400C14D15FEA55
:1086A000440C18BF24F0004450F1000041F10001D7
:1086B00020EAD47040F2FD7C624517D2BDE87040DC
:1086C000DFF8E0C000F098BC5FEACE7454BF1CF441
:1086D000000F1CF4800F08BF10F1010041F10001F0
:1086E000E8E740F2FE7C624504D270BD08BF11F499
:1086F000801FE3D0A84214BF4FF080444FF04044A5
:10870000002E08BF0024BEF1806FD8BF01F1C04128
:10871000A8BFA1F1C04144F0130CA8BF4CF0805C8D
:10872000BDE8704040F3AA8300F066BC9EEA0C0FDF
:108730000CEA131518BF95EA0C0F19D091EA030F34
:1087400048BF4EF0010E50EA410418BF52EA4304FC
:1087500009D000F0AAF8641986EA46064FEA044EEA
:108760004EEAD67E5BE74FEACE714FF0000070BD57
:1087700000F01AF88900013E1300000400F005B86B
:1087800000F007B852EA430C06D081EA030100F07A
:10879000C4B850EA410CF8D15FF824C000F02CBCFA
:1087A0000000FF07130000400EF1020E2EF0030E32
:1087B00001285EF8086B41EB010414F5001418BFA2
:1087C000B4F5801F23D3364208D4012A43EB0305B6
:1087D00015F5001518BFB5F5801F18D301EB010C76
:1087E0001CF5801F16D2364204D403EB030C1CF593
:1087F000801F0FD2002C10D14FEAD17C002D0CEB42
:108800004C0C0CF1020C08BF4CEBD37C07E04FF092
:10881000090C04E04FF0080C01E04FEAD37C0CEBAC
:108820004C0526FA05F606F00706B6F1040C06D24A
:108830000EEB860CBDE870404CF0010C6047DFE8A1
:108840000CF0222413025EF804CC1B2D08D1002C5E
:1088500088BFB4F5801F34BF4CF4804C4CF4004CFE
:10886000BDE8704000F0C8BB002C88BFB4F5001F05
:1088700024BF1946104670BD4FF000004FF0004174
:10888000A1F5002170BD19461046012851EB0104E5
:1088900018BFD4F5001484BF5EF804CC2CF0806CB3
:1088A000BDE8704000F28783704780B54FF0030643
:1088B0005C004FEA03334FEA3606640D4FEA133388
:1088C00018BF43F480131CD153EA125E04F1010473
:1088D00002BF13460022203C1B4202BF130B1205AD
:1088E000143CB3FA83FEAEF10B0ECEF1200C03FA6A
:1088F0000EF322FA0CFC02FA0EF2A4EB0E0443EA89
:108900000C030FB416F0010F0CBC03BC18BF2546B6
:10891000CED180BD80B50126F3E70808A0F500118F
:108920004FEA3101704753EA010C11D41CF5801F46
:1089300000F106808B4218BF704708BF8242704723
:1089400013F5801F58BF11F5801F18D48B42704754
:108950001CF5801F09D552EA430C0EBF50EA410CAA
:108960009942704708BF904270474FF4001C1CEBBF
:10897000430F38BF1CEB410F01D2994270470FB42F
:108980000CBC03BCFFF720BE10B5DFF848E011F5C2
:10899000801C13F580141EEA4C0F18BF1EEA440F0A
:1089A00009D091EA030F81F000413FF56AAA83F0F4
:1089B000004300F02AB981EA030180EA020083EA59
:1089C000010382EA000281EA030180EA020000F06A
:1089D00008BA00BF0000C0FF2DE9F04101F5801C7E
:1089E000BCF5001FC0F2DC804FEA115C21EA0C519B
:1089F00041F480110CF1FD0C5FEA5C0C0CF5C07CBD
:108A000001D34000494135A4890241EA90518702CF
:108A10008E0E0A0CA45D04FB04F602FB06F6C6F1FA
:108A20004046A4FB0662F60D46EA422606FB06F423
:108A3000A4FB01235242C3F1404338BF5B1EA6FB97
:108A400002420024E6FB0324D20B42EA4446A6FB82
:108A50000623A1FB02E2A3FB07E4E3FB61426442BD
:108A6000C2F1404E38BFAEF1010EA6FB04234FF019
:108A70000002E6FB0E32A2FB03463400E2FB626416
:108A8000A1FB06E6A4FB07E8E4FB61687642C8F1B7
:108A9000405838BFA8F10108A2FB06E4A3FB08E593
:108AA000E2FB6854A1FB05E6A7FB04E8E1FB648652
:108AB00018F12005F1EE104A56F10006A809B10997
:108AC00014F4400F40EA866028D1A8F11B0808F092
:108AD0001F08B8F10A0F21D9BDE8F04101EB0C5194
:108AE0004FF0170C4CF0804C00F086BAFCF5EEE825
:108AF000E2DDD8D3CFCBC7C3C0BDB9B6B4B1AEAC3D
:108B0000A9A7A5A3A19F9D9B9A9896959392908FB4
:108B10008D8C8B898887868584838281A0FB006801
:108B200000FB01F208EB4208B8EB872858EA06027E
:108B300015D014F4400F16D118EA080F07D53418D1
:108B400058EB0104C8D5401C51F10001C4E7341AA8
:108B500078EB0104C0D4401E71F10001BCE701EBC9
:108B60000C51BDE8F08114F4000F0CD118EA080F85
:108B7000B2D5361858EB0108401C51F100013618E7
:108B800058EB0108F2E718EA080FA5D4361A78EB7B
:108B90000108401E71F10001361A78EB0108F2E776
:108BA0005FEA4C0C5FEA9C5C14D10AD350EA013CAA
:108BB00001D1BDE8F08109420CD4FFF7ABFEA44619
:108BC00018E7BDE8F04170B5FFF7EEFD6DDBFFBEC5
:108BD00017000004BDE8F0415FF80CC000F00CBACB
:108BE00010B5DFF894E211F5801C13F580141EEA2D
:108BF0004C0F18BF1EEA440F00F0F38091EA030FF8
:108C000048BF83F000433FF53CA9841A71EB030C85
:108C100007D212198CF0004C43EB0C03001B61EBE4
:108C20000C0152424FEA1154A4EB135C23EAAE0349
:108C300021EA0451C3EBAE0338BF5B1EDCF1200E0A
:108C400048D322FA0CFE10EB0E0043FA0CFE41EB67
:108C50000E01CCF1200E03FA0EFE10EB0E0051F1C6
:108C60000001CCF1200E4CD412FA0EF201EB0451AB
:108C7000BDE8104008BF7047F1EE10CA1CF4400F69
:108C800014D14FF0120C92F0000F4CF0804C40F1D8
:108C9000B381401C18BFB2F1004F40F0AD810028F5
:108CA0000CBF491C20F0010000F0A6B911F0004FE4
:108CB00054BF1CF4000F1CF4800F4FF0120C4CF04A
:108CC000804C40F09981401C40F0968141F10001B8
:108CD00000F092B912EB020E43EB030218BF4FF003
:108CE000010E4EEA4202ACF1200CDCF11E0E4BD913
:108CF00043FA0CFE10EB0E0051F1FF31CCF11E0EC9
:108D0000B2D50EF1010E12FA0EFE404141EB010107
:108D100001EB445C5FEA5C5C06D95FEA0E0201EBA2
:108D20000451BDE81040A5E73BD24FEAD42C11F521
:108D3000001124F400641AD0B1FA81F20B3AA41A9B
:108D4000A41ED2F12003914030FA03F3194390405E
:108D500001EBCC71002C01EB0451BDE81040A8BF21
:108D6000704701F1C0414FF0120C00F087B8B0FA23
:108D700080F310FA03F101D1BDE8104019D0E41AD4
:108D8000173C4805C90AE3E701EB0451BDE8104070
:108D9000401E61F100015FF0FF326BE701EB04510F
:108DA00010BD491001EB0451BDE810404FEA3000FE
:108DB0000BE0F1EE10CA4FF000010CF4400CBCF5D2
:108DC000000F08BF4FF0004170474FF0120C4A00EF
:108DD00008BF0042EDD0B2F5001F28BF704700F079
:108DE000EAB84EF4001E3EEA410418BF3EEA4304CE
:108DF00034D091EA030F48BF83F000433FF511A937
:108E0000841A71EB030C07D212198CF0004C43EB5F
:108E10000C03001B61EB0C0152EA033E4FEA1154B4
:108E2000A4EB135C14D05FEA445E21EA045109D03C
:108E300023F000435242ACF1010CC3F1000338BFF0
:108E40005B1EFBE6BDE81040801A61EB0301BCE746
:108E5000BDE8104050EA410CB7D1AAE7BDE8104088
:108E600070B5FFF7A1FC00BF40DFF63E1100000423
:108E700083F00041104670470000C0FFF1EE103A49
:108E800013F0807F1EBF01F000410020704713F4F3
:108E9000006F40F0AA80094248BF4CF4803C4FF478
:108EA000C0634FEA115203F1010321EA025122F497
:108EB00000629A1A48BF6FF0FE0241F48011352A11
:108EC0003CD830D0152A1ED3203A0CD90028C2F144
:108ED000200321FA02F001FA03F218BF42F0010266
:108EE0004FF0000130E0C2F1000302F1200201FA6C
:108EF00003F120FA02F241EA020100FA03F2084605
:108F00004FF0000120E0C2F1200310B400FA03F496
:108F100001FA03F320FA02F021FA02F1224610BC12
:108F200043EA000010E050EA01324FF000004FF039
:108F300000014FF0004218BF521C05E04FF0010243
:108F40004FF000014FF000001CF4803F2CF4803CF7
:108F500018BF41F0004112421ED0F1EE103A13F456
:108F6000400F20D1520003D30CD0401C41F100012E
:108F7000F1EE103A4CF0804C43F00803E1EE103A69
:108F800000F03AB85FEAAC72EFD4F1D1401C41F185
:108F9000000120F00100EBE71CF0804F08BF704794
:108FA0002CF0004CE4E7094254BF13F4000F13F413
:108FB000800FDDD1D9E7F1EE103A13F0807F1EBFAC
:108FC00001F000410020704713F4006F08BF7047A4
:108FD0002DE9F050FFF79EFC04F5C064A4F10104F4
:108FE000314301EB0451BDE8F0504CF0005C4CF013
:108FF000800C00F0AEBA00001CF0700F08BF0A46EB
:109000000FB4F1EE101A0CF0405030EA814318BF53
:109010004CF0804C4FEA4C0310EA814F4FEAD36387
:1090200023EA112318BF23F0100341EA030101F0E2
:10903000E073E1EE101A4CEA030C0CF00F030A2B5C
:109040001DBF082B0CF070034CEAC30C4FF4003327
:1090500004BF33EA0C034CF4400C1CF0005F14D145
:109060001CF0805F0BD11CF0804F31D11CF0006FE1
:1090700012D111F4807F0FBC62D000F06ABA11F4F3
:10908000806F0FBC2BD000F064BA11F4006F0FBCDE
:1090900008BF704700F05DBA11F4007F0FBC40F0CC
:1090A00058821CF0400F1EBF4FF0004040F00100FE
:1090B00070471CF0100F14BF81EA030242400CF00D
:1090C0000F000A2808BF4FF0FF324FF0000326E0E0
:1090D00011F4805F0FBC08BF704700F03ABAF1EEA0
:1090E000103A2CF0805C1CF0800F14BF01F000429D
:1090F00000F0004212420CBF12EA336F12EAF35F33
:109100000DD31CF0100F1DBF30A003C81143314810
:1091100008BF104313F4805F40F01B8270471CF0BF
:10912000100F02F000421DBF0FF2940003C811435C
:10913000254808BF104313F4805F40F00A8270474F
:109140001CF0400F40F028801CF4404F1BD01CF452
:10915000004F1CBF194610460CF4807218BF8CEAF1
:10916000520C1CF0800F0CBF40F4800041F4002131
:109170008CEADC0313F0100F1CBF2CF00F0C4CF02A
:10918000080C00F08DB91CF0100F1ABF12A393E861
:109190000300134800F084B91CF0800F14BF01F0E5
:1091A000004200F000421CF0100F1BBF0AA393E81E
:1091B00003000B48114308BF104300F071B900BF12
:1091C000000000000000F07F0000807FFFFFFFFF35
:1091D000FFFFEF7FFFFF7F7F000000000000F87FB0
:1091E0000000C07F43004FEAD30C4FEA3C0C4340E1
:1091F0001FBF40070CF1605113F0FE4F70471CF089
:10920000006F14D133F0004004BF1946704783EA61
:10921000830383EA430303F0070343EACC010CF022
:10922000004303F15A5303F54013FFF780B90CF0E4
:10923000004343EA507010B540EACC0000F00FF84C
:10924000000000BA180000044FEA0001FFF765BBF8
:109250004FEAE0024FEA407042F0E04170470EF101
:10926000020E2EF0030E4FEA40025EF8084B12F198
:10927000807218BFB2F5000F22D3244207D44FEA00
:10928000410313F1807318BFB3F5000F18D34FEAF1
:10929000400C1CF5000F16D2244204D44FEA410CB6
:1092A0001CF5000F0FD2002A10D14FEAD07C002B02
:1092B0000CEB4C0C0CF1020C08BF4CEBD17C07E022
:1092C0004FF0090C04E04FF0080C01E04FEAD17CAC
:1092D0000CEB4C0324FA03F404F00704B4F1040C7F
:1092E00006D20EEB840CBDE810404CF0010C604738
:1092F000DFE80CF01F2013025EF804CC1B2B08D112
:10930000002A88BFB2F5000F34BF4CF4804C4CF4F7
:10931000004CBDE81040FFF76FBE002A88BFB2F1D5
:10932000807F28BF084610BD4FF00040A0F58000A8
:1093300010BD0846420018BFD2F1807284BF5EF8AB
:10934000042C22F08062BDE8104000F28A80704751
:109350004FF00000E1EE100A7047FF2141EAD050C3
:10936000C0057047F1EE101A11F0807F1CBF00F0AD
:109370000040704711F4006F40F08E8000F0004311
:1093800043EAD05323F48073C3F1C10323F00041B7
:10939000172941D8C3F1200310FA03F1C3F12003C8
:1093A00020F07F4040F4000020FA03F003F0004377
:1093B00040EA030019D00B46F1EE101A41F0080103
:1093C000E1EE101A11F4400F1CD1590009D318BF57
:1093D000401C06D17FEAE27398BF401C38BF20F0E2
:1093E000010042F0804CFFF707BE12F0804F08BF2B
:1093F0007047F1EE101A944641F00801E1EE101AA0
:10940000FFF7FABD10F0004F14BF5FEAF1535FEAB7
:10941000316338BF401CE4E7182903EB912318BFE0
:109420006FF000410131F1EE101A41F00801E1EE58
:10943000101A11F4400F18BF03F00040E2D168BFCA
:1094400003F0004009D6400203F0004000F10100A3
:1094500004BF12F0004F20F001004FF0804CFFF7E6
:10946000CBBDF1EE101A11F0807F1CBF00F0004060
:10947000704711F4006F08BF704700F0004120F002
:109480000040B0FA80F3A3F1080341F0C04100FAB4
:1094900003F0A1EBC351084442F0005C00F059B85E
:1094A0000CF00F03092B08BF082000F064800A2B82
:1094B00032D0082B18BF704708BF1CF0400F31D0C6
:1094C0001CF4803F23D11CF0200F11D11CF0100F91
:1094D0000BBF02460A466FF000406FF0004118BF14
:1094E0004FF0FF3012F0004F1CBFC043C94370471C
:1094F0001CF0100F0CBF02460A4612F0004F4FF04E
:10950000FF304FF0FF311CBFC043C94370474FF0DD
:1095100000004FF0000170471CF0400F18BF4FF0E3
:10952000004070471CF0100F08D020F0704300F08E
:109530007F4242EAD3014FEA4370704700F0604037
:1095400021F07F4242EA000201F07F4040EA72705F
:1095500070472DE900502DE90050E7F773FEBDE894
:109560000050BDE800500CF00F0393F0090F18BF36
:109570007047AFF300801CF4801F24D01CF4E02F50
:1095800009D010F0080F02D1D0F1020070476FEA45
:10959000CC31490070474FF0604111EA407028BF5C
:1095A00040F04050F1EE103A23F0704343EA0003DC
:1095B000E1EE103AEFF3008222F0704242EA00023C
:1095C00082F3008870471CEA004018BF01207047F2
:1095D00074A40108D938010802000000000000004E
:1095E0000004000000000000000000006CA401085E
:1095F000DDA80008010000000000000000040000D9
:10960000000000000000000090A40108F9270108F4
:109610000100000000000000000200000000000047
:109620000000000044A40108495B0108010000009B
:109630000000000000010000000000000000000029
:1096400060A40108C1A4000801000000000000009F
:10965000000400000000000000000000A8A40108B1
:10966000E1680108010000000000000000020000A5
:1096700000000000000000009CA401086F21000809
:1096800001000000000000000001000000000000D8
:109690000000000054A40108EFA800080100000029
:1096A00000000000000100000000000000000000B9
:1096B00030A4010811AD0008010000000000000006
:1096C0000002000000000000000000003CA40108AF
:1096D000A5BB00080100000000000000000400001D
:1096E000000000000000000080A40108014B0108F8
:1096F0000100000000000000000200000000000067
:109700000000000000061016000610160000000001
:109710000000000001020304060708090000000021
:10972000010203040000803F000000000000000070
:109730000000000000000000000000000000000029
:109740000000803F0000000000000000000000005A
:109750000000000000000000000000000000803F4A
:1097600000000000000000000000000000000000F9
:1097700000000000000000000000803F000000002A
:1097800000000000000000000000000000000000D9
:10979000000000000000803F00000000000000000A
:1097A00000000000000000000000000000000000B9
:1097B0000000803FFF005EBCE2613FDD83C29C7E13
:1097C00020A3FD1F419DC3217FFCA2401E5F01E33A
:1097D000BD3E6082DC237D9FC1421CFEA0E1BF5DD7
:1097E0000380DE3C62BEE0025CDF81633D7C22C020
:1097F0009E1D43A1FF4618FAA427799BC584DA3839
:1098000066E5BB5907DB856739BAE406581947A5F1
:10981000FB7826C49A653BD987045AB8E6A7F91B9A
:1098200045C6987A24F8A6441A99C7257B3A6486D7
:10983000D85B05E7B98CD2306EEDB3510F4E10F204
:10984000AC2F7193CD114FADF3702ECC92D38D6FA1
:1098500031B2EC0E50AFF1134DCE90722C6D33D16E
:109860008F0C52B0EE326C8ED0530DEFB1F0AE4C87
:109870001291CF2D73CA947628ABF517490856B4C8
:10988000EA6937D58B5709EBB536688AD495CB2969
:1098900077F4AA4816E9B7550B88D6346A2B759722
:1098A000C94A14F6A8742AC896154BA9F7B6E80A4F
:1098B00054D7896B35000000891112239B3224464E
:1098C000AD573665BF74488CC19D5AAFD3BE6CCAC4
:1098D000E5DB7EE9F7F88110080193331A22A556DB
:1098E0002C47B7753E64C99C408DDBBF52AEEDDAA4
:1098F00064CBFFF976E802218B30100299132667BA
:10990000AF763444BD554AADC3BC588ED19F6EEB83
:10991000E7FA7CC8F5D983310A2091121803A7779A
:109920002E66B5543C45CBBD42ACD99E508FEFFB63
:1099300066EAFDD874C904428D5316619F702004F5
:10994000A9153227BB364CCEC5DF5EEDD7FC688843
:10995000E1997AABF3BA85520C4397711E60A1145A
:109960002805B3373A26CDDE44CFDFFD56ECE99823
:109970006089FBBB72AA06638F7214409D51222539
:10998000AB343006B9174EEFC7FE5CCCD5DD6AA903
:10999000E3B8788AF19B87730E6295501C41A3351A
:1099A0002A24B1163807CFFF46EEDDDC54CDEBB9E3
:1099B00062A8F99A708B088481951AA793B62CC275
:1099C000A5D33EE1B7F04008C919522BDB3A644EEB
:1099D000ED5F766DFF7C899400859BB712A6ADD2B2
:1099E00024C3BFF136E0C1184809D33B5A2AE55ECB
:1099F0006C4FF77D7E6C0AA583B4188691972EE391
:109A0000A7F23CC0B5D14229CB38500AD91B666FAA
:109A1000EF7E744CFD5D8BB502A499961087AFF371
:109A200026E2BDD034C1C3394A28D11A580BE77F8A
:109A30006E6EF55C7C4D0CC685D71EE597F42880CC
:109A4000A1913AA3B3B2444ACD5B5669DF78600C6A
:109A5000E91D722FFB3E8DD604C79FF516E4A99031
:109A60002081BBB332A2C55A4C4BD7795E68E11C4A
:109A7000680DF33F7A2E0EE787F61CC495D52AA110
:109A8000A3B03882B193466BCF7A5448DD59622D2A
:109A9000EB3C700EF91F8FF706E69DD414C5ABB1F1
:109AA00022A0B9923083C77B4E6AD5585C49E33D0A
:109AB0006A2CF11E780F00000000803F00000000BB
:109AC00000000000000000000000803F00000000D7
:109AD00000000000000000000000803F00000000C7
:109AE00000000000C3F51C4100000000920E493C3C
:109AF000B10AC93C2BC3163D2EFB483D752B7B3D5F
:109B000004A9963D80B6AF3D36BDC83D2FBCE13DB2
:109B100073B2FA3D87CF093E8340163EB5AB223E75
:109B2000A2102F3ECF6E3B3EC2C5473E0115543EAC
:109B3000135C603E7F9A6C3ECCCF783EC07D823E07
:109B4000938E883E229A8E3E32A0943E86A09A3E04
:109B5000E59AA03E128FA63ED47CAC3EEF63B23EA7
:109B60002A44B83E491DBE3E15EFC33E53B9C93E17
:109B7000CA7BCF3E4136D53E80E8DA3E4F92E03E8A
:109B80007533E63EBBCBEB3EEA5AF13ECBE0F63E08
:109B9000275DFC3EE4E7003F3D9C033F824B063FD0
:109BA0009BF5083F6B9A0B3FDA390E3FCDD3103F40
:109BB0002A68133FD9F6153FC07F183FC6021B3FE6
:109BC000D17F1D3FCBF61F3F9967223F25D2243F0F
:109BD0005636273F1594293F4AEB2B3FDE3B2E3F5D
:109BE000BB85303FC9C8323FF304353F233A373F86
:109BF0004268393F3B8F3B3FF9AE3D3F67C73F3F30
:109C000070D8413F01E2433F03E4453F65DE473FF3
:109C100012D1493FF8BB4B3F029F4D3F207A4F3F47
:109C20003D4D513F4918533F31DB543FE595563F79
:109C30005348583F6AF2593F1A945B3F532D5D3F9A
:109C400005BE5E3F2146603F97C5613F5A3C633F7A
:109C500059AA643F880F663FD86B673F3CBF683F97
:109C6000A7096A3F0C4B6B3F5E836C3F93B26D3F1D
:109C70009ED86E3F73F56F3F0809713F5213723FD4
:109C80004714733FDD0B743F0BFA743FC6DE753F1C
:109C900007BA763FC58B773FF853783F9812793FE4
:109CA0009DC7793F02737A3FBE147B3FCDAC7B3FAB
:109CB000283B7C3FC9BF7C3FAC3A7D3FCCAB7D3F6E
:109CC00023137E3FB0707E3F6DC47E3F580E7F3FB2
:109CD0006D4E7F3FAB847F3F0FB17F3F97D37F3F78
:109CE00043EC7F3F11FB7F3F0000803F11FB7F3F34
:109CF00043EC7F3F97D37F3F0FB17F3FAB847F3FE4
:109D00006D4E7F3F580E7F3F6DC47E3FB0707E3FEB
:109D100023137E3FCCAB7D3FAC3A7D3FC9BF7C3F38
:109D2000283B7C3FCDAC7B3FBE147B3F02737A3F28
:109D30009DC7793F9812793FF853783FC58B773F9D
:109D400007BA763FC6DE753F0BFA743FDD0B743FF2
:109D50004714733F5213723F0809713F73F56F3F09
:109D60009ED86E3F93B26D3F5E836C3F0C4B6B3F52
:109D7000A7096A3F3CBF683FD86B673F880F663FC3
:109D800059AA643F5A3C633F97C5613F2146603FF3
:109D900005BE5E3F532D5D3F1A945B3F6AF2593F0B
:109DA0005348583FE595563F31DB543F4918533FE0
:109DB0003D4D513F207A4F3F029F4D3FF8BB4B3FF7
:109DC00012D1493F65DE473F03E4453F01E2433F8F
:109DD00070D8413F67C73F3FF9AE3D3F3B8F3B3FA8
:109DE0004268393F233A373FF304353FC9C8323F11
:109DF000BB85303FDE3B2E3F4AEB2B3F1594293F7E
:109E00005636273F25D2243F9967223FCBF61F3F86
:109E1000D17F1D3FC6021B3FC07F183FD9F6153FBB
:109E20002A68133FCDD3103FDA390E3F6B9A0B3FB0
:109E30009BF5083F824B063F3D9C033FE4E7003F14
:109E4000275DFC3ECBE0F63EEA5AF13EBBCBEB3E53
:109E50007533E63E4F92E03E80E8DA3E4136D53E2D
:109E6000CA7BCF3E53B9C93E15EFC33E491DBE3E26
:109E70002A44B83EEF63B23ED47CAC3E128FA63E7D
:109E8000E59AA03E86A09A3E32A0943E229A8E3E4B
:109E9000938E883EC07D823ECCCF783E7F9A6C3ECA
:109EA000135C603E0115543EC2C5473ECF6E3B3E3B
:109EB000A2102F3EB5AB223E8340163E87CF093E0F
:109EC00073B2FA3D2FBCE13D36BDC83D80B6AF3D13
:109ED00004A9963D752B7B3D2EFB483D2BC3163DBB
:109EE000B10AC93C920E493C00000000920E49BCE8
:109EF000B10AC9BC2BC316BD2EFB48BD752B7BBD5B
:109F000004A996BD80B6AFBD36BDC8BD2FBCE1BDAE
:109F100073B2FABD87CF09BE834016BEB5AB22BE71
:109F2000A2102FBECF6E3BBEC2C547BE011554BEA8
:109F3000135C60BE7F9A6CBECCCF78BEC07D82BE03
:109F4000938E88BE229A8EBE32A094BE86A09ABE00
:109F5000E59AA0BE128FA6BED47CACBEEF63B2BEA3
:109F60002A44B8BE491DBEBE15EFC3BE53B9C9BE13
:109F7000CA7BCFBE4136D5BE80E8DABE4F92E0BE86
:109F80007533E6BEBBCBEBBEEA5AF1BECBE0F6BE04
:109F9000275DFCBEE4E700BF3D9C03BF824B06BFCC
:109FA0009BF508BF6B9A0BBFDA390EBFCDD310BF3C
:109FB0002A6813BFD9F615BFC07F18BFC6021BBFE2
:109FC000D17F1DBFCBF61FBF996722BF25D224BF0B
:109FD000563627BF159429BF4AEB2BBFDE3B2EBF59
:109FE000BB8530BFC9C832BFF30435BF233A37BF82
:109FF000426839BF3B8F3BBFF9AE3DBF67C73FBF2C
:10A0000070D841BF01E243BF03E445BF65DE47BFEF
:10A0100012D149BFF8BB4BBF029F4DBF207A4FBF43
:10A020003D4D51BF491853BF31DB54BFE59556BF75
:10A03000534858BF6AF259BF1A945BBF532D5DBF96
:10A0400005BE5EBF214660BF97C561BF5A3C63BF76
:10A0500059AA64BF880F66BFD86B67BF3CBF68BF93
:10A06000A7096ABF0C4B6BBF5E836CBF93B26DBF19
:10A070009ED86EBF73F56FBF080971BF521372BFD0
:10A08000471473BFDD0B74BF0BFA74BFC6DE75BF18
:10A0900007BA76BFC58B77BFF85378BF981279BFE0
:10A0A0009DC779BF02737ABFBE147BBFCDAC7BBFA7
:10A0B000283B7CBFC9BF7CBFAC3A7DBFCCAB7DBF6A
:10A0C00023137EBFB0707EBF6DC47EBF580E7FBFAE
:10A0D0006D4E7FBFAB847FBF0FB17FBF97D37FBF74
:10A0E00043EC7FBF11FB7FBF000080BF11FB7FBF30
:10A0F00043EC7FBF97D37FBF0FB17FBFAB847FBFE0
:10A100006D4E7FBF580E7FBF6DC47EBFB0707EBFE7
:10A1100023137EBFCCAB7DBFAC3A7DBFC9BF7CBF34
:10A12000283B7CBFCDAC7BBFBE147BBF02737ABF24
:10A130009DC779BF981279BFF85378BFC58B77BF99
:10A1400007BA76BFC6DE75BF0BFA74BFDD0B74BFEE
:10A15000471473BF521372BF080971BF73F56FBF05
:10A160009ED86EBF93B26DBF5E836CBF0C4B6BBF4E
:10A17000A7096ABF3CBF68BFD86B67BF880F66BFBF
:10A1800059AA64BF5A3C63BF97C561BF214660BFEF
:10A1900005BE5EBF532D5DBF1A945BBF6AF259BF07
:10A1A000534858BFE59556BF31DB54BF491853BFDC
:10A1B0003D4D51BF207A4FBF029F4DBFF8BB4BBFF3
:10A1C00012D149BF65DE47BF03E445BF01E243BF8B
:10A1D00070D841BF67C73FBFF9AE3DBF3B8F3BBFA4
:10A1E000426839BF233A37BFF30435BFC9C832BF0D
:10A1F000BB8530BFDE3B2EBF4AEB2BBF159429BF7A
:10A20000563627BF25D224BF996722BFCBF61FBF82
:10A21000D17F1DBFC6021BBFC07F18BFD9F615BFB7
:10A220002A6813BFCDD310BFDA390EBF6B9A0BBFAC
:10A230009BF508BF824B06BF3D9C03BFE4E700BF10
:10A24000275DFCBECBE0F6BEEA5AF1BEBBCBEBBE4F
:10A250007533E6BE4F92E0BE80E8DABE4136D5BE29
:10A26000CA7BCFBE53B9C9BE15EFC3BE491DBEBE22
:10A270002A44B8BEEF63B2BED47CACBE128FA6BE79
:10A28000E59AA0BE86A09ABE32A094BE229A8EBE47
:10A29000938E88BEC07D82BECCCF78BE7F9A6CBEC6
:10A2A000135C60BE011554BEC2C547BECF6E3BBE37
:10A2B000A2102FBEB5AB22BE834016BE87CF09BE0B
:10A2C00073B2FABD2FBCE1BD36BDC8BD80B6AFBD0F
:10A2D00004A996BD752B7BBD2EFB48BD2BC316BDB7
:10A2E000B10AC9BC920E49BC000000800000000009
:10A2F0004C5555555555A53F7751C1166CC156BFA4
:10A300009015CB19A001FA3EAD529C804F7E92BEB3
:10A31000C4B1B4BD9EEE213ED43888BEE9FAA8BDD2
:10A3200000004054FB21F93F3163621A61B4D03D13
:10A330000000601A61B4D03D7370032E8A19A33BEC
:10A340000000002E8A19A33BC14920259A837B393E
:10A3500000000000000000006E83F9A22915444EA1
:10A36000D15727FCC0DD34F5999562DB4190433C21
:10A37000AB6351FE61C5BBDE3A6E24B7E0D24D42FD
:10A38000EA2E49061C92D1091CEB1DFE3EA729B1FD
:10A39000F53582E88444BB2E26709CE9417E5FB48B
:10A3A00039D69139F43953838B5F849C3B28F9BDAE
:10A3B000FF97F81F0F9805DE8B112FEF1F6D0A5ABC
:10A3C000CF7E366DB709CB27663F464F2DEA5F9E9D
:10A3D000C7BA27757BF1E5EBF739073DEA92528A58
:10A3E000B15FFB6B085D8D1F000000006E83F9A25A
:10A3F0002915444ED15727FCC0DD34F5999562DB11
:10A400004190433CAB6351FEA6F810111111813FFE
:10A41000D561C119A0012ABF7DFEB157E31DC73E1A
:10A42000EB9C2B8AE6E55ABE7CD5CF5A3AD9E53D5E
:10A430006D795461736B30390000000055495F54E9
:10A4400041534B0063757272656E745F73656E6421
:10A4500000000000564F46415461736B000000003D
:10A46000524546455245455461736B00494E53541D
:10A4700061736B0067696D62616C5461736B00009E
:10A480004E617669676174696F6E5461736B000029
:10A49000636861737369735461736B006465746599
:10A4A00063745F7461736B0074697267676572745B
:10A4B00061736B0043000000470000004B00000088
:10A4C000530000005A000000E8A40108000000202A
:10A4D000D0080000C4010008B4A60108D00800207C
:10A4E00070F500002002000801301349EA1B0891B2
:10A4F000041AA1041ACD04130DEB1B0815081A59F0
:10A50000041312011402020216408304405726026B
:10A5100001020301071A040309041A0313D51A1BC5
:10A5200008D1041A8D041AF90413251BC20832102D
:10A53000194721035D24F41AAA01C102180708086B
:10A540001250C347CDCCCC3D0409531C110B1AC883
:10A55000421C01464B4040041159040B14803F1C1F
:10A560002918691C39080911347924091118A9140A
:10A57000092A30290439847995C918A904092AC4FB
:10A58000691C094AC4A9A8E918E91CE9C46930E9A9
:10A59000D06918691C0912E409169CA988A904014C
:10A5A00020A990E980A984A970A9E0011A80093343
:10A5B00033EB3A58A08B3A3201157D04017C100F21
:10A5C0000240AB034101055308065804070F160863
:10A5D00010810911160A15800B16450C18010D0380
:10A5E000AC70170397FFFFA63F0AD7233C1B2041FF
:10A5F0000422C11BA040040239C06201AD9D0A7350
:10A600003404BC93D79404ADA2453E3F0401121A12
:10A61000A09001348B66433C29D4410A35C84CC113
:10A62000034820422D6666E63F04016212030528B6
:10A63000030103011EB4A40108B8041AC0041ABC23
:10A64000041AC404012814810182130A0632022A62
:10A6500040711409024313020125C03209041B0191
:10A66000020B13052416100105240110090104240E
:10A6700002020524061701070582030815100904C4
:10A680000133020A2E0705010240072A8107111330
:10A69000CDE5140839E41408CDE739881AD10C1334
:10A6A00081E31B08F904C11A51281A15041A9104F0
:04A6B0001A0904007F
:040000050800018965
:00000001FF
